CapacityId,DatacentreId,Region,FabricSku,CapacityUnits,DeployedUnits,SupportsFreeViewers,IsSynthetic,Provenance,SubscriptionId,TenantId
southcentralus-dc01-cap01,southcentralus-dc01,southcentralus,F64,64,128,True,True,"SYNTHETIC - generated, not a business source: region deployed units split unevenly across sites, then expressed on the real Fabric SKU ladder; holder assigned from the real subscriptions in the extract, weighted by capacity each account requested in that region",bf409e3f-73a7-4e8c-91ca-85c52d51337b,273d75b3-526d-4729-9346-d584552de3b8
southcentralus-dc01-cap02,southcentralus-dc01,southcentralus,F16,16,32,False,True,"SYNTHETIC - generated, not a business source: region deployed units split unevenly across sites, then expressed on the real Fabric SKU ladder; holder assigned from the real subscriptions in the extract, weighted by capacity each account requested in that region",52f9c816-c626-47fa-8f55-a067dfc2ffdd,14b51215-081d-4680-87fb-3068a92160dc
southcentralus-dc01-cap03,southcentralus-dc01,southcentralus,F8,8,16,False,True,"SYNTHETIC - generated, not a business source: region deployed units split unevenly across sites, then expressed on the real Fabric SKU ladder; holder assigned from the real subscriptions in the extract, weighted by capacity each account requested in that region",bf409e3f-73a7-4e8c-91ca-85c52d51337b,273d75b3-526d-4729-9346-d584552de3b8
southcentralus-dc01-cap04,southcentralus-dc01,southcentralus,F4,4,8,False,True,"SYNTHETIC - generated, not a business source: region deployed units split unevenly across sites, then expressed on the real Fabric SKU ladder; holder assigned from the real subscriptions in the extract, weighted by capacity each account requested in that region",52f9c816-c626-47fa-8f55-a067dfc2ffdd,14b51215-081d-4680-87fb-3068a92160dc
southcentralus-dc02-cap01,southcentralus-dc02,southcentralus,F32,32,64,False,True,"SYNTHETIC - generated, not a business source: region deployed units split unevenly across sites, then expressed on the real Fabric SKU ladder; holder assigned from the real subscriptions in the extract, weighted by capacity each account requested in that region",bf409e3f-73a7-4e8c-91ca-85c52d51337b,273d75b3-526d-4729-9346-d584552de3b8
southcentralus-dc03-cap01,southcentralus-dc03,southcentralus,F32,32,64,False,True,"SYNTHETIC - generated, not a business source: region deployed units split unevenly across sites, then expressed on the real Fabric SKU ladder; holder assigned from the real subscriptions in the extract, weighted by capacity each account requested in that region",bf409e3f-73a7-4e8c-91ca-85c52d51337b,273d75b3-526d-4729-9346-d584552de3b8
southcentralus-dc03-cap02,southcentralus-dc03,southcentralus,F4,4,8,False,True,"SYNTHETIC - generated, not a business source: region deployed units split unevenly across sites, then expressed on the real Fabric SKU ladder; holder assigned from the real subscriptions in the extract, weighted by capacity each account requested in that region",bf409e3f-73a7-4e8c-91ca-85c52d51337b,273d75b3-526d-4729-9346-d584552de3b8
southcentralus-dc03-cap03,southcentralus-dc03,southcentralus,F2,2,4,False,True,"SYNTHETIC - generated, not a business source: region deployed units split unevenly across sites, then expressed on the real Fabric SKU ladder; holder assigned from the real subscriptions in the extract, weighted by capacity each account requested in that region",343ddfa6-a60c-4e11-8164-105b6791e4f9,4d88cea1-2e20-4c16-a8b7-7e8e9619d5f2
southcentralus-dc04-cap01,southcentralus-dc04,southcentralus,F32,32,64,False,True,"SYNTHETIC - generated, not a business source: region deployed units split unevenly across sites, then expressed on the real Fabric SKU ladder; holder assigned from the real subscriptions in the extract, weighted by capacity each account requested in that region",bf409e3f-73a7-4e8c-91ca-85c52d51337b,273d75b3-526d-4729-9346-d584552de3b8
southcentralus-dc04-cap02,southcentralus-dc04,southcentralus,F4,4,8,False,True,"SYNTHETIC - generated, not a business source: region deployed units split unevenly across sites, then expressed on the real Fabric SKU ladder; holder assigned from the real subscriptions in the extract, weighted by capacity each account requested in that region",52f9c816-c626-47fa-8f55-a067dfc2ffdd,14b51215-081d-4680-87fb-3068a92160dc
southcentralus-dc05-cap01,southcentralus-dc05,southcentralus,F64,64,128,True,True,"SYNTHETIC - generated, not a business source: region deployed units split unevenly across sites, then expressed on the real Fabric SKU ladder; holder assigned from the real subscriptions in the extract, weighted by capacity each account requested in that region",52f9c816-c626-47fa-8f55-a067dfc2ffdd,14b51215-081d-4680-87fb-3068a92160dc
southcentralus-dc05-cap02,southcentralus-dc05,southcentralus,F4,4,8,False,True,"SYNTHETIC - generated, not a business source: region deployed units split unevenly across sites, then expressed on the real Fabric SKU ladder; holder assigned from the real subscriptions in the extract, weighted by capacity each account requested in that region",52f9c816-c626-47fa-8f55-a067dfc2ffdd,14b51215-081d-4680-87fb-3068a92160dc
southcentralus-dc06-cap01,southcentralus-dc06,southcentralus,F32,32,64,False,True,"SYNTHETIC - generated, not a business source: region deployed units split unevenly across sites, then expressed on the real Fabric SKU ladder; holder assigned from the real subscriptions in the extract, weighted by capacity each account requested in that region",bf409e3f-73a7-4e8c-91ca-85c52d51337b,273d75b3-526d-4729-9346-d584552de3b8
southcentralus-dc06-cap02,southcentralus-dc06,southcentralus,F16,16,32,False,True,"SYNTHETIC - generated, not a business source: region deployed units split unevenly across sites, then expressed on the real Fabric SKU ladder; holder assigned from the real subscriptions in the extract, weighted by capacity each account requested in that region",52f9c816-c626-47fa-8f55-a067dfc2ffdd,14b51215-081d-4680-87fb-3068a92160dc
southcentralus-dc07-cap01,southcentralus-dc07,southcentralus,F16,16,32,False,True,"SYNTHETIC - generated, not a business source: region deployed units split unevenly across sites, then expressed on the real Fabric SKU ladder; holder assigned from the real subscriptions in the extract, weighted by capacity each account requested in that region",52f9c816-c626-47fa-8f55-a067dfc2ffdd,14b51215-081d-4680-87fb-3068a92160dc
southcentralus-dc07-cap02,southcentralus-dc07,southcentralus,F8,8,16,False,True,"SYNTHETIC - generated, not a business source: region deployed units split unevenly across sites, then expressed on the real Fabric SKU ladder; holder assigned from the real subscriptions in the extract, weighted by capacity each account requested in that region",52f9c816-c626-47fa-8f55-a067dfc2ffdd,14b51215-081d-4680-87fb-3068a92160dc
southcentralus-dc07-cap03,southcentralus-dc07,southcentralus,F4,4,8,False,True,"SYNTHETIC - generated, not a business source: region deployed units split unevenly across sites, then expressed on the real Fabric SKU ladder; holder assigned from the real subscriptions in the extract, weighted by capacity each account requested in that region",bf409e3f-73a7-4e8c-91ca-85c52d51337b,273d75b3-526d-4729-9346-d584552de3b8
southcentralus-dc08-cap01,southcentralus-dc08,southcentralus,F8,8,16,False,True,"SYNTHETIC - generated, not a business source: region deployed units split unevenly across sites, then expressed on the real Fabric SKU ladder; holder assigned from the real subscriptions in the extract, weighted by capacity each account requested in that region",52f9c816-c626-47fa-8f55-a067dfc2ffdd,14b51215-081d-4680-87fb-3068a92160dc
southcentralus-dc08-cap02,southcentralus-dc08,southcentralus,F4,4,8,False,True,"SYNTHETIC - generated, not a business source: region deployed units split unevenly across sites, then expressed on the real Fabric SKU ladder; holder assigned from the real subscriptions in the extract, weighted by capacity each account requested in that region",65b87677-1475-49fa-b11c-3fa1c73dca84,25455f57-3bae-4aef-8890-ead00b197d32
southcentralus-dc08-cap03,southcentralus-dc08,southcentralus,F2,2,4,False,True,"SYNTHETIC - generated, not a business source: region deployed units split unevenly across sites, then expressed on the real Fabric SKU ladder; holder assigned from the real subscriptions in the extract, weighted by capacity each account requested in that region",bf409e3f-73a7-4e8c-91ca-85c52d51337b,273d75b3-526d-4729-9346-d584552de3b8
southcentralus-dc09-cap01,southcentralus-dc09,southcentralus,F16,16,32,False,True,"SYNTHETIC - generated, not a business source: region deployed units split unevenly across sites, then expressed on the real Fabric SKU ladder; holder assigned from the real subscriptions in the extract, weighted by capacity each account requested in that region",bf409e3f-73a7-4e8c-91ca-85c52d51337b,273d75b3-526d-4729-9346-d584552de3b8
southcentralus-dc09-cap02,southcentralus-dc09,southcentralus,F8,8,16,False,True,"SYNTHETIC - generated, not a business source: region deployed units split unevenly across sites, then expressed on the real Fabric SKU ladder; holder assigned from the real subscriptions in the extract, weighted by capacity each account requested in that region",bf409e3f-73a7-4e8c-91ca-85c52d51337b,273d75b3-526d-4729-9346-d584552de3b8
southcentralus-dc09-cap03,southcentralus-dc09,southcentralus,F2,2,4,False,True,"SYNTHETIC - generated, not a business source: region deployed units split unevenly across sites, then expressed on the real Fabric SKU ladder; holder assigned from the real subscriptions in the extract, weighted by capacity each account requested in that region",52f9c816-c626-47fa-8f55-a067dfc2ffdd,14b51215-081d-4680-87fb-3068a92160dc
southcentralus-dc10-cap01,southcentralus-dc10,southcentralus,F16,16,32,False,True,"SYNTHETIC - generated, not a business source: region deployed units split unevenly across sites, then expressed on the real Fabric SKU ladder; holder assigned from the real subscriptions in the extract, weighted by capacity each account requested in that region",52f9c816-c626-47fa-8f55-a067dfc2ffdd,14b51215-081d-4680-87fb-3068a92160dc
southcentralus-dc10-cap02,southcentralus-dc10,southcentralus,F8,8,16,False,True,"SYNTHETIC - generated, not a business source: region deployed units split unevenly across sites, then expressed on the real Fabric SKU ladder; holder assigned from the real subscriptions in the extract, weighted by capacity each account requested in that region",52f9c816-c626-47fa-8f55-a067dfc2ffdd,14b51215-081d-4680-87fb-3068a92160dc
southcentralus-dc10-cap03,southcentralus-dc10,southcentralus,F4,4,8,False,True,"SYNTHETIC - generated, not a business source: region deployed units split unevenly across sites, then expressed on the real Fabric SKU ladder; holder assigned from the real subscriptions in the extract, weighted by capacity each account requested in that region",bf409e3f-73a7-4e8c-91ca-85c52d51337b,273d75b3-526d-4729-9346-d584552de3b8
southcentralus-dc10-cap04,southcentralus-dc10,southcentralus,F2,2,4,False,True,"SYNTHETIC - generated, not a business source: region deployed units split unevenly across sites, then expressed on the real Fabric SKU ladder; holder assigned from the real subscriptions in the extract, weighted by capacity each account requested in that region",52f9c816-c626-47fa-8f55-a067dfc2ffdd,14b51215-081d-4680-87fb-3068a92160dc
centralindia-dc01-cap01,centralindia-dc01,centralindia,F16,16,32,False,True,"SYNTHETIC - generated, not a business source: region deployed units split unevenly across sites, then expressed on the real Fabric SKU ladder; holder assigned from the real subscriptions in the extract, weighted by capacity each account requested in that region",9e601720-6c49-4cd6-9ca3-66a474dd18ca,9f3d0aaa-a767-4745-bb3b-6da89db1e611
centralindia-dc01-cap02,centralindia-dc01,centralindia,F4,4,8,False,True,"SYNTHETIC - generated, not a business source: region deployed units split unevenly across sites, then expressed on the real Fabric SKU ladder; holder assigned from the real subscriptions in the extract, weighted by capacity each account requested in that region",9e601720-6c49-4cd6-9ca3-66a474dd18ca,9f3d0aaa-a767-4745-bb3b-6da89db1e611
centralindia-dc01-cap03,centralindia-dc01,centralindia,F2,2,4,False,True,"SYNTHETIC - generated, not a business source: region deployed units split unevenly across sites, then expressed on the real Fabric SKU ladder; holder assigned from the real subscriptions in the extract, weighted by capacity each account requested in that region",a64db328-74c9-48b6-863e-4925433f3578,9147ce84-92c9-4adf-b1aa-6f3482e999b0
centralindia-dc02-cap01,centralindia-dc02,centralindia,F8,8,16,False,True,"SYNTHETIC - generated, not a business source: region deployed units split unevenly across sites, then expressed on the real Fabric SKU ladder; holder assigned from the real subscriptions in the extract, weighted by capacity each account requested in that region",48840256-5fa3-4d7d-b554-6efb8066aafb,f79c09b4-e935-4c35-908f-922944f9a28d
centralindia-dc02-cap02,centralindia-dc02,centralindia,F2,2,4,False,True,"SYNTHETIC - generated, not a business source: region deployed units split unevenly across sites, then expressed on the real Fabric SKU ladder; holder assigned from the real subscriptions in the extract, weighted by capacity each account requested in that region",9e601720-6c49-4cd6-9ca3-66a474dd18ca,9f3d0aaa-a767-4745-bb3b-6da89db1e611
centralindia-dc03-cap01,centralindia-dc03,centralindia,F2,2,4,False,True,"SYNTHETIC - generated, not a business source: region deployed units split unevenly across sites, then expressed on the real Fabric SKU ladder; holder assigned from the real subscriptions in the extract, weighted by capacity each account requested in that region",8a894235-6495-4d29-a537-b4d5c9638a63,45383581-5435-4a2a-88e0-bea1466688d8
centralindia-dc04-cap01,centralindia-dc04,centralindia,F32,32,64,False,True,"SYNTHETIC - generated, not a business source: region deployed units split unevenly across sites, then expressed on the real Fabric SKU ladder; holder assigned from the real subscriptions in the extract, weighted by capacity each account requested in that region",9e601720-6c49-4cd6-9ca3-66a474dd18ca,9f3d0aaa-a767-4745-bb3b-6da89db1e611
centralindia-dc04-cap02,centralindia-dc04,centralindia,F16,16,32,False,True,"SYNTHETIC - generated, not a business source: region deployed units split unevenly across sites, then expressed on the real Fabric SKU ladder; holder assigned from the real subscriptions in the extract, weighted by capacity each account requested in that region",9e601720-6c49-4cd6-9ca3-66a474dd18ca,9f3d0aaa-a767-4745-bb3b-6da89db1e611
centralindia-dc04-cap03,centralindia-dc04,centralindia,F4,4,8,False,True,"SYNTHETIC - generated, not a business source: region deployed units split unevenly across sites, then expressed on the real Fabric SKU ladder; holder assigned from the real subscriptions in the extract, weighted by capacity each account requested in that region",9e601720-6c49-4cd6-9ca3-66a474dd18ca,9f3d0aaa-a767-4745-bb3b-6da89db1e611
centralindia-dc05-cap01,centralindia-dc05,centralindia,F16,16,32,False,True,"SYNTHETIC - generated, not a business source: region deployed units split unevenly across sites, then expressed on the real Fabric SKU ladder; holder assigned from the real subscriptions in the extract, weighted by capacity each account requested in that region",a64db328-74c9-48b6-863e-4925433f3578,9147ce84-92c9-4adf-b1aa-6f3482e999b0
centralindia-dc05-cap02,centralindia-dc05,centralindia,F8,8,16,False,True,"SYNTHETIC - generated, not a business source: region deployed units split unevenly across sites, then expressed on the real Fabric SKU ladder; holder assigned from the real subscriptions in the extract, weighted by capacity each account requested in that region",a64db328-74c9-48b6-863e-4925433f3578,9147ce84-92c9-4adf-b1aa-6f3482e999b0
centralindia-dc05-cap03,centralindia-dc05,centralindia,F4,4,8,False,True,"SYNTHETIC - generated, not a business source: region deployed units split unevenly across sites, then expressed on the real Fabric SKU ladder; holder assigned from the real subscriptions in the extract, weighted by capacity each account requested in that region",9e601720-6c49-4cd6-9ca3-66a474dd18ca,9f3d0aaa-a767-4745-bb3b-6da89db1e611
centralindia-dc06-cap01,centralindia-dc06,centralindia,F32,32,64,False,True,"SYNTHETIC - generated, not a business source: region deployed units split unevenly across sites, then expressed on the real Fabric SKU ladder; holder assigned from the real subscriptions in the extract, weighted by capacity each account requested in that region",a64db328-74c9-48b6-863e-4925433f3578,9147ce84-92c9-4adf-b1aa-6f3482e999b0
centralindia-dc06-cap02,centralindia-dc06,centralindia,F16,16,32,False,True,"SYNTHETIC - generated, not a business source: region deployed units split unevenly across sites, then expressed on the real Fabric SKU ladder; holder assigned from the real subscriptions in the extract, weighted by capacity each account requested in that region",9e601720-6c49-4cd6-9ca3-66a474dd18ca,9f3d0aaa-a767-4745-bb3b-6da89db1e611
centralindia-dc06-cap03,centralindia-dc06,centralindia,F2,2,4,False,True,"SYNTHETIC - generated, not a business source: region deployed units split unevenly across sites, then expressed on the real Fabric SKU ladder; holder assigned from the real subscriptions in the extract, weighted by capacity each account requested in that region",8a894235-6495-4d29-a537-b4d5c9638a63,45383581-5435-4a2a-88e0-bea1466688d8
centralindia-dc07-cap01,centralindia-dc07,centralindia,F16,16,32,False,True,"SYNTHETIC - generated, not a business source: region deployed units split unevenly across sites, then expressed on the real Fabric SKU ladder; holder assigned from the real subscriptions in the extract, weighted by capacity each account requested in that region",bf409e3f-73a7-4e8c-91ca-85c52d51337b,273d75b3-526d-4729-9346-d584552de3b8
centralindia-dc07-cap02,centralindia-dc07,centralindia,F8,8,16,False,True,"SYNTHETIC - generated, not a business source: region deployed units split unevenly across sites, then expressed on the real Fabric SKU ladder; holder assigned from the real subscriptions in the extract, weighted by capacity each account requested in that region",9e601720-6c49-4cd6-9ca3-66a474dd18ca,9f3d0aaa-a767-4745-bb3b-6da89db1e611
centralindia-dc07-cap03,centralindia-dc07,centralindia,F2,2,4,False,True,"SYNTHETIC - generated, not a business source: region deployed units split unevenly across sites, then expressed on the real Fabric SKU ladder; holder assigned from the real subscriptions in the extract, weighted by capacity each account requested in that region",9e601720-6c49-4cd6-9ca3-66a474dd18ca,9f3d0aaa-a767-4745-bb3b-6da89db1e611
centralindia-dc08-cap01,centralindia-dc08,centralindia,F8,8,16,False,True,"SYNTHETIC - generated, not a business source: region deployed units split unevenly across sites, then expressed on the real Fabric SKU ladder; holder assigned from the real subscriptions in the extract, weighted by capacity each account requested in that region",8a894235-6495-4d29-a537-b4d5c9638a63,45383581-5435-4a2a-88e0-bea1466688d8
centralindia-dc08-cap02,centralindia-dc08,centralindia,F2,2,4,False,True,"SYNTHETIC - generated, not a business source: region deployed units split unevenly across sites, then expressed on the real Fabric SKU ladder; holder assigned from the real subscriptions in the extract, weighted by capacity each account requested in that region",9e601720-6c49-4cd6-9ca3-66a474dd18ca,9f3d0aaa-a767-4745-bb3b-6da89db1e611
centralindia-dc09-cap01,centralindia-dc09,centralindia,F8,8,16,False,True,"SYNTHETIC - generated, not a business source: region deployed units split unevenly across sites, then expressed on the real Fabric SKU ladder; holder assigned from the real subscriptions in the extract, weighted by capacity each account requested in that region",a64db328-74c9-48b6-863e-4925433f3578,9147ce84-92c9-4adf-b1aa-6f3482e999b0
centralindia-dc09-cap02,centralindia-dc09,centralindia,F2,2,4,False,True,"SYNTHETIC - generated, not a business source: region deployed units split unevenly across sites, then expressed on the real Fabric SKU ladder; holder assigned from the real subscriptions in the extract, weighted by capacity each account requested in that region",9e601720-6c49-4cd6-9ca3-66a474dd18ca,9f3d0aaa-a767-4745-bb3b-6da89db1e611
centralindia-dc10-cap01,centralindia-dc10,centralindia,F64,64,128,True,True,"SYNTHETIC - generated, not a business source: region deployed units split unevenly across sites, then expressed on the real Fabric SKU ladder; holder assigned from the real subscriptions in the extract, weighted by capacity each account requested in that region",9e601720-6c49-4cd6-9ca3-66a474dd18ca,9f3d0aaa-a767-4745-bb3b-6da89db1e611
centralindia-dc10-cap02,centralindia-dc10,centralindia,F4,4,8,False,True,"SYNTHETIC - generated, not a business source: region deployed units split unevenly across sites, then expressed on the real Fabric SKU ladder; holder assigned from the real subscriptions in the extract, weighted by capacity each account requested in that region",a64db328-74c9-48b6-863e-4925433f3578,9147ce84-92c9-4adf-b1aa-6f3482e999b0
centralindia-dc10-cap03,centralindia-dc10,centralindia,F2,2,4,False,True,"SYNTHETIC - generated, not a business source: region deployed units split unevenly across sites, then expressed on the real Fabric SKU ladder; holder assigned from the real subscriptions in the extract, weighted by capacity each account requested in that region",9e601720-6c49-4cd6-9ca3-66a474dd18ca,9f3d0aaa-a767-4745-bb3b-6da89db1e611
westeurope-dc01-cap01,westeurope-dc01,westeurope,F16,16,32,False,True,"SYNTHETIC - generated, not a business source: region deployed units split unevenly across sites, then expressed on the real Fabric SKU ladder; holder assigned from the real subscriptions in the extract, weighted by capacity each account requested in that region",a865a58f-61d4-48b9-8794-8467d00bc59a,beee7a61-5572-48db-93ae-4a48c0c66dfb
westeurope-dc01-cap02,westeurope-dc01,westeurope,F8,8,16,False,True,"SYNTHETIC - generated, not a business source: region deployed units split unevenly across sites, then expressed on the real Fabric SKU ladder; holder assigned from the real subscriptions in the extract, weighted by capacity each account requested in that region",a865a58f-61d4-48b9-8794-8467d00bc59a,beee7a61-5572-48db-93ae-4a48c0c66dfb
westeurope-dc01-cap03,westeurope-dc01,westeurope,F4,4,8,False,True,"SYNTHETIC - generated, not a business source: region deployed units split unevenly across sites, then expressed on the real Fabric SKU ladder; holder assigned from the real subscriptions in the extract, weighted by capacity each account requested in that region",48840256-5fa3-4d7d-b554-6efb8066aafb,f79c09b4-e935-4c35-908f-922944f9a28d
westeurope-dc01-cap04,westeurope-dc01,westeurope,F2,2,4,False,True,"SYNTHETIC - generated, not a business source: region deployed units split unevenly across sites, then expressed on the real Fabric SKU ladder; holder assigned from the real subscriptions in the extract, weighted by capacity each account requested in that region",48840256-5fa3-4d7d-b554-6efb8066aafb,f79c09b4-e935-4c35-908f-922944f9a28d
westeurope-dc02-cap01,westeurope-dc02,westeurope,F64,64,128,True,True,"SYNTHETIC - generated, not a business source: region deployed units split unevenly across sites, then expressed on the real Fabric SKU ladder; holder assigned from the real subscriptions in the extract, weighted by capacity each account requested in that region",a865a58f-61d4-48b9-8794-8467d00bc59a,beee7a61-5572-48db-93ae-4a48c0c66dfb
westeurope-dc03-cap01,westeurope-dc03,westeurope,F8,8,16,False,True,"SYNTHETIC - generated, not a business source: region deployed units split unevenly across sites, then expressed on the real Fabric SKU ladder; holder assigned from the real subscriptions in the extract, weighted by capacity each account requested in that region",beec10bd-be70-4160-aee4-6557cbce5969,0bd72247-2522-4ca4-a4c8-911871116878
westeurope-dc03-cap02,westeurope-dc03,westeurope,F4,4,8,False,True,"SYNTHETIC - generated, not a business source: region deployed units split unevenly across sites, then expressed on the real Fabric SKU ladder; holder assigned from the real subscriptions in the extract, weighted by capacity each account requested in that region",48840256-5fa3-4d7d-b554-6efb8066aafb,f79c09b4-e935-4c35-908f-922944f9a28d
westeurope-dc03-cap03,westeurope-dc03,westeurope,F2,2,4,False,True,"SYNTHETIC - generated, not a business source: region deployed units split unevenly across sites, then expressed on the real Fabric SKU ladder; holder assigned from the real subscriptions in the extract, weighted by capacity each account requested in that region",a865a58f-61d4-48b9-8794-8467d00bc59a,beee7a61-5572-48db-93ae-4a48c0c66dfb
westeurope-dc04-cap01,westeurope-dc04,westeurope,F8,8,16,False,True,"SYNTHETIC - generated, not a business source: region deployed units split unevenly across sites, then expressed on the real Fabric SKU ladder; holder assigned from the real subscriptions in the extract, weighted by capacity each account requested in that region",a865a58f-61d4-48b9-8794-8467d00bc59a,beee7a61-5572-48db-93ae-4a48c0c66dfb
westeurope-dc05-cap01,westeurope-dc05,westeurope,F32,32,64,False,True,"SYNTHETIC - generated, not a business source: region deployed units split unevenly across sites, then expressed on the real Fabric SKU ladder; holder assigned from the real subscriptions in the extract, weighted by capacity each account requested in that region",48840256-5fa3-4d7d-b554-6efb8066aafb,f79c09b4-e935-4c35-908f-922944f9a28d
westeurope-dc06-cap01,westeurope-dc06,westeurope,F8,8,16,False,True,"SYNTHETIC - generated, not a business source: region deployed units split unevenly across sites, then expressed on the real Fabric SKU ladder; holder assigned from the real subscriptions in the extract, weighted by capacity each account requested in that region",beec10bd-be70-4160-aee4-6557cbce5969,0bd72247-2522-4ca4-a4c8-911871116878
westeurope-dc06-cap02,westeurope-dc06,westeurope,F4,4,8,False,True,"SYNTHETIC - generated, not a business source: region deployed units split unevenly across sites, then expressed on the real Fabric SKU ladder; holder assigned from the real subscriptions in the extract, weighted by capacity each account requested in that region",a865a58f-61d4-48b9-8794-8467d00bc59a,beee7a61-5572-48db-93ae-4a48c0c66dfb
westeurope-dc07-cap01,westeurope-dc07,westeurope,F4,4,8,False,True,"SYNTHETIC - generated, not a business source: region deployed units split unevenly across sites, then expressed on the real Fabric SKU ladder; holder assigned from the real subscriptions in the extract, weighted by capacity each account requested in that region",48840256-5fa3-4d7d-b554-6efb8066aafb,f79c09b4-e935-4c35-908f-922944f9a28d
westeurope-dc07-cap02,westeurope-dc07,westeurope,F2,2,4,False,True,"SYNTHETIC - generated, not a business source: region deployed units split unevenly across sites, then expressed on the real Fabric SKU ladder; holder assigned from the real subscriptions in the extract, weighted by capacity each account requested in that region",beec10bd-be70-4160-aee4-6557cbce5969,0bd72247-2522-4ca4-a4c8-911871116878
westeurope-dc08-cap01,westeurope-dc08,westeurope,F16,16,32,False,True,"SYNTHETIC - generated, not a business source: region deployed units split unevenly across sites, then expressed on the real Fabric SKU ladder; holder assigned from the real subscriptions in the extract, weighted by capacity each account requested in that region",a865a58f-61d4-48b9-8794-8467d00bc59a,beee7a61-5572-48db-93ae-4a48c0c66dfb
westeurope-dc08-cap02,westeurope-dc08,westeurope,F4,4,8,False,True,"SYNTHETIC - generated, not a business source: region deployed units split unevenly across sites, then expressed on the real Fabric SKU ladder; holder assigned from the real subscriptions in the extract, weighted by capacity each account requested in that region",beec10bd-be70-4160-aee4-6557cbce5969,0bd72247-2522-4ca4-a4c8-911871116878
westeurope-dc09-cap01,westeurope-dc09,westeurope,F32,32,64,False,True,"SYNTHETIC - generated, not a business source: region deployed units split unevenly across sites, then expressed on the real Fabric SKU ladder; holder assigned from the real subscriptions in the extract, weighted by capacity each account requested in that region",48840256-5fa3-4d7d-b554-6efb8066aafb,f79c09b4-e935-4c35-908f-922944f9a28d
westeurope-dc09-cap02,westeurope-dc09,westeurope,F8,8,16,False,True,"SYNTHETIC - generated, not a business source: region deployed units split unevenly across sites, then expressed on the real Fabric SKU ladder; holder assigned from the real subscriptions in the extract, weighted by capacity each account requested in that region",beec10bd-be70-4160-aee4-6557cbce5969,0bd72247-2522-4ca4-a4c8-911871116878
westeurope-dc09-cap03,westeurope-dc09,westeurope,F2,2,4,False,True,"SYNTHETIC - generated, not a business source: region deployed units split unevenly across sites, then expressed on the real Fabric SKU ladder; holder assigned from the real subscriptions in the extract, weighted by capacity each account requested in that region",a865a58f-61d4-48b9-8794-8467d00bc59a,beee7a61-5572-48db-93ae-4a48c0c66dfb
westeurope-dc10-cap01,westeurope-dc10,westeurope,F128,128,256,True,True,"SYNTHETIC - generated, not a business source: region deployed units split unevenly across sites, then expressed on the real Fabric SKU ladder; holder assigned from the real subscriptions in the extract, weighted by capacity each account requested in that region",beec10bd-be70-4160-aee4-6557cbce5969,0bd72247-2522-4ca4-a4c8-911871116878
westeurope-dc10-cap02,westeurope-dc10,westeurope,F64,64,128,True,True,"SYNTHETIC - generated, not a business source: region deployed units split unevenly across sites, then expressed on the real Fabric SKU ladder; holder assigned from the real subscriptions in the extract, weighted by capacity each account requested in that region",beec10bd-be70-4160-aee4-6557cbce5969,0bd72247-2522-4ca4-a4c8-911871116878
westeurope-dc10-cap03,westeurope-dc10,westeurope,F32,32,64,False,True,"SYNTHETIC - generated, not a business source: region deployed units split unevenly across sites, then expressed on the real Fabric SKU ladder; holder assigned from the real subscriptions in the extract, weighted by capacity each account requested in that region",48840256-5fa3-4d7d-b554-6efb8066aafb,f79c09b4-e935-4c35-908f-922944f9a28d
westeurope-dc10-cap04,westeurope-dc10,westeurope,F4,4,8,False,True,"SYNTHETIC - generated, not a business source: region deployed units split unevenly across sites, then expressed on the real Fabric SKU ladder; holder assigned from the real subscriptions in the extract, weighted by capacity each account requested in that region",a865a58f-61d4-48b9-8794-8467d00bc59a,beee7a61-5572-48db-93ae-4a48c0c66dfb
westeurope-dc10-cap05,westeurope-dc10,westeurope,F2,2,4,False,True,"SYNTHETIC - generated, not a business source: region deployed units split unevenly across sites, then expressed on the real Fabric SKU ladder; holder assigned from the real subscriptions in the extract, weighted by capacity each account requested in that region",48840256-5fa3-4d7d-b554-6efb8066aafb,f79c09b4-e935-4c35-908f-922944f9a28d
northcentralus-dc01-cap01,northcentralus-dc01,northcentralus,F64,64,128,True,True,"SYNTHETIC - generated, not a business source: region deployed units split unevenly across sites, then expressed on the real Fabric SKU ladder; holder assigned from the real subscriptions in the extract, weighted by capacity each account requested in that region",52f9c816-c626-47fa-8f55-a067dfc2ffdd,14b51215-081d-4680-87fb-3068a92160dc
northcentralus-dc01-cap02,northcentralus-dc01,northcentralus,F4,4,8,False,True,"SYNTHETIC - generated, not a business source: region deployed units split unevenly across sites, then expressed on the real Fabric SKU ladder; holder assigned from the real subscriptions in the extract, weighted by capacity each account requested in that region",52f9c816-c626-47fa-8f55-a067dfc2ffdd,14b51215-081d-4680-87fb-3068a92160dc
northcentralus-dc01-cap03,northcentralus-dc01,northcentralus,F2,2,4,False,True,"SYNTHETIC - generated, not a business source: region deployed units split unevenly across sites, then expressed on the real Fabric SKU ladder; holder assigned from the real subscriptions in the extract, weighted by capacity each account requested in that region",8a894235-6495-4d29-a537-b4d5c9638a63,45383581-5435-4a2a-88e0-bea1466688d8
northcentralus-dc02-cap01,northcentralus-dc02,northcentralus,F64,64,128,True,True,"SYNTHETIC - generated, not a business source: region deployed units split unevenly across sites, then expressed on the real Fabric SKU ladder; holder assigned from the real subscriptions in the extract, weighted by capacity each account requested in that region",52f9c816-c626-47fa-8f55-a067dfc2ffdd,14b51215-081d-4680-87fb-3068a92160dc
northcentralus-dc02-cap02,northcentralus-dc02,northcentralus,F8,8,16,False,True,"SYNTHETIC - generated, not a business source: region deployed units split unevenly across sites, then expressed on the real Fabric SKU ladder; holder assigned from the real subscriptions in the extract, weighted by capacity each account requested in that region",52f9c816-c626-47fa-8f55-a067dfc2ffdd,14b51215-081d-4680-87fb-3068a92160dc
northcentralus-dc02-cap03,northcentralus-dc02,northcentralus,F4,4,8,False,True,"SYNTHETIC - generated, not a business source: region deployed units split unevenly across sites, then expressed on the real Fabric SKU ladder; holder assigned from the real subscriptions in the extract, weighted by capacity each account requested in that region",8a894235-6495-4d29-a537-b4d5c9638a63,45383581-5435-4a2a-88e0-bea1466688d8
northcentralus-dc02-cap04,northcentralus-dc02,northcentralus,F2,2,4,False,True,"SYNTHETIC - generated, not a business source: region deployed units split unevenly across sites, then expressed on the real Fabric SKU ladder; holder assigned from the real subscriptions in the extract, weighted by capacity each account requested in that region",52f9c816-c626-47fa-8f55-a067dfc2ffdd,14b51215-081d-4680-87fb-3068a92160dc
northcentralus-dc03-cap01,northcentralus-dc03,northcentralus,F64,64,128,True,True,"SYNTHETIC - generated, not a business source: region deployed units split unevenly across sites, then expressed on the real Fabric SKU ladder; holder assigned from the real subscriptions in the extract, weighted by capacity each account requested in that region",52f9c816-c626-47fa-8f55-a067dfc2ffdd,14b51215-081d-4680-87fb-3068a92160dc
northcentralus-dc03-cap02,northcentralus-dc03,northcentralus,F8,8,16,False,True,"SYNTHETIC - generated, not a business source: region deployed units split unevenly across sites, then expressed on the real Fabric SKU ladder; holder assigned from the real subscriptions in the extract, weighted by capacity each account requested in that region",c571506a-b832-4578-8eb5-7c2b2a21b4fe,2937c8ae-f8ba-466d-b472-2c8f793dd5e1
northcentralus-dc03-cap03,northcentralus-dc03,northcentralus,F4,4,8,False,True,"SYNTHETIC - generated, not a business source: region deployed units split unevenly across sites, then expressed on the real Fabric SKU ladder; holder assigned from the real subscriptions in the extract, weighted by capacity each account requested in that region",52f9c816-c626-47fa-8f55-a067dfc2ffdd,14b51215-081d-4680-87fb-3068a92160dc
northcentralus-dc03-cap04,northcentralus-dc03,northcentralus,F2,2,4,False,True,"SYNTHETIC - generated, not a business source: region deployed units split unevenly across sites, then expressed on the real Fabric SKU ladder; holder assigned from the real subscriptions in the extract, weighted by capacity each account requested in that region",8a894235-6495-4d29-a537-b4d5c9638a63,45383581-5435-4a2a-88e0-bea1466688d8
northcentralus-dc04-cap01,northcentralus-dc04,northcentralus,F64,64,128,True,True,"SYNTHETIC - generated, not a business source: region deployed units split unevenly across sites, then expressed on the real Fabric SKU ladder; holder assigned from the real subscriptions in the extract, weighted by capacity each account requested in that region",52f9c816-c626-47fa-8f55-a067dfc2ffdd,14b51215-081d-4680-87fb-3068a92160dc
northcentralus-dc04-cap02,northcentralus-dc04,northcentralus,F32,32,64,False,True,"SYNTHETIC - generated, not a business source: region deployed units split unevenly across sites, then expressed on the real Fabric SKU ladder; holder assigned from the real subscriptions in the extract, weighted by capacity each account requested in that region",52f9c816-c626-47fa-8f55-a067dfc2ffdd,14b51215-081d-4680-87fb-3068a92160dc
northcentralus-dc04-cap03,northcentralus-dc04,northcentralus,F4,4,8,False,True,"SYNTHETIC - generated, not a business source: region deployed units split unevenly across sites, then expressed on the real Fabric SKU ladder; holder assigned from the real subscriptions in the extract, weighted by capacity each account requested in that region",52f9c816-c626-47fa-8f55-a067dfc2ffdd,14b51215-081d-4680-87fb-3068a92160dc
northcentralus-dc04-cap04,northcentralus-dc04,northcentralus,F2,2,4,False,True,"SYNTHETIC - generated, not a business source: region deployed units split unevenly across sites, then expressed on the real Fabric SKU ladder; holder assigned from the real subscriptions in the extract, weighted by capacity each account requested in that region",52f9c816-c626-47fa-8f55-a067dfc2ffdd,14b51215-081d-4680-87fb-3068a92160dc
northcentralus-dc05-cap01,northcentralus-dc05,northcentralus,F128,128,256,True,True,"SYNTHETIC - generated, not a business source: region deployed units split unevenly across sites, then expressed on the real Fabric SKU ladder; holder assigned from the real subscriptions in the extract, weighted by capacity each account requested in that region",52f9c816-c626-47fa-8f55-a067dfc2ffdd,14b51215-081d-4680-87fb-3068a92160dc
northcentralus-dc05-cap02,northcentralus-dc05,northcentralus,F32,32,64,False,True,"SYNTHETIC - generated, not a business source: region deployed units split unevenly across sites, then expressed on the real Fabric SKU ladder; holder assigned from the real subscriptions in the extract, weighted by capacity each account requested in that region",52f9c816-c626-47fa-8f55-a067dfc2ffdd,14b51215-081d-4680-87fb-3068a92160dc
northcentralus-dc06-cap01,northcentralus-dc06,northcentralus,F128,128,256,True,True,"SYNTHETIC - generated, not a business source: region deployed units split unevenly across sites, then expressed on the real Fabric SKU ladder; holder assigned from the real subscriptions in the extract, weighted by capacity each account requested in that region",52f9c816-c626-47fa-8f55-a067dfc2ffdd,14b51215-081d-4680-87fb-3068a92160dc
northcentralus-dc07-cap01,northcentralus-dc07,northcentralus,F32,32,64,False,True,"SYNTHETIC - generated, not a business source: region deployed units split unevenly across sites, then expressed on the real Fabric SKU ladder; holder assigned from the real subscriptions in the extract, weighted by capacity each account requested in that region",52f9c816-c626-47fa-8f55-a067dfc2ffdd,14b51215-081d-4680-87fb-3068a92160dc
northcentralus-dc08-cap01,northcentralus-dc08,northcentralus,F128,128,256,True,True,"SYNTHETIC - generated, not a business source: region deployed units split unevenly across sites, then expressed on the real Fabric SKU ladder; holder assigned from the real subscriptions in the extract, weighted by capacity each account requested in that region",52f9c816-c626-47fa-8f55-a067dfc2ffdd,14b51215-081d-4680-87fb-3068a92160dc
northcentralus-dc08-cap02,northcentralus-dc08,northcentralus,F4,4,8,False,True,"SYNTHETIC - generated, not a business source: region deployed units split unevenly across sites, then expressed on the real Fabric SKU ladder; holder assigned from the real subscriptions in the extract, weighted by capacity each account requested in that region",8a894235-6495-4d29-a537-b4d5c9638a63,45383581-5435-4a2a-88e0-bea1466688d8
northcentralus-dc09-cap01,northcentralus-dc09,northcentralus,F256,256,512,True,True,"SYNTHETIC - generated, not a business source: region deployed units split unevenly across sites, then expressed on the real Fabric SKU ladder; holder assigned from the real subscriptions in the extract, weighted by capacity each account requested in that region",52f9c816-c626-47fa-8f55-a067dfc2ffdd,14b51215-081d-4680-87fb-3068a92160dc
northcentralus-dc09-cap02,northcentralus-dc09,northcentralus,F64,64,128,True,True,"SYNTHETIC - generated, not a business source: region deployed units split unevenly across sites, then expressed on the real Fabric SKU ladder; holder assigned from the real subscriptions in the extract, weighted by capacity each account requested in that region",52f9c816-c626-47fa-8f55-a067dfc2ffdd,14b51215-081d-4680-87fb-3068a92160dc
northcentralus-dc09-cap03,northcentralus-dc09,northcentralus,F2,2,4,False,True,"SYNTHETIC - generated, not a business source: region deployed units split unevenly across sites, then expressed on the real Fabric SKU ladder; holder assigned from the real subscriptions in the extract, weighted by capacity each account requested in that region",52f9c816-c626-47fa-8f55-a067dfc2ffdd,14b51215-081d-4680-87fb-3068a92160dc
northcentralus-dc10-cap01,northcentralus-dc10,northcentralus,F128,128,256,True,True,"SYNTHETIC - generated, not a business source: region deployed units split unevenly across sites, then expressed on the real Fabric SKU ladder; holder assigned from the real subscriptions in the extract, weighted by capacity each account requested in that region",c571506a-b832-4578-8eb5-7c2b2a21b4fe,2937c8ae-f8ba-466d-b472-2c8f793dd5e1
northcentralus-dc10-cap02,northcentralus-dc10,northcentralus,F8,8,16,False,True,"SYNTHETIC - generated, not a business source: region deployed units split unevenly across sites, then expressed on the real Fabric SKU ladder; holder assigned from the real subscriptions in the extract, weighted by capacity each account requested in that region",52f9c816-c626-47fa-8f55-a067dfc2ffdd,14b51215-081d-4680-87fb-3068a92160dc
canadacentral-dc01-cap01,canadacentral-dc01,canadacentral,F128,128,256,True,True,"SYNTHETIC - generated, not a business source: region deployed units split unevenly across sites, then expressed on the real Fabric SKU ladder; holder assigned from the real subscriptions in the extract, weighted by capacity each account requested in that region",735990b6-29a3-409e-acaa-b6cacba8a3b4,9c8d1772-ce89-46ea-b3f3-adf717d341bf
canadacentral-dc01-cap02,canadacentral-dc01,canadacentral,F32,32,64,False,True,"SYNTHETIC - generated, not a business source: region deployed units split unevenly across sites, then expressed on the real Fabric SKU ladder; holder assigned from the real subscriptions in the extract, weighted by capacity each account requested in that region",e04af942-bc91-4fe3-817c-b025a780158c,ec848dcd-1d5b-4721-b111-1726a7a7ac8d
canadacentral-dc01-cap03,canadacentral-dc01,canadacentral,F16,16,32,False,True,"SYNTHETIC - generated, not a business source: region deployed units split unevenly across sites, then expressed on the real Fabric SKU ladder; holder assigned from the real subscriptions in the extract, weighted by capacity each account requested in that region",735990b6-29a3-409e-acaa-b6cacba8a3b4,9c8d1772-ce89-46ea-b3f3-adf717d341bf
canadacentral-dc01-cap04,canadacentral-dc01,canadacentral,F8,8,16,False,True,"SYNTHETIC - generated, not a business source: region deployed units split unevenly across sites, then expressed on the real Fabric SKU ladder; holder assigned from the real subscriptions in the extract, weighted by capacity each account requested in that region",735990b6-29a3-409e-acaa-b6cacba8a3b4,9c8d1772-ce89-46ea-b3f3-adf717d341bf
canadacentral-dc02-cap01,canadacentral-dc02,canadacentral,F128,128,256,True,True,"SYNTHETIC - generated, not a business source: region deployed units split unevenly across sites, then expressed on the real Fabric SKU ladder; holder assigned from the real subscriptions in the extract, weighted by capacity each account requested in that region",1ead29b7-4e2e-48c5-9fd1-9b85669553b7,f008d267-2d06-4573-8180-8ac63be473b8
canadacentral-dc02-cap02,canadacentral-dc02,canadacentral,F64,64,128,True,True,"SYNTHETIC - generated, not a business source: region deployed units split unevenly across sites, then expressed on the real Fabric SKU ladder; holder assigned from the real subscriptions in the extract, weighted by capacity each account requested in that region",eeb4a0c5-d963-4af6-b1f4-bb176e5498c9,988f1884-4375-4df9-b57e-730ec51d127a
canadacentral-dc02-cap03,canadacentral-dc02,canadacentral,F32,32,64,False,True,"SYNTHETIC - generated, not a business source: region deployed units split unevenly across sites, then expressed on the real Fabric SKU ladder; holder assigned from the real subscriptions in the extract, weighted by capacity each account requested in that region",735990b6-29a3-409e-acaa-b6cacba8a3b4,9c8d1772-ce89-46ea-b3f3-adf717d341bf
canadacentral-dc02-cap04,canadacentral-dc02,canadacentral,F8,8,16,False,True,"SYNTHETIC - generated, not a business source: region deployed units split unevenly across sites, then expressed on the real Fabric SKU ladder; holder assigned from the real subscriptions in the extract, weighted by capacity each account requested in that region",beec10bd-be70-4160-aee4-6557cbce5969,0bd72247-2522-4ca4-a4c8-911871116878
canadacentral-dc02-cap05,canadacentral-dc02,canadacentral,F4,4,8,False,True,"SYNTHETIC - generated, not a business source: region deployed units split unevenly across sites, then expressed on the real Fabric SKU ladder; holder assigned from the real subscriptions in the extract, weighted by capacity each account requested in that region",eeb4a0c5-d963-4af6-b1f4-bb176e5498c9,988f1884-4375-4df9-b57e-730ec51d127a
canadacentral-dc03-cap01,canadacentral-dc03,canadacentral,F128,128,256,True,True,"SYNTHETIC - generated, not a business source: region deployed units split unevenly across sites, then expressed on the real Fabric SKU ladder; holder assigned from the real subscriptions in the extract, weighted by capacity each account requested in that region",eeb4a0c5-d963-4af6-b1f4-bb176e5498c9,988f1884-4375-4df9-b57e-730ec51d127a
canadacentral-dc03-cap02,canadacentral-dc03,canadacentral,F64,64,128,True,True,"SYNTHETIC - generated, not a business source: region deployed units split unevenly across sites, then expressed on the real Fabric SKU ladder; holder assigned from the real subscriptions in the extract, weighted by capacity each account requested in that region",1ead29b7-4e2e-48c5-9fd1-9b85669553b7,f008d267-2d06-4573-8180-8ac63be473b8
canadacentral-dc04-cap01,canadacentral-dc04,canadacentral,F128,128,256,True,True,"SYNTHETIC - generated, not a business source: region deployed units split unevenly across sites, then expressed on the real Fabric SKU ladder; holder assigned from the real subscriptions in the extract, weighted by capacity each account requested in that region",1ead29b7-4e2e-48c5-9fd1-9b85669553b7,f008d267-2d06-4573-8180-8ac63be473b8
canadacentral-dc04-cap02,canadacentral-dc04,canadacentral,F32,32,64,False,True,"SYNTHETIC - generated, not a business source: region deployed units split unevenly across sites, then expressed on the real Fabric SKU ladder; holder assigned from the real subscriptions in the extract, weighted by capacity each account requested in that region",beec10bd-be70-4160-aee4-6557cbce5969,0bd72247-2522-4ca4-a4c8-911871116878
canadacentral-dc04-cap03,canadacentral-dc04,canadacentral,F8,8,16,False,True,"SYNTHETIC - generated, not a business source: region deployed units split unevenly across sites, then expressed on the real Fabric SKU ladder; holder assigned from the real subscriptions in the extract, weighted by capacity each account requested in that region",735990b6-29a3-409e-acaa-b6cacba8a3b4,9c8d1772-ce89-46ea-b3f3-adf717d341bf
canadacentral-dc05-cap01,canadacentral-dc05,canadacentral,F128,128,256,True,True,"SYNTHETIC - generated, not a business source: region deployed units split unevenly across sites, then expressed on the real Fabric SKU ladder; holder assigned from the real subscriptions in the extract, weighted by capacity each account requested in that region",735990b6-29a3-409e-acaa-b6cacba8a3b4,9c8d1772-ce89-46ea-b3f3-adf717d341bf
canadacentral-dc05-cap02,canadacentral-dc05,canadacentral,F2,2,4,False,True,"SYNTHETIC - generated, not a business source: region deployed units split unevenly across sites, then expressed on the real Fabric SKU ladder; holder assigned from the real subscriptions in the extract, weighted by capacity each account requested in that region",735990b6-29a3-409e-acaa-b6cacba8a3b4,9c8d1772-ce89-46ea-b3f3-adf717d341bf
canadacentral-dc06-cap01,canadacentral-dc06,canadacentral,F64,64,128,True,True,"SYNTHETIC - generated, not a business source: region deployed units split unevenly across sites, then expressed on the real Fabric SKU ladder; holder assigned from the real subscriptions in the extract, weighted by capacity each account requested in that region",1ead29b7-4e2e-48c5-9fd1-9b85669553b7,f008d267-2d06-4573-8180-8ac63be473b8
canadacentral-dc06-cap02,canadacentral-dc06,canadacentral,F16,16,32,False,True,"SYNTHETIC - generated, not a business source: region deployed units split unevenly across sites, then expressed on the real Fabric SKU ladder; holder assigned from the real subscriptions in the extract, weighted by capacity each account requested in that region",735990b6-29a3-409e-acaa-b6cacba8a3b4,9c8d1772-ce89-46ea-b3f3-adf717d341bf
canadacentral-dc06-cap03,canadacentral-dc06,canadacentral,F8,8,16,False,True,"SYNTHETIC - generated, not a business source: region deployed units split unevenly across sites, then expressed on the real Fabric SKU ladder; holder assigned from the real subscriptions in the extract, weighted by capacity each account requested in that region",1ead29b7-4e2e-48c5-9fd1-9b85669553b7,f008d267-2d06-4573-8180-8ac63be473b8
canadacentral-dc06-cap04,canadacentral-dc06,canadacentral,F2,2,4,False,True,"SYNTHETIC - generated, not a business source: region deployed units split unevenly across sites, then expressed on the real Fabric SKU ladder; holder assigned from the real subscriptions in the extract, weighted by capacity each account requested in that region",1ead29b7-4e2e-48c5-9fd1-9b85669553b7,f008d267-2d06-4573-8180-8ac63be473b8
canadacentral-dc07-cap01,canadacentral-dc07,canadacentral,F128,128,256,True,True,"SYNTHETIC - generated, not a business source: region deployed units split unevenly across sites, then expressed on the real Fabric SKU ladder; holder assigned from the real subscriptions in the extract, weighted by capacity each account requested in that region",735990b6-29a3-409e-acaa-b6cacba8a3b4,9c8d1772-ce89-46ea-b3f3-adf717d341bf
canadacentral-dc07-cap02,canadacentral-dc07,canadacentral,F128,128,256,True,True,"SYNTHETIC - generated, not a business source: region deployed units split unevenly across sites, then expressed on the real Fabric SKU ladder; holder assigned from the real subscriptions in the extract, weighted by capacity each account requested in that region",735990b6-29a3-409e-acaa-b6cacba8a3b4,9c8d1772-ce89-46ea-b3f3-adf717d341bf
canadacentral-dc07-cap03,canadacentral-dc07,canadacentral,F64,64,128,True,True,"SYNTHETIC - generated, not a business source: region deployed units split unevenly across sites, then expressed on the real Fabric SKU ladder; holder assigned from the real subscriptions in the extract, weighted by capacity each account requested in that region",1ead29b7-4e2e-48c5-9fd1-9b85669553b7,f008d267-2d06-4573-8180-8ac63be473b8
canadacentral-dc07-cap04,canadacentral-dc07,canadacentral,F8,8,16,False,True,"SYNTHETIC - generated, not a business source: region deployed units split unevenly across sites, then expressed on the real Fabric SKU ladder; holder assigned from the real subscriptions in the extract, weighted by capacity each account requested in that region",beec10bd-be70-4160-aee4-6557cbce5969,0bd72247-2522-4ca4-a4c8-911871116878
canadacentral-dc08-cap01,canadacentral-dc08,canadacentral,F128,128,256,True,True,"SYNTHETIC - generated, not a business source: region deployed units split unevenly across sites, then expressed on the real Fabric SKU ladder; holder assigned from the real subscriptions in the extract, weighted by capacity each account requested in that region",735990b6-29a3-409e-acaa-b6cacba8a3b4,9c8d1772-ce89-46ea-b3f3-adf717d341bf
canadacentral-dc08-cap02,canadacentral-dc08,canadacentral,F16,16,32,False,True,"SYNTHETIC - generated, not a business source: region deployed units split unevenly across sites, then expressed on the real Fabric SKU ladder; holder assigned from the real subscriptions in the extract, weighted by capacity each account requested in that region",343ddfa6-a60c-4e11-8164-105b6791e4f9,4d88cea1-2e20-4c16-a8b7-7e8e9619d5f2
canadacentral-dc08-cap03,canadacentral-dc08,canadacentral,F8,8,16,False,True,"SYNTHETIC - generated, not a business source: region deployed units split unevenly across sites, then expressed on the real Fabric SKU ladder; holder assigned from the real subscriptions in the extract, weighted by capacity each account requested in that region",735990b6-29a3-409e-acaa-b6cacba8a3b4,9c8d1772-ce89-46ea-b3f3-adf717d341bf
canadacentral-dc08-cap04,canadacentral-dc08,canadacentral,F4,4,8,False,True,"SYNTHETIC - generated, not a business source: region deployed units split unevenly across sites, then expressed on the real Fabric SKU ladder; holder assigned from the real subscriptions in the extract, weighted by capacity each account requested in that region",beec10bd-be70-4160-aee4-6557cbce5969,0bd72247-2522-4ca4-a4c8-911871116878
canadacentral-dc08-cap05,canadacentral-dc08,canadacentral,F2,2,4,False,True,"SYNTHETIC - generated, not a business source: region deployed units split unevenly across sites, then expressed on the real Fabric SKU ladder; holder assigned from the real subscriptions in the extract, weighted by capacity each account requested in that region",735990b6-29a3-409e-acaa-b6cacba8a3b4,9c8d1772-ce89-46ea-b3f3-adf717d341bf
canadacentral-dc09-cap01,canadacentral-dc09,canadacentral,F128,128,256,True,True,"SYNTHETIC - generated, not a business source: region deployed units split unevenly across sites, then expressed on the real Fabric SKU ladder; holder assigned from the real subscriptions in the extract, weighted by capacity each account requested in that region",eeb4a0c5-d963-4af6-b1f4-bb176e5498c9,988f1884-4375-4df9-b57e-730ec51d127a
canadacentral-dc09-cap02,canadacentral-dc09,canadacentral,F4,4,8,False,True,"SYNTHETIC - generated, not a business source: region deployed units split unevenly across sites, then expressed on the real Fabric SKU ladder; holder assigned from the real subscriptions in the extract, weighted by capacity each account requested in that region",1ead29b7-4e2e-48c5-9fd1-9b85669553b7,f008d267-2d06-4573-8180-8ac63be473b8
canadacentral-dc10-cap01,canadacentral-dc10,canadacentral,F128,128,256,True,True,"SYNTHETIC - generated, not a business source: region deployed units split unevenly across sites, then expressed on the real Fabric SKU ladder; holder assigned from the real subscriptions in the extract, weighted by capacity each account requested in that region",735990b6-29a3-409e-acaa-b6cacba8a3b4,9c8d1772-ce89-46ea-b3f3-adf717d341bf
canadacentral-dc10-cap02,canadacentral-dc10,canadacentral,F32,32,64,False,True,"SYNTHETIC - generated, not a business source: region deployed units split unevenly across sites, then expressed on the real Fabric SKU ladder; holder assigned from the real subscriptions in the extract, weighted by capacity each account requested in that region",1ead29b7-4e2e-48c5-9fd1-9b85669553b7,f008d267-2d06-4573-8180-8ac63be473b8
canadacentral-dc10-cap03,canadacentral-dc10,canadacentral,F2,2,4,False,True,"SYNTHETIC - generated, not a business source: region deployed units split unevenly across sites, then expressed on the real Fabric SKU ladder; holder assigned from the real subscriptions in the extract, weighted by capacity each account requested in that region",1ead29b7-4e2e-48c5-9fd1-9b85669553b7,f008d267-2d06-4573-8180-8ac63be473b8
canadaeast-dc01-cap01,canadaeast-dc01,canadaeast,F128,128,256,True,True,"SYNTHETIC - generated, not a business source: region deployed units split unevenly across sites, then expressed on the real Fabric SKU ladder; holder assigned from the real subscriptions in the extract, weighted by capacity each account requested in that region",925aa064-4127-4cc4-ae06-1ba32f5e48a1,4807869e-c518-4e19-8c9a-14b7ef9aaa2e
canadaeast-dc01-cap02,canadaeast-dc01,canadaeast,F32,32,64,False,True,"SYNTHETIC - generated, not a business source: region deployed units split unevenly across sites, then expressed on the real Fabric SKU ladder; holder assigned from the real subscriptions in the extract, weighted by capacity each account requested in that region",925aa064-4127-4cc4-ae06-1ba32f5e48a1,4807869e-c518-4e19-8c9a-14b7ef9aaa2e
canadaeast-dc01-cap03,canadaeast-dc01,canadaeast,F4,4,8,False,True,"SYNTHETIC - generated, not a business source: region deployed units split unevenly across sites, then expressed on the real Fabric SKU ladder; holder assigned from the real subscriptions in the extract, weighted by capacity each account requested in that region",925aa064-4127-4cc4-ae06-1ba32f5e48a1,4807869e-c518-4e19-8c9a-14b7ef9aaa2e
canadaeast-dc01-cap04,canadaeast-dc01,canadaeast,F2,2,4,False,True,"SYNTHETIC - generated, not a business source: region deployed units split unevenly across sites, then expressed on the real Fabric SKU ladder; holder assigned from the real subscriptions in the extract, weighted by capacity each account requested in that region",925aa064-4127-4cc4-ae06-1ba32f5e48a1,4807869e-c518-4e19-8c9a-14b7ef9aaa2e
canadaeast-dc02-cap01,canadaeast-dc02,canadaeast,F16,16,32,False,True,"SYNTHETIC - generated, not a business source: region deployed units split unevenly across sites, then expressed on the real Fabric SKU ladder; holder assigned from the real subscriptions in the extract, weighted by capacity each account requested in that region",925aa064-4127-4cc4-ae06-1ba32f5e48a1,4807869e-c518-4e19-8c9a-14b7ef9aaa2e
canadaeast-dc02-cap02,canadaeast-dc02,canadaeast,F4,4,8,False,True,"SYNTHETIC - generated, not a business source: region deployed units split unevenly across sites, then expressed on the real Fabric SKU ladder; holder assigned from the real subscriptions in the extract, weighted by capacity each account requested in that region",925aa064-4127-4cc4-ae06-1ba32f5e48a1,4807869e-c518-4e19-8c9a-14b7ef9aaa2e
canadaeast-dc03-cap01,canadaeast-dc03,canadaeast,F128,128,256,True,True,"SYNTHETIC - generated, not a business source: region deployed units split unevenly across sites, then expressed on the real Fabric SKU ladder; holder assigned from the real subscriptions in the extract, weighted by capacity each account requested in that region",925aa064-4127-4cc4-ae06-1ba32f5e48a1,4807869e-c518-4e19-8c9a-14b7ef9aaa2e
canadaeast-dc03-cap02,canadaeast-dc03,canadaeast,F8,8,16,False,True,"SYNTHETIC - generated, not a business source: region deployed units split unevenly across sites, then expressed on the real Fabric SKU ladder; holder assigned from the real subscriptions in the extract, weighted by capacity each account requested in that region",925aa064-4127-4cc4-ae06-1ba32f5e48a1,4807869e-c518-4e19-8c9a-14b7ef9aaa2e
canadaeast-dc04-cap01,canadaeast-dc04,canadaeast,F16,16,32,False,True,"SYNTHETIC - generated, not a business source: region deployed units split unevenly across sites, then expressed on the real Fabric SKU ladder; holder assigned from the real subscriptions in the extract, weighted by capacity each account requested in that region",925aa064-4127-4cc4-ae06-1ba32f5e48a1,4807869e-c518-4e19-8c9a-14b7ef9aaa2e
canadaeast-dc04-cap02,canadaeast-dc04,canadaeast,F8,8,16,False,True,"SYNTHETIC - generated, not a business source: region deployed units split unevenly across sites, then expressed on the real Fabric SKU ladder; holder assigned from the real subscriptions in the extract, weighted by capacity each account requested in that region",925aa064-4127-4cc4-ae06-1ba32f5e48a1,4807869e-c518-4e19-8c9a-14b7ef9aaa2e
canadaeast-dc05-cap01,canadaeast-dc05,canadaeast,F64,64,128,True,True,"SYNTHETIC - generated, not a business source: region deployed units split unevenly across sites, then expressed on the real Fabric SKU ladder; holder assigned from the real subscriptions in the extract, weighted by capacity each account requested in that region",925aa064-4127-4cc4-ae06-1ba32f5e48a1,4807869e-c518-4e19-8c9a-14b7ef9aaa2e
canadaeast-dc05-cap02,canadaeast-dc05,canadaeast,F16,16,32,False,True,"SYNTHETIC - generated, not a business source: region deployed units split unevenly across sites, then expressed on the real Fabric SKU ladder; holder assigned from the real subscriptions in the extract, weighted by capacity each account requested in that region",925aa064-4127-4cc4-ae06-1ba32f5e48a1,4807869e-c518-4e19-8c9a-14b7ef9aaa2e
canadaeast-dc05-cap03,canadaeast-dc05,canadaeast,F4,4,8,False,True,"SYNTHETIC - generated, not a business source: region deployed units split unevenly across sites, then expressed on the real Fabric SKU ladder; holder assigned from the real subscriptions in the extract, weighted by capacity each account requested in that region",925aa064-4127-4cc4-ae06-1ba32f5e48a1,4807869e-c518-4e19-8c9a-14b7ef9aaa2e
canadaeast-dc06-cap01,canadaeast-dc06,canadaeast,F128,128,256,True,True,"SYNTHETIC - generated, not a business source: region deployed units split unevenly across sites, then expressed on the real Fabric SKU ladder; holder assigned from the real subscriptions in the extract, weighted by capacity each account requested in that region",925aa064-4127-4cc4-ae06-1ba32f5e48a1,4807869e-c518-4e19-8c9a-14b7ef9aaa2e
canadaeast-dc06-cap02,canadaeast-dc06,canadaeast,F64,64,128,True,True,"SYNTHETIC - generated, not a business source: region deployed units split unevenly across sites, then expressed on the real Fabric SKU ladder; holder assigned from the real subscriptions in the extract, weighted by capacity each account requested in that region",925aa064-4127-4cc4-ae06-1ba32f5e48a1,4807869e-c518-4e19-8c9a-14b7ef9aaa2e
canadaeast-dc06-cap03,canadaeast-dc06,canadaeast,F16,16,32,False,True,"SYNTHETIC - generated, not a business source: region deployed units split unevenly across sites, then expressed on the real Fabric SKU ladder; holder assigned from the real subscriptions in the extract, weighted by capacity each account requested in that region",925aa064-4127-4cc4-ae06-1ba32f5e48a1,4807869e-c518-4e19-8c9a-14b7ef9aaa2e
canadaeast-dc06-cap04,canadaeast-dc06,canadaeast,F8,8,16,False,True,"SYNTHETIC - generated, not a business source: region deployed units split unevenly across sites, then expressed on the real Fabric SKU ladder; holder assigned from the real subscriptions in the extract, weighted by capacity each account requested in that region",925aa064-4127-4cc4-ae06-1ba32f5e48a1,4807869e-c518-4e19-8c9a-14b7ef9aaa2e
canadaeast-dc06-cap05,canadaeast-dc06,canadaeast,F4,4,8,False,True,"SYNTHETIC - generated, not a business source: region deployed units split unevenly across sites, then expressed on the real Fabric SKU ladder; holder assigned from the real subscriptions in the extract, weighted by capacity each account requested in that region",925aa064-4127-4cc4-ae06-1ba32f5e48a1,4807869e-c518-4e19-8c9a-14b7ef9aaa2e
canadaeast-dc06-cap06,canadaeast-dc06,canadaeast,F2,2,4,False,True,"SYNTHETIC - generated, not a business source: region deployed units split unevenly across sites, then expressed on the real Fabric SKU ladder; holder assigned from the real subscriptions in the extract, weighted by capacity each account requested in that region",925aa064-4127-4cc4-ae06-1ba32f5e48a1,4807869e-c518-4e19-8c9a-14b7ef9aaa2e
canadaeast-dc07-cap01,canadaeast-dc07,canadaeast,F32,32,64,False,True,"SYNTHETIC - generated, not a business source: region deployed units split unevenly across sites, then expressed on the real Fabric SKU ladder; holder assigned from the real subscriptions in the extract, weighted by capacity each account requested in that region",925aa064-4127-4cc4-ae06-1ba32f5e48a1,4807869e-c518-4e19-8c9a-14b7ef9aaa2e
canadaeast-dc08-cap01,canadaeast-dc08,canadaeast,F128,128,256,True,True,"SYNTHETIC - generated, not a business source: region deployed units split unevenly across sites, then expressed on the real Fabric SKU ladder; holder assigned from the real subscriptions in the extract, weighted by capacity each account requested in that region",343ddfa6-a60c-4e11-8164-105b6791e4f9,4d88cea1-2e20-4c16-a8b7-7e8e9619d5f2
canadaeast-dc08-cap02,canadaeast-dc08,canadaeast,F16,16,32,False,True,"SYNTHETIC - generated, not a business source: region deployed units split unevenly across sites, then expressed on the real Fabric SKU ladder; holder assigned from the real subscriptions in the extract, weighted by capacity each account requested in that region",925aa064-4127-4cc4-ae06-1ba32f5e48a1,4807869e-c518-4e19-8c9a-14b7ef9aaa2e
canadaeast-dc08-cap03,canadaeast-dc08,canadaeast,F4,4,8,False,True,"SYNTHETIC - generated, not a business source: region deployed units split unevenly across sites, then expressed on the real Fabric SKU ladder; holder assigned from the real subscriptions in the extract, weighted by capacity each account requested in that region",925aa064-4127-4cc4-ae06-1ba32f5e48a1,4807869e-c518-4e19-8c9a-14b7ef9aaa2e
canadaeast-dc08-cap04,canadaeast-dc08,canadaeast,F2,2,4,False,True,"SYNTHETIC - generated, not a business source: region deployed units split unevenly across sites, then expressed on the real Fabric SKU ladder; holder assigned from the real subscriptions in the extract, weighted by capacity each account requested in that region",925aa064-4127-4cc4-ae06-1ba32f5e48a1,4807869e-c518-4e19-8c9a-14b7ef9aaa2e
canadaeast-dc09-cap01,canadaeast-dc09,canadaeast,F128,128,256,True,True,"SYNTHETIC - generated, not a business source: region deployed units split unevenly across sites, then expressed on the real Fabric SKU ladder; holder assigned from the real subscriptions in the extract, weighted by capacity each account requested in that region",925aa064-4127-4cc4-ae06-1ba32f5e48a1,4807869e-c518-4e19-8c9a-14b7ef9aaa2e
canadaeast-dc09-cap02,canadaeast-dc09,canadaeast,F64,64,128,True,True,"SYNTHETIC - generated, not a business source: region deployed units split unevenly across sites, then expressed on the real Fabric SKU ladder; holder assigned from the real subscriptions in the extract, weighted by capacity each account requested in that region",925aa064-4127-4cc4-ae06-1ba32f5e48a1,4807869e-c518-4e19-8c9a-14b7ef9aaa2e
canadaeast-dc09-cap03,canadaeast-dc09,canadaeast,F16,16,32,False,True,"SYNTHETIC - generated, not a business source: region deployed units split unevenly across sites, then expressed on the real Fabric SKU ladder; holder assigned from the real subscriptions in the extract, weighted by capacity each account requested in that region",925aa064-4127-4cc4-ae06-1ba32f5e48a1,4807869e-c518-4e19-8c9a-14b7ef9aaa2e
canadaeast-dc09-cap04,canadaeast-dc09,canadaeast,F4,4,8,False,True,"SYNTHETIC - generated, not a business source: region deployed units split unevenly across sites, then expressed on the real Fabric SKU ladder; holder assigned from the real subscriptions in the extract, weighted by capacity each account requested in that region",925aa064-4127-4cc4-ae06-1ba32f5e48a1,4807869e-c518-4e19-8c9a-14b7ef9aaa2e
canadaeast-dc09-cap05,canadaeast-dc09,canadaeast,F2,2,4,False,True,"SYNTHETIC - generated, not a business source: region deployed units split unevenly across sites, then expressed on the real Fabric SKU ladder; holder assigned from the real subscriptions in the extract, weighted by capacity each account requested in that region",925aa064-4127-4cc4-ae06-1ba32f5e48a1,4807869e-c518-4e19-8c9a-14b7ef9aaa2e
canadaeast-dc10-cap01,canadaeast-dc10,canadaeast,F128,128,256,True,True,"SYNTHETIC - generated, not a business source: region deployed units split unevenly across sites, then expressed on the real Fabric SKU ladder; holder assigned from the real subscriptions in the extract, weighted by capacity each account requested in that region",925aa064-4127-4cc4-ae06-1ba32f5e48a1,4807869e-c518-4e19-8c9a-14b7ef9aaa2e
canadaeast-dc10-cap02,canadaeast-dc10,canadaeast,F64,64,128,True,True,"SYNTHETIC - generated, not a business source: region deployed units split unevenly across sites, then expressed on the real Fabric SKU ladder; holder assigned from the real subscriptions in the extract, weighted by capacity each account requested in that region",925aa064-4127-4cc4-ae06-1ba32f5e48a1,4807869e-c518-4e19-8c9a-14b7ef9aaa2e
canadaeast-dc10-cap03,canadaeast-dc10,canadaeast,F32,32,64,False,True,"SYNTHETIC - generated, not a business source: region deployed units split unevenly across sites, then expressed on the real Fabric SKU ladder; holder assigned from the real subscriptions in the extract, weighted by capacity each account requested in that region",343ddfa6-a60c-4e11-8164-105b6791e4f9,4d88cea1-2e20-4c16-a8b7-7e8e9619d5f2
canadaeast-dc10-cap04,canadaeast-dc10,canadaeast,F16,16,32,False,True,"SYNTHETIC - generated, not a business source: region deployed units split unevenly across sites, then expressed on the real Fabric SKU ladder; holder assigned from the real subscriptions in the extract, weighted by capacity each account requested in that region",925aa064-4127-4cc4-ae06-1ba32f5e48a1,4807869e-c518-4e19-8c9a-14b7ef9aaa2e
canadaeast-dc10-cap05,canadaeast-dc10,canadaeast,F8,8,16,False,True,"SYNTHETIC - generated, not a business source: region deployed units split unevenly across sites, then expressed on the real Fabric SKU ladder; holder assigned from the real subscriptions in the extract, weighted by capacity each account requested in that region",925aa064-4127-4cc4-ae06-1ba32f5e48a1,4807869e-c518-4e19-8c9a-14b7ef9aaa2e
canadaeast-dc10-cap06,canadaeast-dc10,canadaeast,F2,2,4,False,True,"SYNTHETIC - generated, not a business source: region deployed units split unevenly across sites, then expressed on the real Fabric SKU ladder; holder assigned from the real subscriptions in the extract, weighted by capacity each account requested in that region",925aa064-4127-4cc4-ae06-1ba32f5e48a1,4807869e-c518-4e19-8c9a-14b7ef9aaa2e
eastus2-dc01-cap01,eastus2-dc01,eastus2,F256,256,512,True,True,"SYNTHETIC - generated, not a business source: region deployed units split unevenly across sites, then expressed on the real Fabric SKU ladder; holder assigned from the real subscriptions in the extract, weighted by capacity each account requested in that region",a1220741-a432-477a-bf35-6da84ceb064e,18f92ede-423b-4ce9-b1c6-74749f8e547c
eastus2-dc01-cap02,eastus2-dc01,eastus2,F128,128,256,True,True,"SYNTHETIC - generated, not a business source: region deployed units split unevenly across sites, then expressed on the real Fabric SKU ladder; holder assigned from the real subscriptions in the extract, weighted by capacity each account requested in that region",a1220741-a432-477a-bf35-6da84ceb064e,18f92ede-423b-4ce9-b1c6-74749f8e547c
eastus2-dc01-cap03,eastus2-dc01,eastus2,F16,16,32,False,True,"SYNTHETIC - generated, not a business source: region deployed units split unevenly across sites, then expressed on the real Fabric SKU ladder; holder assigned from the real subscriptions in the extract, weighted by capacity each account requested in that region",735990b6-29a3-409e-acaa-b6cacba8a3b4,9c8d1772-ce89-46ea-b3f3-adf717d341bf
eastus2-dc01-cap04,eastus2-dc01,eastus2,F8,8,16,False,True,"SYNTHETIC - generated, not a business source: region deployed units split unevenly across sites, then expressed on the real Fabric SKU ladder; holder assigned from the real subscriptions in the extract, weighted by capacity each account requested in that region",8a894235-6495-4d29-a537-b4d5c9638a63,45383581-5435-4a2a-88e0-bea1466688d8
eastus2-dc01-cap05,eastus2-dc01,eastus2,F2,2,4,False,True,"SYNTHETIC - generated, not a business source: region deployed units split unevenly across sites, then expressed on the real Fabric SKU ladder; holder assigned from the real subscriptions in the extract, weighted by capacity each account requested in that region",735990b6-29a3-409e-acaa-b6cacba8a3b4,9c8d1772-ce89-46ea-b3f3-adf717d341bf
eastus2-dc02-cap01,eastus2-dc02,eastus2,F128,128,256,True,True,"SYNTHETIC - generated, not a business source: region deployed units split unevenly across sites, then expressed on the real Fabric SKU ladder; holder assigned from the real subscriptions in the extract, weighted by capacity each account requested in that region",735990b6-29a3-409e-acaa-b6cacba8a3b4,9c8d1772-ce89-46ea-b3f3-adf717d341bf
eastus2-dc02-cap02,eastus2-dc02,eastus2,F16,16,32,False,True,"SYNTHETIC - generated, not a business source: region deployed units split unevenly across sites, then expressed on the real Fabric SKU ladder; holder assigned from the real subscriptions in the extract, weighted by capacity each account requested in that region",735990b6-29a3-409e-acaa-b6cacba8a3b4,9c8d1772-ce89-46ea-b3f3-adf717d341bf
eastus2-dc02-cap03,eastus2-dc02,eastus2,F2,2,4,False,True,"SYNTHETIC - generated, not a business source: region deployed units split unevenly across sites, then expressed on the real Fabric SKU ladder; holder assigned from the real subscriptions in the extract, weighted by capacity each account requested in that region",a1220741-a432-477a-bf35-6da84ceb064e,18f92ede-423b-4ce9-b1c6-74749f8e547c
eastus2-dc03-cap01,eastus2-dc03,eastus2,F32,32,64,False,True,"SYNTHETIC - generated, not a business source: region deployed units split unevenly across sites, then expressed on the real Fabric SKU ladder; holder assigned from the real subscriptions in the extract, weighted by capacity each account requested in that region",735990b6-29a3-409e-acaa-b6cacba8a3b4,9c8d1772-ce89-46ea-b3f3-adf717d341bf
eastus2-dc03-cap02,eastus2-dc03,eastus2,F16,16,32,False,True,"SYNTHETIC - generated, not a business source: region deployed units split unevenly across sites, then expressed on the real Fabric SKU ladder; holder assigned from the real subscriptions in the extract, weighted by capacity each account requested in that region",a1220741-a432-477a-bf35-6da84ceb064e,18f92ede-423b-4ce9-b1c6-74749f8e547c
eastus2-dc03-cap03,eastus2-dc03,eastus2,F8,8,16,False,True,"SYNTHETIC - generated, not a business source: region deployed units split unevenly across sites, then expressed on the real Fabric SKU ladder; holder assigned from the real subscriptions in the extract, weighted by capacity each account requested in that region",735990b6-29a3-409e-acaa-b6cacba8a3b4,9c8d1772-ce89-46ea-b3f3-adf717d341bf
eastus2-dc03-cap04,eastus2-dc03,eastus2,F4,4,8,False,True,"SYNTHETIC - generated, not a business source: region deployed units split unevenly across sites, then expressed on the real Fabric SKU ladder; holder assigned from the real subscriptions in the extract, weighted by capacity each account requested in that region",735990b6-29a3-409e-acaa-b6cacba8a3b4,9c8d1772-ce89-46ea-b3f3-adf717d341bf
eastus2-dc03-cap05,eastus2-dc03,eastus2,F2,2,4,False,True,"SYNTHETIC - generated, not a business source: region deployed units split unevenly across sites, then expressed on the real Fabric SKU ladder; holder assigned from the real subscriptions in the extract, weighted by capacity each account requested in that region",735990b6-29a3-409e-acaa-b6cacba8a3b4,9c8d1772-ce89-46ea-b3f3-adf717d341bf
eastus2-dc04-cap01,eastus2-dc04,eastus2,F128,128,256,True,True,"SYNTHETIC - generated, not a business source: region deployed units split unevenly across sites, then expressed on the real Fabric SKU ladder; holder assigned from the real subscriptions in the extract, weighted by capacity each account requested in that region",52f9c816-c626-47fa-8f55-a067dfc2ffdd,14b51215-081d-4680-87fb-3068a92160dc
eastus2-dc04-cap02,eastus2-dc04,eastus2,F16,16,32,False,True,"SYNTHETIC - generated, not a business source: region deployed units split unevenly across sites, then expressed on the real Fabric SKU ladder; holder assigned from the real subscriptions in the extract, weighted by capacity each account requested in that region",a1220741-a432-477a-bf35-6da84ceb064e,18f92ede-423b-4ce9-b1c6-74749f8e547c
eastus2-dc04-cap03,eastus2-dc04,eastus2,F8,8,16,False,True,"SYNTHETIC - generated, not a business source: region deployed units split unevenly across sites, then expressed on the real Fabric SKU ladder; holder assigned from the real subscriptions in the extract, weighted by capacity each account requested in that region",8a894235-6495-4d29-a537-b4d5c9638a63,45383581-5435-4a2a-88e0-bea1466688d8
eastus2-dc04-cap04,eastus2-dc04,eastus2,F4,4,8,False,True,"SYNTHETIC - generated, not a business source: region deployed units split unevenly across sites, then expressed on the real Fabric SKU ladder; holder assigned from the real subscriptions in the extract, weighted by capacity each account requested in that region",735990b6-29a3-409e-acaa-b6cacba8a3b4,9c8d1772-ce89-46ea-b3f3-adf717d341bf
eastus2-dc04-cap05,eastus2-dc04,eastus2,F2,2,4,False,True,"SYNTHETIC - generated, not a business source: region deployed units split unevenly across sites, then expressed on the real Fabric SKU ladder; holder assigned from the real subscriptions in the extract, weighted by capacity each account requested in that region",a1220741-a432-477a-bf35-6da84ceb064e,18f92ede-423b-4ce9-b1c6-74749f8e547c
eastus2-dc05-cap01,eastus2-dc05,eastus2,F128,128,256,True,True,"SYNTHETIC - generated, not a business source: region deployed units split unevenly across sites, then expressed on the real Fabric SKU ladder; holder assigned from the real subscriptions in the extract, weighted by capacity each account requested in that region",735990b6-29a3-409e-acaa-b6cacba8a3b4,9c8d1772-ce89-46ea-b3f3-adf717d341bf
eastus2-dc05-cap02,eastus2-dc05,eastus2,F16,16,32,False,True,"SYNTHETIC - generated, not a business source: region deployed units split unevenly across sites, then expressed on the real Fabric SKU ladder; holder assigned from the real subscriptions in the extract, weighted by capacity each account requested in that region",735990b6-29a3-409e-acaa-b6cacba8a3b4,9c8d1772-ce89-46ea-b3f3-adf717d341bf
eastus2-dc06-cap01,eastus2-dc06,eastus2,F32,32,64,False,True,"SYNTHETIC - generated, not a business source: region deployed units split unevenly across sites, then expressed on the real Fabric SKU ladder; holder assigned from the real subscriptions in the extract, weighted by capacity each account requested in that region",735990b6-29a3-409e-acaa-b6cacba8a3b4,9c8d1772-ce89-46ea-b3f3-adf717d341bf
eastus2-dc06-cap02,eastus2-dc06,eastus2,F4,4,8,False,True,"SYNTHETIC - generated, not a business source: region deployed units split unevenly across sites, then expressed on the real Fabric SKU ladder; holder assigned from the real subscriptions in the extract, weighted by capacity each account requested in that region",8a894235-6495-4d29-a537-b4d5c9638a63,45383581-5435-4a2a-88e0-bea1466688d8
eastus2-dc06-cap03,eastus2-dc06,eastus2,F2,2,4,False,True,"SYNTHETIC - generated, not a business source: region deployed units split unevenly across sites, then expressed on the real Fabric SKU ladder; holder assigned from the real subscriptions in the extract, weighted by capacity each account requested in that region",735990b6-29a3-409e-acaa-b6cacba8a3b4,9c8d1772-ce89-46ea-b3f3-adf717d341bf
eastus2-dc07-cap01,eastus2-dc07,eastus2,F64,64,128,True,True,"SYNTHETIC - generated, not a business source: region deployed units split unevenly across sites, then expressed on the real Fabric SKU ladder; holder assigned from the real subscriptions in the extract, weighted by capacity each account requested in that region",735990b6-29a3-409e-acaa-b6cacba8a3b4,9c8d1772-ce89-46ea-b3f3-adf717d341bf
eastus2-dc07-cap02,eastus2-dc07,eastus2,F32,32,64,False,True,"SYNTHETIC - generated, not a business source: region deployed units split unevenly across sites, then expressed on the real Fabric SKU ladder; holder assigned from the real subscriptions in the extract, weighted by capacity each account requested in that region",735990b6-29a3-409e-acaa-b6cacba8a3b4,9c8d1772-ce89-46ea-b3f3-adf717d341bf
eastus2-dc07-cap03,eastus2-dc07,eastus2,F16,16,32,False,True,"SYNTHETIC - generated, not a business source: region deployed units split unevenly across sites, then expressed on the real Fabric SKU ladder; holder assigned from the real subscriptions in the extract, weighted by capacity each account requested in that region",735990b6-29a3-409e-acaa-b6cacba8a3b4,9c8d1772-ce89-46ea-b3f3-adf717d341bf
eastus2-dc07-cap04,eastus2-dc07,eastus2,F2,2,4,False,True,"SYNTHETIC - generated, not a business source: region deployed units split unevenly across sites, then expressed on the real Fabric SKU ladder; holder assigned from the real subscriptions in the extract, weighted by capacity each account requested in that region",a1220741-a432-477a-bf35-6da84ceb064e,18f92ede-423b-4ce9-b1c6-74749f8e547c
eastus2-dc08-cap01,eastus2-dc08,eastus2,F128,128,256,True,True,"SYNTHETIC - generated, not a business source: region deployed units split unevenly across sites, then expressed on the real Fabric SKU ladder; holder assigned from the real subscriptions in the extract, weighted by capacity each account requested in that region",735990b6-29a3-409e-acaa-b6cacba8a3b4,9c8d1772-ce89-46ea-b3f3-adf717d341bf
eastus2-dc08-cap02,eastus2-dc08,eastus2,F128,128,256,True,True,"SYNTHETIC - generated, not a business source: region deployed units split unevenly across sites, then expressed on the real Fabric SKU ladder; holder assigned from the real subscriptions in the extract, weighted by capacity each account requested in that region",735990b6-29a3-409e-acaa-b6cacba8a3b4,9c8d1772-ce89-46ea-b3f3-adf717d341bf
eastus2-dc08-cap03,eastus2-dc08,eastus2,F8,8,16,False,True,"SYNTHETIC - generated, not a business source: region deployed units split unevenly across sites, then expressed on the real Fabric SKU ladder; holder assigned from the real subscriptions in the extract, weighted by capacity each account requested in that region",a1220741-a432-477a-bf35-6da84ceb064e,18f92ede-423b-4ce9-b1c6-74749f8e547c
eastus2-dc08-cap04,eastus2-dc08,eastus2,F4,4,8,False,True,"SYNTHETIC - generated, not a business source: region deployed units split unevenly across sites, then expressed on the real Fabric SKU ladder; holder assigned from the real subscriptions in the extract, weighted by capacity each account requested in that region",735990b6-29a3-409e-acaa-b6cacba8a3b4,9c8d1772-ce89-46ea-b3f3-adf717d341bf
eastus2-dc08-cap05,eastus2-dc08,eastus2,F2,2,4,False,True,"SYNTHETIC - generated, not a business source: region deployed units split unevenly across sites, then expressed on the real Fabric SKU ladder; holder assigned from the real subscriptions in the extract, weighted by capacity each account requested in that region",a1220741-a432-477a-bf35-6da84ceb064e,18f92ede-423b-4ce9-b1c6-74749f8e547c
eastus2-dc09-cap01,eastus2-dc09,eastus2,F16,16,32,False,True,"SYNTHETIC - generated, not a business source: region deployed units split unevenly across sites, then expressed on the real Fabric SKU ladder; holder assigned from the real subscriptions in the extract, weighted by capacity each account requested in that region",a1220741-a432-477a-bf35-6da84ceb064e,18f92ede-423b-4ce9-b1c6-74749f8e547c
eastus2-dc09-cap02,eastus2-dc09,eastus2,F8,8,16,False,True,"SYNTHETIC - generated, not a business source: region deployed units split unevenly across sites, then expressed on the real Fabric SKU ladder; holder assigned from the real subscriptions in the extract, weighted by capacity each account requested in that region",a1220741-a432-477a-bf35-6da84ceb064e,18f92ede-423b-4ce9-b1c6-74749f8e547c
eastus2-dc10-cap01,eastus2-dc10,eastus2,F32,32,64,False,True,"SYNTHETIC - generated, not a business source: region deployed units split unevenly across sites, then expressed on the real Fabric SKU ladder; holder assigned from the real subscriptions in the extract, weighted by capacity each account requested in that region",a1220741-a432-477a-bf35-6da84ceb064e,18f92ede-423b-4ce9-b1c6-74749f8e547c
eastus2-dc10-cap02,eastus2-dc10,eastus2,F16,16,32,False,True,"SYNTHETIC - generated, not a business source: region deployed units split unevenly across sites, then expressed on the real Fabric SKU ladder; holder assigned from the real subscriptions in the extract, weighted by capacity each account requested in that region",735990b6-29a3-409e-acaa-b6cacba8a3b4,9c8d1772-ce89-46ea-b3f3-adf717d341bf
eastus2-dc10-cap03,eastus2-dc10,eastus2,F8,8,16,False,True,"SYNTHETIC - generated, not a business source: region deployed units split unevenly across sites, then expressed on the real Fabric SKU ladder; holder assigned from the real subscriptions in the extract, weighted by capacity each account requested in that region",52f9c816-c626-47fa-8f55-a067dfc2ffdd,14b51215-081d-4680-87fb-3068a92160dc
eastus2-dc10-cap04,eastus2-dc10,eastus2,F4,4,8,False,True,"SYNTHETIC - generated, not a business source: region deployed units split unevenly across sites, then expressed on the real Fabric SKU ladder; holder assigned from the real subscriptions in the extract, weighted by capacity each account requested in that region",735990b6-29a3-409e-acaa-b6cacba8a3b4,9c8d1772-ce89-46ea-b3f3-adf717d341bf
uksouth-dc01-cap01,uksouth-dc01,uksouth,F128,128,256,True,True,"SYNTHETIC - generated, not a business source: region deployed units split unevenly across sites, then expressed on the real Fabric SKU ladder; holder assigned from the real subscriptions in the extract, weighted by capacity each account requested in that region",e2efb60e-f283-47fa-b99f-4e29ed4ba79e,4eb35397-30ef-47ce-aad0-8bf3d6046d44
uksouth-dc01-cap02,uksouth-dc01,uksouth,F64,64,128,True,True,"SYNTHETIC - generated, not a business source: region deployed units split unevenly across sites, then expressed on the real Fabric SKU ladder; holder assigned from the real subscriptions in the extract, weighted by capacity each account requested in that region",0911d0fa-d1d2-4cc8-986b-0c6206c20804,64424ff4-4021-4205-b4e0-6dc0fee3a937
uksouth-dc01-cap03,uksouth-dc01,uksouth,F32,32,64,False,True,"SYNTHETIC - generated, not a business source: region deployed units split unevenly across sites, then expressed on the real Fabric SKU ladder; holder assigned from the real subscriptions in the extract, weighted by capacity each account requested in that region",e2efb60e-f283-47fa-b99f-4e29ed4ba79e,4eb35397-30ef-47ce-aad0-8bf3d6046d44
uksouth-dc01-cap04,uksouth-dc01,uksouth,F16,16,32,False,True,"SYNTHETIC - generated, not a business source: region deployed units split unevenly across sites, then expressed on the real Fabric SKU ladder; holder assigned from the real subscriptions in the extract, weighted by capacity each account requested in that region",e2efb60e-f283-47fa-b99f-4e29ed4ba79e,4eb35397-30ef-47ce-aad0-8bf3d6046d44
uksouth-dc01-cap05,uksouth-dc01,uksouth,F8,8,16,False,True,"SYNTHETIC - generated, not a business source: region deployed units split unevenly across sites, then expressed on the real Fabric SKU ladder; holder assigned from the real subscriptions in the extract, weighted by capacity each account requested in that region",e2efb60e-f283-47fa-b99f-4e29ed4ba79e,4eb35397-30ef-47ce-aad0-8bf3d6046d44
uksouth-dc01-cap06,uksouth-dc01,uksouth,F4,4,8,False,True,"SYNTHETIC - generated, not a business source: region deployed units split unevenly across sites, then expressed on the real Fabric SKU ladder; holder assigned from the real subscriptions in the extract, weighted by capacity each account requested in that region",e2efb60e-f283-47fa-b99f-4e29ed4ba79e,4eb35397-30ef-47ce-aad0-8bf3d6046d44
uksouth-dc01-cap07,uksouth-dc01,uksouth,F2,2,4,False,True,"SYNTHETIC - generated, not a business source: region deployed units split unevenly across sites, then expressed on the real Fabric SKU ladder; holder assigned from the real subscriptions in the extract, weighted by capacity each account requested in that region",e2efb60e-f283-47fa-b99f-4e29ed4ba79e,4eb35397-30ef-47ce-aad0-8bf3d6046d44
uksouth-dc02-cap01,uksouth-dc02,uksouth,F128,128,256,True,True,"SYNTHETIC - generated, not a business source: region deployed units split unevenly across sites, then expressed on the real Fabric SKU ladder; holder assigned from the real subscriptions in the extract, weighted by capacity each account requested in that region",e2efb60e-f283-47fa-b99f-4e29ed4ba79e,4eb35397-30ef-47ce-aad0-8bf3d6046d44
uksouth-dc02-cap02,uksouth-dc02,uksouth,F16,16,32,False,True,"SYNTHETIC - generated, not a business source: region deployed units split unevenly across sites, then expressed on the real Fabric SKU ladder; holder assigned from the real subscriptions in the extract, weighted by capacity each account requested in that region",e2efb60e-f283-47fa-b99f-4e29ed4ba79e,4eb35397-30ef-47ce-aad0-8bf3d6046d44
uksouth-dc02-cap03,uksouth-dc02,uksouth,F4,4,8,False,True,"SYNTHETIC - generated, not a business source: region deployed units split unevenly across sites, then expressed on the real Fabric SKU ladder; holder assigned from the real subscriptions in the extract, weighted by capacity each account requested in that region",0911d0fa-d1d2-4cc8-986b-0c6206c20804,64424ff4-4021-4205-b4e0-6dc0fee3a937
uksouth-dc02-cap04,uksouth-dc02,uksouth,F2,2,4,False,True,"SYNTHETIC - generated, not a business source: region deployed units split unevenly across sites, then expressed on the real Fabric SKU ladder; holder assigned from the real subscriptions in the extract, weighted by capacity each account requested in that region",e2efb60e-f283-47fa-b99f-4e29ed4ba79e,4eb35397-30ef-47ce-aad0-8bf3d6046d44
uksouth-dc03-cap01,uksouth-dc03,uksouth,F128,128,256,True,True,"SYNTHETIC - generated, not a business source: region deployed units split unevenly across sites, then expressed on the real Fabric SKU ladder; holder assigned from the real subscriptions in the extract, weighted by capacity each account requested in that region",e2efb60e-f283-47fa-b99f-4e29ed4ba79e,4eb35397-30ef-47ce-aad0-8bf3d6046d44
uksouth-dc03-cap02,uksouth-dc03,uksouth,F64,64,128,True,True,"SYNTHETIC - generated, not a business source: region deployed units split unevenly across sites, then expressed on the real Fabric SKU ladder; holder assigned from the real subscriptions in the extract, weighted by capacity each account requested in that region",e2efb60e-f283-47fa-b99f-4e29ed4ba79e,4eb35397-30ef-47ce-aad0-8bf3d6046d44
uksouth-dc03-cap03,uksouth-dc03,uksouth,F16,16,32,False,True,"SYNTHETIC - generated, not a business source: region deployed units split unevenly across sites, then expressed on the real Fabric SKU ladder; holder assigned from the real subscriptions in the extract, weighted by capacity each account requested in that region",e2efb60e-f283-47fa-b99f-4e29ed4ba79e,4eb35397-30ef-47ce-aad0-8bf3d6046d44
uksouth-dc03-cap04,uksouth-dc03,uksouth,F8,8,16,False,True,"SYNTHETIC - generated, not a business source: region deployed units split unevenly across sites, then expressed on the real Fabric SKU ladder; holder assigned from the real subscriptions in the extract, weighted by capacity each account requested in that region",0911d0fa-d1d2-4cc8-986b-0c6206c20804,64424ff4-4021-4205-b4e0-6dc0fee3a937
uksouth-dc03-cap05,uksouth-dc03,uksouth,F4,4,8,False,True,"SYNTHETIC - generated, not a business source: region deployed units split unevenly across sites, then expressed on the real Fabric SKU ladder; holder assigned from the real subscriptions in the extract, weighted by capacity each account requested in that region",e2efb60e-f283-47fa-b99f-4e29ed4ba79e,4eb35397-30ef-47ce-aad0-8bf3d6046d44
uksouth-dc03-cap06,uksouth-dc03,uksouth,F2,2,4,False,True,"SYNTHETIC - generated, not a business source: region deployed units split unevenly across sites, then expressed on the real Fabric SKU ladder; holder assigned from the real subscriptions in the extract, weighted by capacity each account requested in that region",e2efb60e-f283-47fa-b99f-4e29ed4ba79e,4eb35397-30ef-47ce-aad0-8bf3d6046d44
uksouth-dc04-cap01,uksouth-dc04,uksouth,F32,32,64,False,True,"SYNTHETIC - generated, not a business source: region deployed units split unevenly across sites, then expressed on the real Fabric SKU ladder; holder assigned from the real subscriptions in the extract, weighted by capacity each account requested in that region",e2efb60e-f283-47fa-b99f-4e29ed4ba79e,4eb35397-30ef-47ce-aad0-8bf3d6046d44
uksouth-dc04-cap02,uksouth-dc04,uksouth,F2,2,4,False,True,"SYNTHETIC - generated, not a business source: region deployed units split unevenly across sites, then expressed on the real Fabric SKU ladder; holder assigned from the real subscriptions in the extract, weighted by capacity each account requested in that region",0911d0fa-d1d2-4cc8-986b-0c6206c20804,64424ff4-4021-4205-b4e0-6dc0fee3a937
uksouth-dc05-cap01,uksouth-dc05,uksouth,F32,32,64,False,True,"SYNTHETIC - generated, not a business source: region deployed units split unevenly across sites, then expressed on the real Fabric SKU ladder; holder assigned from the real subscriptions in the extract, weighted by capacity each account requested in that region",e2efb60e-f283-47fa-b99f-4e29ed4ba79e,4eb35397-30ef-47ce-aad0-8bf3d6046d44
uksouth-dc05-cap02,uksouth-dc05,uksouth,F16,16,32,False,True,"SYNTHETIC - generated, not a business source: region deployed units split unevenly across sites, then expressed on the real Fabric SKU ladder; holder assigned from the real subscriptions in the extract, weighted by capacity each account requested in that region",e2efb60e-f283-47fa-b99f-4e29ed4ba79e,4eb35397-30ef-47ce-aad0-8bf3d6046d44
uksouth-dc05-cap03,uksouth-dc05,uksouth,F8,8,16,False,True,"SYNTHETIC - generated, not a business source: region deployed units split unevenly across sites, then expressed on the real Fabric SKU ladder; holder assigned from the real subscriptions in the extract, weighted by capacity each account requested in that region",e2efb60e-f283-47fa-b99f-4e29ed4ba79e,4eb35397-30ef-47ce-aad0-8bf3d6046d44
uksouth-dc05-cap04,uksouth-dc05,uksouth,F4,4,8,False,True,"SYNTHETIC - generated, not a business source: region deployed units split unevenly across sites, then expressed on the real Fabric SKU ladder; holder assigned from the real subscriptions in the extract, weighted by capacity each account requested in that region",0911d0fa-d1d2-4cc8-986b-0c6206c20804,64424ff4-4021-4205-b4e0-6dc0fee3a937
uksouth-dc05-cap05,uksouth-dc05,uksouth,F2,2,4,False,True,"SYNTHETIC - generated, not a business source: region deployed units split unevenly across sites, then expressed on the real Fabric SKU ladder; holder assigned from the real subscriptions in the extract, weighted by capacity each account requested in that region",e2efb60e-f283-47fa-b99f-4e29ed4ba79e,4eb35397-30ef-47ce-aad0-8bf3d6046d44
uksouth-dc06-cap01,uksouth-dc06,uksouth,F128,128,256,True,True,"SYNTHETIC - generated, not a business source: region deployed units split unevenly across sites, then expressed on the real Fabric SKU ladder; holder assigned from the real subscriptions in the extract, weighted by capacity each account requested in that region",0911d0fa-d1d2-4cc8-986b-0c6206c20804,64424ff4-4021-4205-b4e0-6dc0fee3a937
uksouth-dc06-cap02,uksouth-dc06,uksouth,F64,64,128,True,True,"SYNTHETIC - generated, not a business source: region deployed units split unevenly across sites, then expressed on the real Fabric SKU ladder; holder assigned from the real subscriptions in the extract, weighted by capacity each account requested in that region",e2efb60e-f283-47fa-b99f-4e29ed4ba79e,4eb35397-30ef-47ce-aad0-8bf3d6046d44
uksouth-dc06-cap03,uksouth-dc06,uksouth,F32,32,64,False,True,"SYNTHETIC - generated, not a business source: region deployed units split unevenly across sites, then expressed on the real Fabric SKU ladder; holder assigned from the real subscriptions in the extract, weighted by capacity each account requested in that region",e2efb60e-f283-47fa-b99f-4e29ed4ba79e,4eb35397-30ef-47ce-aad0-8bf3d6046d44
uksouth-dc06-cap04,uksouth-dc06,uksouth,F16,16,32,False,True,"SYNTHETIC - generated, not a business source: region deployed units split unevenly across sites, then expressed on the real Fabric SKU ladder; holder assigned from the real subscriptions in the extract, weighted by capacity each account requested in that region",e2efb60e-f283-47fa-b99f-4e29ed4ba79e,4eb35397-30ef-47ce-aad0-8bf3d6046d44
uksouth-dc06-cap05,uksouth-dc06,uksouth,F4,4,8,False,True,"SYNTHETIC - generated, not a business source: region deployed units split unevenly across sites, then expressed on the real Fabric SKU ladder; holder assigned from the real subscriptions in the extract, weighted by capacity each account requested in that region",e2efb60e-f283-47fa-b99f-4e29ed4ba79e,4eb35397-30ef-47ce-aad0-8bf3d6046d44
uksouth-dc06-cap06,uksouth-dc06,uksouth,F2,2,4,False,True,"SYNTHETIC - generated, not a business source: region deployed units split unevenly across sites, then expressed on the real Fabric SKU ladder; holder assigned from the real subscriptions in the extract, weighted by capacity each account requested in that region",e2efb60e-f283-47fa-b99f-4e29ed4ba79e,4eb35397-30ef-47ce-aad0-8bf3d6046d44
uksouth-dc07-cap01,uksouth-dc07,uksouth,F256,256,512,True,True,"SYNTHETIC - generated, not a business source: region deployed units split unevenly across sites, then expressed on the real Fabric SKU ladder; holder assigned from the real subscriptions in the extract, weighted by capacity each account requested in that region",e2efb60e-f283-47fa-b99f-4e29ed4ba79e,4eb35397-30ef-47ce-aad0-8bf3d6046d44
uksouth-dc07-cap02,uksouth-dc07,uksouth,F32,32,64,False,True,"SYNTHETIC - generated, not a business source: region deployed units split unevenly across sites, then expressed on the real Fabric SKU ladder; holder assigned from the real subscriptions in the extract, weighted by capacity each account requested in that region",e2efb60e-f283-47fa-b99f-4e29ed4ba79e,4eb35397-30ef-47ce-aad0-8bf3d6046d44
uksouth-dc07-cap03,uksouth-dc07,uksouth,F16,16,32,False,True,"SYNTHETIC - generated, not a business source: region deployed units split unevenly across sites, then expressed on the real Fabric SKU ladder; holder assigned from the real subscriptions in the extract, weighted by capacity each account requested in that region",e2efb60e-f283-47fa-b99f-4e29ed4ba79e,4eb35397-30ef-47ce-aad0-8bf3d6046d44
uksouth-dc07-cap04,uksouth-dc07,uksouth,F4,4,8,False,True,"SYNTHETIC - generated, not a business source: region deployed units split unevenly across sites, then expressed on the real Fabric SKU ladder; holder assigned from the real subscriptions in the extract, weighted by capacity each account requested in that region",e2efb60e-f283-47fa-b99f-4e29ed4ba79e,4eb35397-30ef-47ce-aad0-8bf3d6046d44
uksouth-dc08-cap01,uksouth-dc08,uksouth,F128,128,256,True,True,"SYNTHETIC - generated, not a business source: region deployed units split unevenly across sites, then expressed on the real Fabric SKU ladder; holder assigned from the real subscriptions in the extract, weighted by capacity each account requested in that region",0911d0fa-d1d2-4cc8-986b-0c6206c20804,64424ff4-4021-4205-b4e0-6dc0fee3a937
uksouth-dc08-cap02,uksouth-dc08,uksouth,F64,64,128,True,True,"SYNTHETIC - generated, not a business source: region deployed units split unevenly across sites, then expressed on the real Fabric SKU ladder; holder assigned from the real subscriptions in the extract, weighted by capacity each account requested in that region",0911d0fa-d1d2-4cc8-986b-0c6206c20804,64424ff4-4021-4205-b4e0-6dc0fee3a937
uksouth-dc09-cap01,uksouth-dc09,uksouth,F128,128,256,True,True,"SYNTHETIC - generated, not a business source: region deployed units split unevenly across sites, then expressed on the real Fabric SKU ladder; holder assigned from the real subscriptions in the extract, weighted by capacity each account requested in that region",e2efb60e-f283-47fa-b99f-4e29ed4ba79e,4eb35397-30ef-47ce-aad0-8bf3d6046d44
uksouth-dc09-cap02,uksouth-dc09,uksouth,F32,32,64,False,True,"SYNTHETIC - generated, not a business source: region deployed units split unevenly across sites, then expressed on the real Fabric SKU ladder; holder assigned from the real subscriptions in the extract, weighted by capacity each account requested in that region",e2efb60e-f283-47fa-b99f-4e29ed4ba79e,4eb35397-30ef-47ce-aad0-8bf3d6046d44
uksouth-dc09-cap03,uksouth-dc09,uksouth,F16,16,32,False,True,"SYNTHETIC - generated, not a business source: region deployed units split unevenly across sites, then expressed on the real Fabric SKU ladder; holder assigned from the real subscriptions in the extract, weighted by capacity each account requested in that region",e2efb60e-f283-47fa-b99f-4e29ed4ba79e,4eb35397-30ef-47ce-aad0-8bf3d6046d44
uksouth-dc09-cap04,uksouth-dc09,uksouth,F8,8,16,False,True,"SYNTHETIC - generated, not a business source: region deployed units split unevenly across sites, then expressed on the real Fabric SKU ladder; holder assigned from the real subscriptions in the extract, weighted by capacity each account requested in that region",0911d0fa-d1d2-4cc8-986b-0c6206c20804,64424ff4-4021-4205-b4e0-6dc0fee3a937
uksouth-dc09-cap05,uksouth-dc09,uksouth,F4,4,8,False,True,"SYNTHETIC - generated, not a business source: region deployed units split unevenly across sites, then expressed on the real Fabric SKU ladder; holder assigned from the real subscriptions in the extract, weighted by capacity each account requested in that region",e2efb60e-f283-47fa-b99f-4e29ed4ba79e,4eb35397-30ef-47ce-aad0-8bf3d6046d44
uksouth-dc09-cap06,uksouth-dc09,uksouth,F2,2,4,False,True,"SYNTHETIC - generated, not a business source: region deployed units split unevenly across sites, then expressed on the real Fabric SKU ladder; holder assigned from the real subscriptions in the extract, weighted by capacity each account requested in that region",e2efb60e-f283-47fa-b99f-4e29ed4ba79e,4eb35397-30ef-47ce-aad0-8bf3d6046d44
uksouth-dc10-cap01,uksouth-dc10,uksouth,F128,128,256,True,True,"SYNTHETIC - generated, not a business source: region deployed units split unevenly across sites, then expressed on the real Fabric SKU ladder; holder assigned from the real subscriptions in the extract, weighted by capacity each account requested in that region",e2efb60e-f283-47fa-b99f-4e29ed4ba79e,4eb35397-30ef-47ce-aad0-8bf3d6046d44
uksouth-dc10-cap02,uksouth-dc10,uksouth,F32,32,64,False,True,"SYNTHETIC - generated, not a business source: region deployed units split unevenly across sites, then expressed on the real Fabric SKU ladder; holder assigned from the real subscriptions in the extract, weighted by capacity each account requested in that region",e2efb60e-f283-47fa-b99f-4e29ed4ba79e,4eb35397-30ef-47ce-aad0-8bf3d6046d44
uksouth-dc10-cap03,uksouth-dc10,uksouth,F8,8,16,False,True,"SYNTHETIC - generated, not a business source: region deployed units split unevenly across sites, then expressed on the real Fabric SKU ladder; holder assigned from the real subscriptions in the extract, weighted by capacity each account requested in that region",48840256-5fa3-4d7d-b554-6efb8066aafb,f79c09b4-e935-4c35-908f-922944f9a28d
westus2-dc01-cap01,westus2-dc01,westus2,F16,16,32,False,True,"SYNTHETIC - generated, not a business source: region deployed units split unevenly across sites, then expressed on the real Fabric SKU ladder; holder assigned from the real subscriptions in the extract, weighted by capacity each account requested in that region",10dca600-06b8-4e55-ab0d-efbca733e3aa,b47a8f79-59fc-492e-a6e9-5b9b837be30c
westus2-dc01-cap02,westus2-dc01,westus2,F8,8,16,False,True,"SYNTHETIC - generated, not a business source: region deployed units split unevenly across sites, then expressed on the real Fabric SKU ladder; holder assigned from the real subscriptions in the extract, weighted by capacity each account requested in that region",10dca600-06b8-4e55-ab0d-efbca733e3aa,b47a8f79-59fc-492e-a6e9-5b9b837be30c
westus2-dc01-cap03,westus2-dc01,westus2,F4,4,8,False,True,"SYNTHETIC - generated, not a business source: region deployed units split unevenly across sites, then expressed on the real Fabric SKU ladder; holder assigned from the real subscriptions in the extract, weighted by capacity each account requested in that region",10dca600-06b8-4e55-ab0d-efbca733e3aa,b47a8f79-59fc-492e-a6e9-5b9b837be30c
westus2-dc02-cap01,westus2-dc02,westus2,F32,32,64,False,True,"SYNTHETIC - generated, not a business source: region deployed units split unevenly across sites, then expressed on the real Fabric SKU ladder; holder assigned from the real subscriptions in the extract, weighted by capacity each account requested in that region",10dca600-06b8-4e55-ab0d-efbca733e3aa,b47a8f79-59fc-492e-a6e9-5b9b837be30c
westus2-dc02-cap02,westus2-dc02,westus2,F16,16,32,False,True,"SYNTHETIC - generated, not a business source: region deployed units split unevenly across sites, then expressed on the real Fabric SKU ladder; holder assigned from the real subscriptions in the extract, weighted by capacity each account requested in that region",10dca600-06b8-4e55-ab0d-efbca733e3aa,b47a8f79-59fc-492e-a6e9-5b9b837be30c
westus2-dc03-cap01,westus2-dc03,westus2,F32,32,64,False,True,"SYNTHETIC - generated, not a business source: region deployed units split unevenly across sites, then expressed on the real Fabric SKU ladder; holder assigned from the real subscriptions in the extract, weighted by capacity each account requested in that region",10dca600-06b8-4e55-ab0d-efbca733e3aa,b47a8f79-59fc-492e-a6e9-5b9b837be30c
westus2-dc03-cap02,westus2-dc03,westus2,F8,8,16,False,True,"SYNTHETIC - generated, not a business source: region deployed units split unevenly across sites, then expressed on the real Fabric SKU ladder; holder assigned from the real subscriptions in the extract, weighted by capacity each account requested in that region",10dca600-06b8-4e55-ab0d-efbca733e3aa,b47a8f79-59fc-492e-a6e9-5b9b837be30c
westus2-dc04-cap01,westus2-dc04,westus2,F16,16,32,False,True,"SYNTHETIC - generated, not a business source: region deployed units split unevenly across sites, then expressed on the real Fabric SKU ladder; holder assigned from the real subscriptions in the extract, weighted by capacity each account requested in that region",10dca600-06b8-4e55-ab0d-efbca733e3aa,b47a8f79-59fc-492e-a6e9-5b9b837be30c
westus2-dc04-cap02,westus2-dc04,westus2,F4,4,8,False,True,"SYNTHETIC - generated, not a business source: region deployed units split unevenly across sites, then expressed on the real Fabric SKU ladder; holder assigned from the real subscriptions in the extract, weighted by capacity each account requested in that region",343ddfa6-a60c-4e11-8164-105b6791e4f9,4d88cea1-2e20-4c16-a8b7-7e8e9619d5f2
westus2-dc04-cap03,westus2-dc04,westus2,F2,2,4,False,True,"SYNTHETIC - generated, not a business source: region deployed units split unevenly across sites, then expressed on the real Fabric SKU ladder; holder assigned from the real subscriptions in the extract, weighted by capacity each account requested in that region",10dca600-06b8-4e55-ab0d-efbca733e3aa,b47a8f79-59fc-492e-a6e9-5b9b837be30c
westus2-dc05-cap01,westus2-dc05,westus2,F4,4,8,False,True,"SYNTHETIC - generated, not a business source: region deployed units split unevenly across sites, then expressed on the real Fabric SKU ladder; holder assigned from the real subscriptions in the extract, weighted by capacity each account requested in that region",10dca600-06b8-4e55-ab0d-efbca733e3aa,b47a8f79-59fc-492e-a6e9-5b9b837be30c
westus2-dc06-cap01,westus2-dc06,westus2,F16,16,32,False,True,"SYNTHETIC - generated, not a business source: region deployed units split unevenly across sites, then expressed on the real Fabric SKU ladder; holder assigned from the real subscriptions in the extract, weighted by capacity each account requested in that region",10dca600-06b8-4e55-ab0d-efbca733e3aa,b47a8f79-59fc-492e-a6e9-5b9b837be30c
westus2-dc06-cap02,westus2-dc06,westus2,F8,8,16,False,True,"SYNTHETIC - generated, not a business source: region deployed units split unevenly across sites, then expressed on the real Fabric SKU ladder; holder assigned from the real subscriptions in the extract, weighted by capacity each account requested in that region",10dca600-06b8-4e55-ab0d-efbca733e3aa,b47a8f79-59fc-492e-a6e9-5b9b837be30c
westus2-dc07-cap01,westus2-dc07,westus2,F64,64,128,True,True,"SYNTHETIC - generated, not a business source: region deployed units split unevenly across sites, then expressed on the real Fabric SKU ladder; holder assigned from the real subscriptions in the extract, weighted by capacity each account requested in that region",10dca600-06b8-4e55-ab0d-efbca733e3aa,b47a8f79-59fc-492e-a6e9-5b9b837be30c
westus2-dc08-cap01,westus2-dc08,westus2,F16,16,32,False,True,"SYNTHETIC - generated, not a business source: region deployed units split unevenly across sites, then expressed on the real Fabric SKU ladder; holder assigned from the real subscriptions in the extract, weighted by capacity each account requested in that region",10dca600-06b8-4e55-ab0d-efbca733e3aa,b47a8f79-59fc-492e-a6e9-5b9b837be30c
westus2-dc08-cap02,westus2-dc08,westus2,F8,8,16,False,True,"SYNTHETIC - generated, not a business source: region deployed units split unevenly across sites, then expressed on the real Fabric SKU ladder; holder assigned from the real subscriptions in the extract, weighted by capacity each account requested in that region",10dca600-06b8-4e55-ab0d-efbca733e3aa,b47a8f79-59fc-492e-a6e9-5b9b837be30c
westus2-dc09-cap01,westus2-dc09,westus2,F16,16,32,False,True,"SYNTHETIC - generated, not a business source: region deployed units split unevenly across sites, then expressed on the real Fabric SKU ladder; holder assigned from the real subscriptions in the extract, weighted by capacity each account requested in that region",10dca600-06b8-4e55-ab0d-efbca733e3aa,b47a8f79-59fc-492e-a6e9-5b9b837be30c
westus2-dc09-cap02,westus2-dc09,westus2,F4,4,8,False,True,"SYNTHETIC - generated, not a business source: region deployed units split unevenly across sites, then expressed on the real Fabric SKU ladder; holder assigned from the real subscriptions in the extract, weighted by capacity each account requested in that region",10dca600-06b8-4e55-ab0d-efbca733e3aa,b47a8f79-59fc-492e-a6e9-5b9b837be30c
westus2-dc10-cap01,westus2-dc10,westus2,F16,16,32,False,True,"SYNTHETIC - generated, not a business source: region deployed units split unevenly across sites, then expressed on the real Fabric SKU ladder; holder assigned from the real subscriptions in the extract, weighted by capacity each account requested in that region",10dca600-06b8-4e55-ab0d-efbca733e3aa,b47a8f79-59fc-492e-a6e9-5b9b837be30c
eastus-dc01-cap01,eastus-dc01,eastus,F32,32,64,False,True,"SYNTHETIC - generated, not a business source: region deployed units split unevenly across sites, then expressed on the real Fabric SKU ladder; holder assigned from the real subscriptions in the extract, weighted by capacity each account requested in that region",925aa064-4127-4cc4-ae06-1ba32f5e48a1,4807869e-c518-4e19-8c9a-14b7ef9aaa2e
eastus-dc02-cap01,eastus-dc02,eastus,F16,16,32,False,True,"SYNTHETIC - generated, not a business source: region deployed units split unevenly across sites, then expressed on the real Fabric SKU ladder; holder assigned from the real subscriptions in the extract, weighted by capacity each account requested in that region",925aa064-4127-4cc4-ae06-1ba32f5e48a1,4807869e-c518-4e19-8c9a-14b7ef9aaa2e
eastus-dc02-cap02,eastus-dc02,eastus,F2,2,4,False,True,"SYNTHETIC - generated, not a business source: region deployed units split unevenly across sites, then expressed on the real Fabric SKU ladder; holder assigned from the real subscriptions in the extract, weighted by capacity each account requested in that region",925aa064-4127-4cc4-ae06-1ba32f5e48a1,4807869e-c518-4e19-8c9a-14b7ef9aaa2e
eastus-dc03-cap01,eastus-dc03,eastus,F4,4,8,False,True,"SYNTHETIC - generated, not a business source: region deployed units split unevenly across sites, then expressed on the real Fabric SKU ladder; holder assigned from the real subscriptions in the extract, weighted by capacity each account requested in that region",7da2a5f7-27fc-4497-8922-d69a90daf646,a8aebaf7-a306-4580-9c00-5026a5ce753a
eastus-dc03-cap02,eastus-dc03,eastus,F2,2,4,False,True,"SYNTHETIC - generated, not a business source: region deployed units split unevenly across sites, then expressed on the real Fabric SKU ladder; holder assigned from the real subscriptions in the extract, weighted by capacity each account requested in that region",925aa064-4127-4cc4-ae06-1ba32f5e48a1,4807869e-c518-4e19-8c9a-14b7ef9aaa2e
eastus-dc04-cap01,eastus-dc04,eastus,F8,8,16,False,True,"SYNTHETIC - generated, not a business source: region deployed units split unevenly across sites, then expressed on the real Fabric SKU ladder; holder assigned from the real subscriptions in the extract, weighted by capacity each account requested in that region",925aa064-4127-4cc4-ae06-1ba32f5e48a1,4807869e-c518-4e19-8c9a-14b7ef9aaa2e
eastus-dc05-cap01,eastus-dc05,eastus,F64,64,128,True,True,"SYNTHETIC - generated, not a business source: region deployed units split unevenly across sites, then expressed on the real Fabric SKU ladder; holder assigned from the real subscriptions in the extract, weighted by capacity each account requested in that region",925aa064-4127-4cc4-ae06-1ba32f5e48a1,4807869e-c518-4e19-8c9a-14b7ef9aaa2e
eastus-dc05-cap02,eastus-dc05,eastus,F2,2,4,False,True,"SYNTHETIC - generated, not a business source: region deployed units split unevenly across sites, then expressed on the real Fabric SKU ladder; holder assigned from the real subscriptions in the extract, weighted by capacity each account requested in that region",925aa064-4127-4cc4-ae06-1ba32f5e48a1,4807869e-c518-4e19-8c9a-14b7ef9aaa2e
eastus-dc06-cap01,eastus-dc06,eastus,F32,32,64,False,True,"SYNTHETIC - generated, not a business source: region deployed units split unevenly across sites, then expressed on the real Fabric SKU ladder; holder assigned from the real subscriptions in the extract, weighted by capacity each account requested in that region",c16d3988-89fd-40d7-8235-1053418eaf6d,54b2951a-c2b8-49e0-9a9b-ea8b4fdaceed
eastus-dc06-cap02,eastus-dc06,eastus,F16,16,32,False,True,"SYNTHETIC - generated, not a business source: region deployed units split unevenly across sites, then expressed on the real Fabric SKU ladder; holder assigned from the real subscriptions in the extract, weighted by capacity each account requested in that region",925aa064-4127-4cc4-ae06-1ba32f5e48a1,4807869e-c518-4e19-8c9a-14b7ef9aaa2e
eastus-dc06-cap03,eastus-dc06,eastus,F4,4,8,False,True,"SYNTHETIC - generated, not a business source: region deployed units split unevenly across sites, then expressed on the real Fabric SKU ladder; holder assigned from the real subscriptions in the extract, weighted by capacity each account requested in that region",925aa064-4127-4cc4-ae06-1ba32f5e48a1,4807869e-c518-4e19-8c9a-14b7ef9aaa2e
eastus-dc07-cap01,eastus-dc07,eastus,F8,8,16,False,True,"SYNTHETIC - generated, not a business source: region deployed units split unevenly across sites, then expressed on the real Fabric SKU ladder; holder assigned from the real subscriptions in the extract, weighted by capacity each account requested in that region",925aa064-4127-4cc4-ae06-1ba32f5e48a1,4807869e-c518-4e19-8c9a-14b7ef9aaa2e
eastus-dc08-cap01,eastus-dc08,eastus,F64,64,128,True,True,"SYNTHETIC - generated, not a business source: region deployed units split unevenly across sites, then expressed on the real Fabric SKU ladder; holder assigned from the real subscriptions in the extract, weighted by capacity each account requested in that region",925aa064-4127-4cc4-ae06-1ba32f5e48a1,4807869e-c518-4e19-8c9a-14b7ef9aaa2e
eastus-dc08-cap02,eastus-dc08,eastus,F4,4,8,False,True,"SYNTHETIC - generated, not a business source: region deployed units split unevenly across sites, then expressed on the real Fabric SKU ladder; holder assigned from the real subscriptions in the extract, weighted by capacity each account requested in that region",925aa064-4127-4cc4-ae06-1ba32f5e48a1,4807869e-c518-4e19-8c9a-14b7ef9aaa2e
eastus-dc09-cap01,eastus-dc09,eastus,F8,8,16,False,True,"SYNTHETIC - generated, not a business source: region deployed units split unevenly across sites, then expressed on the real Fabric SKU ladder; holder assigned from the real subscriptions in the extract, weighted by capacity each account requested in that region",925aa064-4127-4cc4-ae06-1ba32f5e48a1,4807869e-c518-4e19-8c9a-14b7ef9aaa2e
eastus-dc09-cap02,eastus-dc09,eastus,F4,4,8,False,True,"SYNTHETIC - generated, not a business source: region deployed units split unevenly across sites, then expressed on the real Fabric SKU ladder; holder assigned from the real subscriptions in the extract, weighted by capacity each account requested in that region",925aa064-4127-4cc4-ae06-1ba32f5e48a1,4807869e-c518-4e19-8c9a-14b7ef9aaa2e
eastus-dc10-cap01,eastus-dc10,eastus,F64,64,128,True,True,"SYNTHETIC - generated, not a business source: region deployed units split unevenly across sites, then expressed on the real Fabric SKU ladder; holder assigned from the real subscriptions in the extract, weighted by capacity each account requested in that region",925aa064-4127-4cc4-ae06-1ba32f5e48a1,4807869e-c518-4e19-8c9a-14b7ef9aaa2e
eastus-dc10-cap02,eastus-dc10,eastus,F16,16,32,False,True,"SYNTHETIC - generated, not a business source: region deployed units split unevenly across sites, then expressed on the real Fabric SKU ladder; holder assigned from the real subscriptions in the extract, weighted by capacity each account requested in that region",925aa064-4127-4cc4-ae06-1ba32f5e48a1,4807869e-c518-4e19-8c9a-14b7ef9aaa2e
eastus-dc10-cap03,eastus-dc10,eastus,F8,8,16,False,True,"SYNTHETIC - generated, not a business source: region deployed units split unevenly across sites, then expressed on the real Fabric SKU ladder; holder assigned from the real subscriptions in the extract, weighted by capacity each account requested in that region",925aa064-4127-4cc4-ae06-1ba32f5e48a1,4807869e-c518-4e19-8c9a-14b7ef9aaa2e
eastus-dc10-cap04,eastus-dc10,eastus,F4,4,8,False,True,"SYNTHETIC - generated, not a business source: region deployed units split unevenly across sites, then expressed on the real Fabric SKU ladder; holder assigned from the real subscriptions in the extract, weighted by capacity each account requested in that region",925aa064-4127-4cc4-ae06-1ba32f5e48a1,4807869e-c518-4e19-8c9a-14b7ef9aaa2e
northeurope-dc01-cap01,northeurope-dc01,northeurope,F64,64,128,True,True,"SYNTHETIC - generated, not a business source: region deployed units split unevenly across sites, then expressed on the real Fabric SKU ladder; holder assigned from the real subscriptions in the extract, weighted by capacity each account requested in that region",c16d3988-89fd-40d7-8235-1053418eaf6d,54b2951a-c2b8-49e0-9a9b-ea8b4fdaceed
northeurope-dc01-cap02,northeurope-dc01,northeurope,F2,2,4,False,True,"SYNTHETIC - generated, not a business source: region deployed units split unevenly across sites, then expressed on the real Fabric SKU ladder; holder assigned from the real subscriptions in the extract, weighted by capacity each account requested in that region",a865a58f-61d4-48b9-8794-8467d00bc59a,beee7a61-5572-48db-93ae-4a48c0c66dfb
northeurope-dc02-cap01,northeurope-dc02,northeurope,F32,32,64,False,True,"SYNTHETIC - generated, not a business source: region deployed units split unevenly across sites, then expressed on the real Fabric SKU ladder; holder assigned from the real subscriptions in the extract, weighted by capacity each account requested in that region",c16d3988-89fd-40d7-8235-1053418eaf6d,54b2951a-c2b8-49e0-9a9b-ea8b4fdaceed
northeurope-dc02-cap02,northeurope-dc02,northeurope,F2,2,4,False,True,"SYNTHETIC - generated, not a business source: region deployed units split unevenly across sites, then expressed on the real Fabric SKU ladder; holder assigned from the real subscriptions in the extract, weighted by capacity each account requested in that region",a865a58f-61d4-48b9-8794-8467d00bc59a,beee7a61-5572-48db-93ae-4a48c0c66dfb
northeurope-dc03-cap01,northeurope-dc03,northeurope,F8,8,16,False,True,"SYNTHETIC - generated, not a business source: region deployed units split unevenly across sites, then expressed on the real Fabric SKU ladder; holder assigned from the real subscriptions in the extract, weighted by capacity each account requested in that region",925aa064-4127-4cc4-ae06-1ba32f5e48a1,4807869e-c518-4e19-8c9a-14b7ef9aaa2e
northeurope-dc04-cap01,northeurope-dc04,northeurope,F16,16,32,False,True,"SYNTHETIC - generated, not a business source: region deployed units split unevenly across sites, then expressed on the real Fabric SKU ladder; holder assigned from the real subscriptions in the extract, weighted by capacity each account requested in that region",7da2a5f7-27fc-4497-8922-d69a90daf646,a8aebaf7-a306-4580-9c00-5026a5ce753a
northeurope-dc04-cap02,northeurope-dc04,northeurope,F2,2,4,False,True,"SYNTHETIC - generated, not a business source: region deployed units split unevenly across sites, then expressed on the real Fabric SKU ladder; holder assigned from the real subscriptions in the extract, weighted by capacity each account requested in that region",925aa064-4127-4cc4-ae06-1ba32f5e48a1,4807869e-c518-4e19-8c9a-14b7ef9aaa2e
northeurope-dc05-cap01,northeurope-dc05,northeurope,F16,16,32,False,True,"SYNTHETIC - generated, not a business source: region deployed units split unevenly across sites, then expressed on the real Fabric SKU ladder; holder assigned from the real subscriptions in the extract, weighted by capacity each account requested in that region",a865a58f-61d4-48b9-8794-8467d00bc59a,beee7a61-5572-48db-93ae-4a48c0c66dfb
northeurope-dc05-cap02,northeurope-dc05,northeurope,F4,4,8,False,True,"SYNTHETIC - generated, not a business source: region deployed units split unevenly across sites, then expressed on the real Fabric SKU ladder; holder assigned from the real subscriptions in the extract, weighted by capacity each account requested in that region",a865a58f-61d4-48b9-8794-8467d00bc59a,beee7a61-5572-48db-93ae-4a48c0c66dfb
northeurope-dc06-cap01,northeurope-dc06,northeurope,F4,4,8,False,True,"SYNTHETIC - generated, not a business source: region deployed units split unevenly across sites, then expressed on the real Fabric SKU ladder; holder assigned from the real subscriptions in the extract, weighted by capacity each account requested in that region",a865a58f-61d4-48b9-8794-8467d00bc59a,beee7a61-5572-48db-93ae-4a48c0c66dfb
northeurope-dc06-cap02,northeurope-dc06,northeurope,F2,2,4,False,True,"SYNTHETIC - generated, not a business source: region deployed units split unevenly across sites, then expressed on the real Fabric SKU ladder; holder assigned from the real subscriptions in the extract, weighted by capacity each account requested in that region",7da2a5f7-27fc-4497-8922-d69a90daf646,a8aebaf7-a306-4580-9c00-5026a5ce753a
northeurope-dc07-cap01,northeurope-dc07,northeurope,F32,32,64,False,True,"SYNTHETIC - generated, not a business source: region deployed units split unevenly across sites, then expressed on the real Fabric SKU ladder; holder assigned from the real subscriptions in the extract, weighted by capacity each account requested in that region",a865a58f-61d4-48b9-8794-8467d00bc59a,beee7a61-5572-48db-93ae-4a48c0c66dfb
northeurope-dc07-cap02,northeurope-dc07,northeurope,F16,16,32,False,True,"SYNTHETIC - generated, not a business source: region deployed units split unevenly across sites, then expressed on the real Fabric SKU ladder; holder assigned from the real subscriptions in the extract, weighted by capacity each account requested in that region",a865a58f-61d4-48b9-8794-8467d00bc59a,beee7a61-5572-48db-93ae-4a48c0c66dfb
northeurope-dc07-cap03,northeurope-dc07,northeurope,F4,4,8,False,True,"SYNTHETIC - generated, not a business source: region deployed units split unevenly across sites, then expressed on the real Fabric SKU ladder; holder assigned from the real subscriptions in the extract, weighted by capacity each account requested in that region",925aa064-4127-4cc4-ae06-1ba32f5e48a1,4807869e-c518-4e19-8c9a-14b7ef9aaa2e
northeurope-dc08-cap01,northeurope-dc08,northeurope,F16,16,32,False,True,"SYNTHETIC - generated, not a business source: region deployed units split unevenly across sites, then expressed on the real Fabric SKU ladder; holder assigned from the real subscriptions in the extract, weighted by capacity each account requested in that region",a865a58f-61d4-48b9-8794-8467d00bc59a,beee7a61-5572-48db-93ae-4a48c0c66dfb
northeurope-dc08-cap02,northeurope-dc08,northeurope,F8,8,16,False,True,"SYNTHETIC - generated, not a business source: region deployed units split unevenly across sites, then expressed on the real Fabric SKU ladder; holder assigned from the real subscriptions in the extract, weighted by capacity each account requested in that region",925aa064-4127-4cc4-ae06-1ba32f5e48a1,4807869e-c518-4e19-8c9a-14b7ef9aaa2e
northeurope-dc08-cap03,northeurope-dc08,northeurope,F4,4,8,False,True,"SYNTHETIC - generated, not a business source: region deployed units split unevenly across sites, then expressed on the real Fabric SKU ladder; holder assigned from the real subscriptions in the extract, weighted by capacity each account requested in that region",a865a58f-61d4-48b9-8794-8467d00bc59a,beee7a61-5572-48db-93ae-4a48c0c66dfb
northeurope-dc08-cap04,northeurope-dc08,northeurope,F2,2,4,False,True,"SYNTHETIC - generated, not a business source: region deployed units split unevenly across sites, then expressed on the real Fabric SKU ladder; holder assigned from the real subscriptions in the extract, weighted by capacity each account requested in that region",925aa064-4127-4cc4-ae06-1ba32f5e48a1,4807869e-c518-4e19-8c9a-14b7ef9aaa2e
northeurope-dc09-cap01,northeurope-dc09,northeurope,F8,8,16,False,True,"SYNTHETIC - generated, not a business source: region deployed units split unevenly across sites, then expressed on the real Fabric SKU ladder; holder assigned from the real subscriptions in the extract, weighted by capacity each account requested in that region",a865a58f-61d4-48b9-8794-8467d00bc59a,beee7a61-5572-48db-93ae-4a48c0c66dfb
northeurope-dc09-cap02,northeurope-dc09,northeurope,F4,4,8,False,True,"SYNTHETIC - generated, not a business source: region deployed units split unevenly across sites, then expressed on the real Fabric SKU ladder; holder assigned from the real subscriptions in the extract, weighted by capacity each account requested in that region",925aa064-4127-4cc4-ae06-1ba32f5e48a1,4807869e-c518-4e19-8c9a-14b7ef9aaa2e
northeurope-dc10-cap01,northeurope-dc10,northeurope,F32,32,64,False,True,"SYNTHETIC - generated, not a business source: region deployed units split unevenly across sites, then expressed on the real Fabric SKU ladder; holder assigned from the real subscriptions in the extract, weighted by capacity each account requested in that region",a865a58f-61d4-48b9-8794-8467d00bc59a,beee7a61-5572-48db-93ae-4a48c0c66dfb
northeurope-dc10-cap02,northeurope-dc10,northeurope,F8,8,16,False,True,"SYNTHETIC - generated, not a business source: region deployed units split unevenly across sites, then expressed on the real Fabric SKU ladder; holder assigned from the real subscriptions in the extract, weighted by capacity each account requested in that region",a865a58f-61d4-48b9-8794-8467d00bc59a,beee7a61-5572-48db-93ae-4a48c0c66dfb
northeurope-dc10-cap03,northeurope-dc10,northeurope,F4,4,8,False,True,"SYNTHETIC - generated, not a business source: region deployed units split unevenly across sites, then expressed on the real Fabric SKU ladder; holder assigned from the real subscriptions in the extract, weighted by capacity each account requested in that region",a865a58f-61d4-48b9-8794-8467d00bc59a,beee7a61-5572-48db-93ae-4a48c0c66dfb
northeurope-dc10-cap04,northeurope-dc10,northeurope,F2,2,4,False,True,"SYNTHETIC - generated, not a business source: region deployed units split unevenly across sites, then expressed on the real Fabric SKU ladder; holder assigned from the real subscriptions in the extract, weighted by capacity each account requested in that region",925aa064-4127-4cc4-ae06-1ba32f5e48a1,4807869e-c518-4e19-8c9a-14b7ef9aaa2e
