Date,Region,SKUClass,TotalUnits,UsedUnits,UtilisationPct,IsSynthetic,Provenance
2025-09-01,southcentralus,Intel-highmem,3100.0,1708.5,55.11,True,"SYNTHETIC - generated, not a business source: utilisation curve grown in proportion to observed request volume"
2025-09-02,southcentralus,Intel-highmem,3100.0,1699.6,54.83,True,"SYNTHETIC - generated, not a business source: utilisation curve grown in proportion to observed request volume"
2025-09-03,southcentralus,Intel-highmem,3100.0,1699.2,54.81,True,"SYNTHETIC - generated, not a business source: utilisation curve grown in proportion to observed request volume"
2025-09-04,southcentralus,Intel-highmem,3100.0,1708.7,55.12,True,"SYNTHETIC - generated, not a business source: utilisation curve grown in proportion to observed request volume"
2025-09-05,southcentralus,Intel-highmem,3100.0,1670.8,53.9,True,"SYNTHETIC - generated, not a business source: utilisation curve grown in proportion to observed request volume"
2025-09-06,southcentralus,Intel-highmem,3100.0,1629.8,52.57,True,"SYNTHETIC - generated, not a business source: utilisation curve grown in proportion to observed request volume"
2025-09-07,southcentralus,Intel-highmem,3100.0,1574.4,50.79,True,"SYNTHETIC - generated, not a business source: utilisation curve grown in proportion to observed request volume"
2025-09-08,southcentralus,Intel-highmem,3100.0,1757.1,56.68,True,"SYNTHETIC - generated, not a business source: utilisation curve grown in proportion to observed request volume"
2025-09-09,southcentralus,Intel-highmem,3100.0,1792.6,57.83,True,"SYNTHETIC - generated, not a business source: utilisation curve grown in proportion to observed request volume"
2025-09-10,southcentralus,Intel-highmem,3100.0,1807.8,58.31,True,"SYNTHETIC - generated, not a business source: utilisation curve grown in proportion to observed request volume"
2025-09-11,southcentralus,Intel-highmem,3100.0,1811.4,58.43,True,"SYNTHETIC - generated, not a business source: utilisation curve grown in proportion to observed request volume"
2025-09-12,southcentralus,Intel-highmem,3100.0,1795.6,57.92,True,"SYNTHETIC - generated, not a business source: utilisation curve grown in proportion to observed request volume"
2025-09-13,southcentralus,Intel-highmem,3100.0,1728.7,55.77,True,"SYNTHETIC - generated, not a business source: utilisation curve grown in proportion to observed request volume"
2025-09-14,southcentralus,Intel-highmem,3100.0,1701.5,54.89,True,"SYNTHETIC - generated, not a business source: utilisation curve grown in proportion to observed request volume"
2025-09-15,southcentralus,Intel-highmem,3100.0,1805.2,58.23,True,"SYNTHETIC - generated, not a business source: utilisation curve grown in proportion to observed request volume"
2025-09-16,southcentralus,Intel-highmem,3100.0,1855.3,59.85,True,"SYNTHETIC - generated, not a business source: utilisation curve grown in proportion to observed request volume"
2025-09-17,southcentralus,Intel-highmem,3100.0,1849.2,59.65,True,"SYNTHETIC - generated, not a business source: utilisation curve grown in proportion to observed request volume"
2025-09-18,southcentralus,Intel-highmem,3100.0,1870.5,60.34,True,"SYNTHETIC - generated, not a business source: utilisation curve grown in proportion to observed request volume"
2025-09-19,southcentralus,Intel-highmem,3100.0,1837.8,59.28,True,"SYNTHETIC - generated, not a business source: utilisation curve grown in proportion to observed request volume"
2025-09-20,southcentralus,Intel-highmem,3100.0,1749.4,56.43,True,"SYNTHETIC - generated, not a business source: utilisation curve grown in proportion to observed request volume"
2025-09-21,southcentralus,Intel-highmem,3100.0,1848.1,59.61,True,"SYNTHETIC - generated, not a business source: utilisation curve grown in proportion to observed request volume"
2025-09-22,southcentralus,Intel-highmem,3100.0,1849.9,59.68,True,"SYNTHETIC - generated, not a business source: utilisation curve grown in proportion to observed request volume"
2025-09-23,southcentralus,Intel-highmem,3100.0,1820.5,58.72,True,"SYNTHETIC - generated, not a business source: utilisation curve grown in proportion to observed request volume"
2025-09-24,southcentralus,Intel-highmem,3100.0,1873.9,60.45,True,"SYNTHETIC - generated, not a business source: utilisation curve grown in proportion to observed request volume"
2025-09-25,southcentralus,Intel-highmem,3100.0,1887.5,60.89,True,"SYNTHETIC - generated, not a business source: utilisation curve grown in proportion to observed request volume"
2025-09-26,southcentralus,Intel-highmem,3100.0,1921.1,61.97,True,"SYNTHETIC - generated, not a business source: utilisation curve grown in proportion to observed request volume"
2025-09-27,southcentralus,Intel-highmem,3100.0,1892.2,61.04,True,"SYNTHETIC - generated, not a business source: utilisation curve grown in proportion to observed request volume"
2025-09-28,southcentralus,Intel-highmem,3100.0,1903.6,61.4,True,"SYNTHETIC - generated, not a business source: utilisation curve grown in proportion to observed request volume"
2025-09-29,southcentralus,Intel-highmem,3100.0,1961.5,63.27,True,"SYNTHETIC - generated, not a business source: utilisation curve grown in proportion to observed request volume"
2025-09-30,southcentralus,Intel-highmem,3100.0,2026.3,65.36,True,"SYNTHETIC - generated, not a business source: utilisation curve grown in proportion to observed request volume"
2025-10-01,southcentralus,Intel-highmem,3100.0,1977.3,63.78,True,"SYNTHETIC - generated, not a business source: utilisation curve grown in proportion to observed request volume"
2025-10-02,southcentralus,Intel-highmem,3100.0,1964.9,63.38,True,"SYNTHETIC - generated, not a business source: utilisation curve grown in proportion to observed request volume"
2025-10-03,southcentralus,Intel-highmem,3100.0,1963.8,63.35,True,"SYNTHETIC - generated, not a business source: utilisation curve grown in proportion to observed request volume"
2025-10-04,southcentralus,Intel-highmem,3100.0,1933.1,62.36,True,"SYNTHETIC - generated, not a business source: utilisation curve grown in proportion to observed request volume"
2025-10-05,southcentralus,Intel-highmem,3100.0,1921.9,62.0,True,"SYNTHETIC - generated, not a business source: utilisation curve grown in proportion to observed request volume"
2025-10-06,southcentralus,Intel-highmem,3100.0,2063.5,66.56,True,"SYNTHETIC - generated, not a business source: utilisation curve grown in proportion to observed request volume"
2025-10-07,southcentralus,Intel-highmem,3100.0,2022.0,65.23,True,"SYNTHETIC - generated, not a business source: utilisation curve grown in proportion to observed request volume"
2025-10-08,southcentralus,Intel-highmem,3100.0,1995.0,64.35,True,"SYNTHETIC - generated, not a business source: utilisation curve grown in proportion to observed request volume"
2025-10-09,southcentralus,Intel-highmem,3100.0,1968.3,63.49,True,"SYNTHETIC - generated, not a business source: utilisation curve grown in proportion to observed request volume"
2025-10-10,southcentralus,Intel-highmem,3100.0,2113.4,68.17,True,"SYNTHETIC - generated, not a business source: utilisation curve grown in proportion to observed request volume"
2025-10-11,southcentralus,Intel-highmem,3100.0,2031.6,65.53,True,"SYNTHETIC - generated, not a business source: utilisation curve grown in proportion to observed request volume"
2025-10-12,southcentralus,Intel-highmem,3100.0,1925.5,62.11,True,"SYNTHETIC - generated, not a business source: utilisation curve grown in proportion to observed request volume"
2025-10-13,southcentralus,Intel-highmem,3100.0,2040.6,65.82,True,"SYNTHETIC - generated, not a business source: utilisation curve grown in proportion to observed request volume"
2025-10-14,southcentralus,Intel-highmem,3100.0,2074.7,66.93,True,"SYNTHETIC - generated, not a business source: utilisation curve grown in proportion to observed request volume"
2025-10-15,southcentralus,Intel-highmem,3100.0,2079.3,67.08,True,"SYNTHETIC - generated, not a business source: utilisation curve grown in proportion to observed request volume"
2025-10-16,southcentralus,Intel-highmem,3100.0,2093.5,67.53,True,"SYNTHETIC - generated, not a business source: utilisation curve grown in proportion to observed request volume"
2025-10-17,southcentralus,Intel-highmem,3100.0,2164.2,69.81,True,"SYNTHETIC - generated, not a business source: utilisation curve grown in proportion to observed request volume"
2025-10-18,southcentralus,Intel-highmem,3100.0,2000.5,64.53,True,"SYNTHETIC - generated, not a business source: utilisation curve grown in proportion to observed request volume"
2025-10-19,southcentralus,Intel-highmem,3100.0,2076.4,66.98,True,"SYNTHETIC - generated, not a business source: utilisation curve grown in proportion to observed request volume"
2025-10-20,southcentralus,Intel-highmem,3100.0,2116.6,68.28,True,"SYNTHETIC - generated, not a business source: utilisation curve grown in proportion to observed request volume"
2025-10-21,southcentralus,Intel-highmem,3100.0,2147.5,69.28,True,"SYNTHETIC - generated, not a business source: utilisation curve grown in proportion to observed request volume"
2025-10-22,southcentralus,Intel-highmem,3100.0,2107.3,67.98,True,"SYNTHETIC - generated, not a business source: utilisation curve grown in proportion to observed request volume"
2025-10-23,southcentralus,Intel-highmem,3100.0,2115.0,68.23,True,"SYNTHETIC - generated, not a business source: utilisation curve grown in proportion to observed request volume"
2025-10-24,southcentralus,Intel-highmem,3100.0,2150.1,69.36,True,"SYNTHETIC - generated, not a business source: utilisation curve grown in proportion to observed request volume"
2025-10-25,southcentralus,Intel-highmem,3100.0,2016.8,65.06,True,"SYNTHETIC - generated, not a business source: utilisation curve grown in proportion to observed request volume"
2025-10-26,southcentralus,Intel-highmem,3100.0,2079.5,67.08,True,"SYNTHETIC - generated, not a business source: utilisation curve grown in proportion to observed request volume"
2025-10-27,southcentralus,Intel-highmem,3100.0,2200.1,70.97,True,"SYNTHETIC - generated, not a business source: utilisation curve grown in proportion to observed request volume"
2025-10-28,southcentralus,Intel-highmem,3100.0,2226.3,71.82,True,"SYNTHETIC - generated, not a business source: utilisation curve grown in proportion to observed request volume"
2025-10-29,southcentralus,Intel-highmem,3100.0,2217.2,71.52,True,"SYNTHETIC - generated, not a business source: utilisation curve grown in proportion to observed request volume"
2025-10-30,southcentralus,Intel-highmem,3100.0,2201.3,71.01,True,"SYNTHETIC - generated, not a business source: utilisation curve grown in proportion to observed request volume"
2025-10-31,southcentralus,Intel-highmem,3100.0,2222.9,71.71,True,"SYNTHETIC - generated, not a business source: utilisation curve grown in proportion to observed request volume"
2025-11-01,southcentralus,Intel-highmem,3100.0,2215.6,71.47,True,"SYNTHETIC - generated, not a business source: utilisation curve grown in proportion to observed request volume"
2025-11-02,southcentralus,Intel-highmem,3100.0,2088.6,67.37,True,"SYNTHETIC - generated, not a business source: utilisation curve grown in proportion to observed request volume"
2025-11-03,southcentralus,Intel-highmem,3100.0,2214.8,71.44,True,"SYNTHETIC - generated, not a business source: utilisation curve grown in proportion to observed request volume"
2025-11-04,southcentralus,Intel-highmem,3100.0,2241.0,72.29,True,"SYNTHETIC - generated, not a business source: utilisation curve grown in proportion to observed request volume"
2025-11-05,southcentralus,Intel-highmem,3100.0,2229.1,71.91,True,"SYNTHETIC - generated, not a business source: utilisation curve grown in proportion to observed request volume"
2025-11-06,southcentralus,Intel-highmem,3100.0,2278.2,73.49,True,"SYNTHETIC - generated, not a business source: utilisation curve grown in proportion to observed request volume"
2025-11-07,southcentralus,Intel-highmem,3100.0,2235.5,72.11,True,"SYNTHETIC - generated, not a business source: utilisation curve grown in proportion to observed request volume"
2025-11-08,southcentralus,Intel-highmem,3100.0,2183.2,70.43,True,"SYNTHETIC - generated, not a business source: utilisation curve grown in proportion to observed request volume"
2025-11-09,southcentralus,Intel-highmem,3100.0,2245.4,72.43,True,"SYNTHETIC - generated, not a business source: utilisation curve grown in proportion to observed request volume"
2025-11-10,southcentralus,Intel-highmem,3100.0,2307.1,74.42,True,"SYNTHETIC - generated, not a business source: utilisation curve grown in proportion to observed request volume"
2025-11-11,southcentralus,Intel-highmem,3100.0,2336.3,75.36,True,"SYNTHETIC - generated, not a business source: utilisation curve grown in proportion to observed request volume"
2025-11-12,southcentralus,Intel-highmem,3100.0,2314.0,74.64,True,"SYNTHETIC - generated, not a business source: utilisation curve grown in proportion to observed request volume"
2025-11-13,southcentralus,Intel-highmem,3100.0,2373.5,76.57,True,"SYNTHETIC - generated, not a business source: utilisation curve grown in proportion to observed request volume"
2025-11-14,southcentralus,Intel-highmem,3100.0,2291.0,73.9,True,"SYNTHETIC - generated, not a business source: utilisation curve grown in proportion to observed request volume"
2025-11-15,southcentralus,Intel-highmem,3100.0,2246.6,72.47,True,"SYNTHETIC - generated, not a business source: utilisation curve grown in proportion to observed request volume"
2025-11-16,southcentralus,Intel-highmem,3100.0,2321.4,74.89,True,"SYNTHETIC - generated, not a business source: utilisation curve grown in proportion to observed request volume"
2025-11-17,southcentralus,Intel-highmem,3100.0,2383.4,76.88,True,"SYNTHETIC - generated, not a business source: utilisation curve grown in proportion to observed request volume"
2025-11-18,southcentralus,Intel-highmem,3100.0,2365.4,76.3,True,"SYNTHETIC - generated, not a business source: utilisation curve grown in proportion to observed request volume"
2025-11-19,southcentralus,Intel-highmem,3100.0,2399.3,77.4,True,"SYNTHETIC - generated, not a business source: utilisation curve grown in proportion to observed request volume"
2025-11-20,southcentralus,Intel-highmem,3100.0,2389.3,77.08,True,"SYNTHETIC - generated, not a business source: utilisation curve grown in proportion to observed request volume"
2025-11-21,southcentralus,Intel-highmem,3100.0,2335.5,75.34,True,"SYNTHETIC - generated, not a business source: utilisation curve grown in proportion to observed request volume"
2025-11-22,southcentralus,Intel-highmem,3100.0,2300.3,74.2,True,"SYNTHETIC - generated, not a business source: utilisation curve grown in proportion to observed request volume"
2025-11-23,southcentralus,Intel-highmem,3100.0,2317.4,74.75,True,"SYNTHETIC - generated, not a business source: utilisation curve grown in proportion to observed request volume"
2025-11-24,southcentralus,Intel-highmem,3100.0,2470.0,79.68,True,"SYNTHETIC - generated, not a business source: utilisation curve grown in proportion to observed request volume"
2025-11-25,southcentralus,Intel-highmem,3100.0,2477.5,79.92,True,"SYNTHETIC - generated, not a business source: utilisation curve grown in proportion to observed request volume"
2025-11-26,southcentralus,Intel-highmem,3100.0,2493.4,80.43,True,"SYNTHETIC - generated, not a business source: utilisation curve grown in proportion to observed request volume"
2025-11-27,southcentralus,Intel-highmem,3100.0,2498.2,80.59,True,"SYNTHETIC - generated, not a business source: utilisation curve grown in proportion to observed request volume"
2025-11-28,southcentralus,Intel-highmem,3100.0,2451.8,79.09,True,"SYNTHETIC - generated, not a business source: utilisation curve grown in proportion to observed request volume"
2025-11-29,southcentralus,Intel-highmem,3100.0,2388.5,77.05,True,"SYNTHETIC - generated, not a business source: utilisation curve grown in proportion to observed request volume"
2025-11-30,southcentralus,Intel-highmem,3100.0,2415.3,77.91,True,"SYNTHETIC - generated, not a business source: utilisation curve grown in proportion to observed request volume"
2025-12-01,southcentralus,Intel-highmem,3100.0,2503.1,80.75,True,"SYNTHETIC - generated, not a business source: utilisation curve grown in proportion to observed request volume"
2025-12-02,southcentralus,Intel-highmem,3100.0,2578.4,83.17,True,"SYNTHETIC - generated, not a business source: utilisation curve grown in proportion to observed request volume"
2025-12-03,southcentralus,Intel-highmem,3100.0,2584.2,83.36,True,"SYNTHETIC - generated, not a business source: utilisation curve grown in proportion to observed request volume"
2025-12-04,southcentralus,Intel-highmem,3100.0,2551.0,82.29,True,"SYNTHETIC - generated, not a business source: utilisation curve grown in proportion to observed request volume"
2025-12-05,southcentralus,Intel-highmem,3100.0,2534.8,81.77,True,"SYNTHETIC - generated, not a business source: utilisation curve grown in proportion to observed request volume"
2025-12-06,southcentralus,Intel-highmem,3100.0,2443.7,78.83,True,"SYNTHETIC - generated, not a business source: utilisation curve grown in proportion to observed request volume"
2025-12-07,southcentralus,Intel-highmem,3100.0,2539.1,81.91,True,"SYNTHETIC - generated, not a business source: utilisation curve grown in proportion to observed request volume"
2025-12-08,southcentralus,Intel-highmem,3100.0,2579.5,83.21,True,"SYNTHETIC - generated, not a business source: utilisation curve grown in proportion to observed request volume"
2025-12-09,southcentralus,Intel-highmem,3100.0,2613.8,84.32,True,"SYNTHETIC - generated, not a business source: utilisation curve grown in proportion to observed request volume"
2025-12-10,southcentralus,Intel-highmem,3100.0,2552.5,82.34,True,"SYNTHETIC - generated, not a business source: utilisation curve grown in proportion to observed request volume"
2025-12-11,southcentralus,Intel-highmem,3100.0,2606.2,84.07,True,"SYNTHETIC - generated, not a business source: utilisation curve grown in proportion to observed request volume"
2025-12-12,southcentralus,Intel-highmem,3100.0,2631.0,84.87,True,"SYNTHETIC - generated, not a business source: utilisation curve grown in proportion to observed request volume"
2025-12-13,southcentralus,Intel-highmem,3100.0,2528.3,81.56,True,"SYNTHETIC - generated, not a business source: utilisation curve grown in proportion to observed request volume"
2025-12-14,southcentralus,Intel-highmem,3100.0,2515.8,81.15,True,"SYNTHETIC - generated, not a business source: utilisation curve grown in proportion to observed request volume"
2025-12-15,southcentralus,Intel-highmem,3100.0,2605.0,84.03,True,"SYNTHETIC - generated, not a business source: utilisation curve grown in proportion to observed request volume"
2025-12-16,southcentralus,Intel-highmem,3100.0,2655.7,85.67,True,"SYNTHETIC - generated, not a business source: utilisation curve grown in proportion to observed request volume"
2025-12-17,southcentralus,Intel-highmem,3100.0,2698.8,87.06,True,"SYNTHETIC - generated, not a business source: utilisation curve grown in proportion to observed request volume"
2025-12-18,southcentralus,Intel-highmem,3100.0,2663.2,85.91,True,"SYNTHETIC - generated, not a business source: utilisation curve grown in proportion to observed request volume"
2025-12-19,southcentralus,Intel-highmem,3100.0,2643.4,85.27,True,"SYNTHETIC - generated, not a business source: utilisation curve grown in proportion to observed request volume"
2025-12-20,southcentralus,Intel-highmem,3100.0,2626.1,84.71,True,"SYNTHETIC - generated, not a business source: utilisation curve grown in proportion to observed request volume"
2025-12-21,southcentralus,Intel-highmem,3100.0,2557.2,82.49,True,"SYNTHETIC - generated, not a business source: utilisation curve grown in proportion to observed request volume"
2025-12-22,southcentralus,Intel-highmem,3100.0,2692.3,86.85,True,"SYNTHETIC - generated, not a business source: utilisation curve grown in proportion to observed request volume"
2025-12-23,southcentralus,Intel-highmem,3100.0,2691.7,86.83,True,"SYNTHETIC - generated, not a business source: utilisation curve grown in proportion to observed request volume"
2025-12-24,southcentralus,Intel-highmem,3100.0,2720.2,87.75,True,"SYNTHETIC - generated, not a business source: utilisation curve grown in proportion to observed request volume"
2025-12-25,southcentralus,Intel-highmem,3100.0,2681.3,86.49,True,"SYNTHETIC - generated, not a business source: utilisation curve grown in proportion to observed request volume"
2025-12-26,southcentralus,Intel-highmem,3100.0,2779.9,89.67,True,"SYNTHETIC - generated, not a business source: utilisation curve grown in proportion to observed request volume"
2025-12-27,southcentralus,Intel-highmem,3100.0,2653.0,85.58,True,"SYNTHETIC - generated, not a business source: utilisation curve grown in proportion to observed request volume"
2025-12-28,southcentralus,Intel-highmem,3100.0,2657.4,85.72,True,"SYNTHETIC - generated, not a business source: utilisation curve grown in proportion to observed request volume"
2025-12-29,southcentralus,Intel-highmem,3100.0,2810.0,90.64,True,"SYNTHETIC - generated, not a business source: utilisation curve grown in proportion to observed request volume"
2025-12-30,southcentralus,Intel-highmem,3100.0,2763.7,89.15,True,"SYNTHETIC - generated, not a business source: utilisation curve grown in proportion to observed request volume"
2025-12-31,southcentralus,Intel-highmem,3100.0,2792.7,90.09,True,"SYNTHETIC - generated, not a business source: utilisation curve grown in proportion to observed request volume"
2026-01-01,southcentralus,Intel-highmem,3100.0,2802.1,90.39,True,"SYNTHETIC - generated, not a business source: utilisation curve grown in proportion to observed request volume"
2026-01-02,southcentralus,Intel-highmem,3100.0,2731.3,88.11,True,"SYNTHETIC - generated, not a business source: utilisation curve grown in proportion to observed request volume"
2026-01-03,southcentralus,Intel-highmem,3100.0,2647.1,85.39,True,"SYNTHETIC - generated, not a business source: utilisation curve grown in proportion to observed request volume"
2026-01-04,southcentralus,Intel-highmem,3100.0,2722.9,87.84,True,"SYNTHETIC - generated, not a business source: utilisation curve grown in proportion to observed request volume"
2026-01-05,southcentralus,Intel-highmem,3100.0,2838.1,91.55,True,"SYNTHETIC - generated, not a business source: utilisation curve grown in proportion to observed request volume"
2026-01-06,southcentralus,Intel-highmem,3100.0,2822.9,91.06,True,"SYNTHETIC - generated, not a business source: utilisation curve grown in proportion to observed request volume"
2026-01-07,southcentralus,Intel-highmem,3100.0,2909.1,93.84,True,"SYNTHETIC - generated, not a business source: utilisation curve grown in proportion to observed request volume"
2026-01-08,southcentralus,Intel-highmem,3100.0,2870.2,92.59,True,"SYNTHETIC - generated, not a business source: utilisation curve grown in proportion to observed request volume"
2026-01-09,southcentralus,Intel-highmem,3100.0,2850.6,91.96,True,"SYNTHETIC - generated, not a business source: utilisation curve grown in proportion to observed request volume"
2026-01-10,southcentralus,Intel-highmem,3100.0,2761.2,89.07,True,"SYNTHETIC - generated, not a business source: utilisation curve grown in proportion to observed request volume"
2026-01-11,southcentralus,Intel-highmem,3100.0,2840.9,91.64,True,"SYNTHETIC - generated, not a business source: utilisation curve grown in proportion to observed request volume"
2026-01-12,southcentralus,Intel-highmem,3100.0,2879.3,92.88,True,"SYNTHETIC - generated, not a business source: utilisation curve grown in proportion to observed request volume"
2026-01-13,southcentralus,Intel-highmem,3100.0,2903.1,93.65,True,"SYNTHETIC - generated, not a business source: utilisation curve grown in proportion to observed request volume"
2026-01-14,southcentralus,Intel-highmem,3100.0,2914.8,94.03,True,"SYNTHETIC - generated, not a business source: utilisation curve grown in proportion to observed request volume"
2026-01-15,southcentralus,Intel-highmem,3100.0,3008.1,97.03,True,"SYNTHETIC - generated, not a business source: utilisation curve grown in proportion to observed request volume"
2026-01-16,southcentralus,Intel-highmem,3100.0,2861.0,92.29,True,"SYNTHETIC - generated, not a business source: utilisation curve grown in proportion to observed request volume"
2026-01-17,southcentralus,Intel-highmem,3100.0,2900.6,93.57,True,"SYNTHETIC - generated, not a business source: utilisation curve grown in proportion to observed request volume"
2026-01-18,southcentralus,Intel-highmem,3100.0,2870.9,92.61,True,"SYNTHETIC - generated, not a business source: utilisation curve grown in proportion to observed request volume"
2026-01-19,southcentralus,Intel-highmem,3100.0,2949.6,95.15,True,"SYNTHETIC - generated, not a business source: utilisation curve grown in proportion to observed request volume"
2026-01-20,southcentralus,Intel-highmem,3100.0,2935.7,94.7,True,"SYNTHETIC - generated, not a business source: utilisation curve grown in proportion to observed request volume"
2026-01-21,southcentralus,Intel-highmem,3100.0,2919.7,94.18,True,"SYNTHETIC - generated, not a business source: utilisation curve grown in proportion to observed request volume"
2026-01-22,southcentralus,Intel-highmem,3100.0,2978.4,96.08,True,"SYNTHETIC - generated, not a business source: utilisation curve grown in proportion to observed request volume"
2026-01-23,southcentralus,Intel-highmem,3100.0,3023.6,97.54,True,"SYNTHETIC - generated, not a business source: utilisation curve grown in proportion to observed request volume"
2026-01-24,southcentralus,Intel-highmem,3100.0,2939.8,94.83,True,"SYNTHETIC - generated, not a business source: utilisation curve grown in proportion to observed request volume"
2026-01-25,southcentralus,Intel-highmem,3100.0,2936.7,94.73,True,"SYNTHETIC - generated, not a business source: utilisation curve grown in proportion to observed request volume"
2026-01-26,southcentralus,Intel-highmem,3100.0,3037.2,97.97,True,"SYNTHETIC - generated, not a business source: utilisation curve grown in proportion to observed request volume"
2026-01-27,southcentralus,Intel-highmem,3100.0,2988.2,96.39,True,"SYNTHETIC - generated, not a business source: utilisation curve grown in proportion to observed request volume"
2026-01-28,southcentralus,Intel-highmem,3100.0,3024.7,97.57,True,"SYNTHETIC - generated, not a business source: utilisation curve grown in proportion to observed request volume"
2025-09-01,centralindia,Intel-highmem,1792.0,828.8,46.25,True,"SYNTHETIC - generated, not a business source: utilisation curve grown in proportion to observed request volume"
2025-09-02,centralindia,Intel-highmem,1792.0,819.8,45.75,True,"SYNTHETIC - generated, not a business source: utilisation curve grown in proportion to observed request volume"
2025-09-03,centralindia,Intel-highmem,1792.0,874.0,48.77,True,"SYNTHETIC - generated, not a business source: utilisation curve grown in proportion to observed request volume"
2025-09-04,centralindia,Intel-highmem,1792.0,869.8,48.54,True,"SYNTHETIC - generated, not a business source: utilisation curve grown in proportion to observed request volume"
2025-09-05,centralindia,Intel-highmem,1792.0,841.1,46.93,True,"SYNTHETIC - generated, not a business source: utilisation curve grown in proportion to observed request volume"
2025-09-06,centralindia,Intel-highmem,1792.0,811.3,45.27,True,"SYNTHETIC - generated, not a business source: utilisation curve grown in proportion to observed request volume"
2025-09-07,centralindia,Intel-highmem,1792.0,817.3,45.61,True,"SYNTHETIC - generated, not a business source: utilisation curve grown in proportion to observed request volume"
2025-09-08,centralindia,Intel-highmem,1792.0,861.8,48.09,True,"SYNTHETIC - generated, not a business source: utilisation curve grown in proportion to observed request volume"
2025-09-09,centralindia,Intel-highmem,1792.0,846.0,47.21,True,"SYNTHETIC - generated, not a business source: utilisation curve grown in proportion to observed request volume"
2025-09-10,centralindia,Intel-highmem,1792.0,856.2,47.78,True,"SYNTHETIC - generated, not a business source: utilisation curve grown in proportion to observed request volume"
2025-09-11,centralindia,Intel-highmem,1792.0,868.2,48.45,True,"SYNTHETIC - generated, not a business source: utilisation curve grown in proportion to observed request volume"
2025-09-12,centralindia,Intel-highmem,1792.0,882.6,49.25,True,"SYNTHETIC - generated, not a business source: utilisation curve grown in proportion to observed request volume"
2025-09-13,centralindia,Intel-highmem,1792.0,850.7,47.47,True,"SYNTHETIC - generated, not a business source: utilisation curve grown in proportion to observed request volume"
2025-09-14,centralindia,Intel-highmem,1792.0,825.1,46.04,True,"SYNTHETIC - generated, not a business source: utilisation curve grown in proportion to observed request volume"
2025-09-15,centralindia,Intel-highmem,1792.0,898.7,50.15,True,"SYNTHETIC - generated, not a business source: utilisation curve grown in proportion to observed request volume"
2025-09-16,centralindia,Intel-highmem,1792.0,908.3,50.69,True,"SYNTHETIC - generated, not a business source: utilisation curve grown in proportion to observed request volume"
2025-09-17,centralindia,Intel-highmem,1792.0,898.5,50.14,True,"SYNTHETIC - generated, not a business source: utilisation curve grown in proportion to observed request volume"
2025-09-18,centralindia,Intel-highmem,1792.0,910.5,50.81,True,"SYNTHETIC - generated, not a business source: utilisation curve grown in proportion to observed request volume"
2025-09-19,centralindia,Intel-highmem,1792.0,927.2,51.74,True,"SYNTHETIC - generated, not a business source: utilisation curve grown in proportion to observed request volume"
2025-09-20,centralindia,Intel-highmem,1792.0,864.7,48.25,True,"SYNTHETIC - generated, not a business source: utilisation curve grown in proportion to observed request volume"
2025-09-21,centralindia,Intel-highmem,1792.0,894.8,49.93,True,"SYNTHETIC - generated, not a business source: utilisation curve grown in proportion to observed request volume"
2025-09-22,centralindia,Intel-highmem,1792.0,942.1,52.57,True,"SYNTHETIC - generated, not a business source: utilisation curve grown in proportion to observed request volume"
2025-09-23,centralindia,Intel-highmem,1792.0,942.2,52.58,True,"SYNTHETIC - generated, not a business source: utilisation curve grown in proportion to observed request volume"
2025-09-24,centralindia,Intel-highmem,1792.0,908.1,50.68,True,"SYNTHETIC - generated, not a business source: utilisation curve grown in proportion to observed request volume"
2025-09-25,centralindia,Intel-highmem,1792.0,933.8,52.11,True,"SYNTHETIC - generated, not a business source: utilisation curve grown in proportion to observed request volume"
2025-09-26,centralindia,Intel-highmem,1792.0,918.9,51.28,True,"SYNTHETIC - generated, not a business source: utilisation curve grown in proportion to observed request volume"
2025-09-27,centralindia,Intel-highmem,1792.0,895.9,49.99,True,"SYNTHETIC - generated, not a business source: utilisation curve grown in proportion to observed request volume"
2025-09-28,centralindia,Intel-highmem,1792.0,927.3,51.75,True,"SYNTHETIC - generated, not a business source: utilisation curve grown in proportion to observed request volume"
2025-09-29,centralindia,Intel-highmem,1792.0,945.4,52.75,True,"SYNTHETIC - generated, not a business source: utilisation curve grown in proportion to observed request volume"
2025-09-30,centralindia,Intel-highmem,1792.0,957.9,53.45,True,"SYNTHETIC - generated, not a business source: utilisation curve grown in proportion to observed request volume"
2025-10-01,centralindia,Intel-highmem,1792.0,988.1,55.14,True,"SYNTHETIC - generated, not a business source: utilisation curve grown in proportion to observed request volume"
2025-10-02,centralindia,Intel-highmem,1792.0,962.4,53.7,True,"SYNTHETIC - generated, not a business source: utilisation curve grown in proportion to observed request volume"
2025-10-03,centralindia,Intel-highmem,1792.0,997.6,55.67,True,"SYNTHETIC - generated, not a business source: utilisation curve grown in proportion to observed request volume"
2025-10-04,centralindia,Intel-highmem,1792.0,971.5,54.21,True,"SYNTHETIC - generated, not a business source: utilisation curve grown in proportion to observed request volume"
2025-10-05,centralindia,Intel-highmem,1792.0,921.1,51.4,True,"SYNTHETIC - generated, not a business source: utilisation curve grown in proportion to observed request volume"
2025-10-06,centralindia,Intel-highmem,1792.0,983.0,54.86,True,"SYNTHETIC - generated, not a business source: utilisation curve grown in proportion to observed request volume"
2025-10-07,centralindia,Intel-highmem,1792.0,981.6,54.77,True,"SYNTHETIC - generated, not a business source: utilisation curve grown in proportion to observed request volume"
2025-10-08,centralindia,Intel-highmem,1792.0,951.0,53.07,True,"SYNTHETIC - generated, not a business source: utilisation curve grown in proportion to observed request volume"
2025-10-09,centralindia,Intel-highmem,1792.0,1010.2,56.37,True,"SYNTHETIC - generated, not a business source: utilisation curve grown in proportion to observed request volume"
2025-10-10,centralindia,Intel-highmem,1792.0,955.8,53.34,True,"SYNTHETIC - generated, not a business source: utilisation curve grown in proportion to observed request volume"
2025-10-11,centralindia,Intel-highmem,1792.0,952.1,53.13,True,"SYNTHETIC - generated, not a business source: utilisation curve grown in proportion to observed request volume"
2025-10-12,centralindia,Intel-highmem,1792.0,953.4,53.2,True,"SYNTHETIC - generated, not a business source: utilisation curve grown in proportion to observed request volume"
2025-10-13,centralindia,Intel-highmem,1792.0,1026.3,57.27,True,"SYNTHETIC - generated, not a business source: utilisation curve grown in proportion to observed request volume"
2025-10-14,centralindia,Intel-highmem,1792.0,1023.1,57.09,True,"SYNTHETIC - generated, not a business source: utilisation curve grown in proportion to observed request volume"
2025-10-15,centralindia,Intel-highmem,1792.0,1056.1,58.93,True,"SYNTHETIC - generated, not a business source: utilisation curve grown in proportion to observed request volume"
2025-10-16,centralindia,Intel-highmem,1792.0,1024.8,57.19,True,"SYNTHETIC - generated, not a business source: utilisation curve grown in proportion to observed request volume"
2025-10-17,centralindia,Intel-highmem,1792.0,1015.9,56.69,True,"SYNTHETIC - generated, not a business source: utilisation curve grown in proportion to observed request volume"
2025-10-18,centralindia,Intel-highmem,1792.0,964.3,53.81,True,"SYNTHETIC - generated, not a business source: utilisation curve grown in proportion to observed request volume"
2025-10-19,centralindia,Intel-highmem,1792.0,965.3,53.87,True,"SYNTHETIC - generated, not a business source: utilisation curve grown in proportion to observed request volume"
2025-10-20,centralindia,Intel-highmem,1792.0,1009.2,56.32,True,"SYNTHETIC - generated, not a business source: utilisation curve grown in proportion to observed request volume"
2025-10-21,centralindia,Intel-highmem,1792.0,1058.0,59.04,True,"SYNTHETIC - generated, not a business source: utilisation curve grown in proportion to observed request volume"
2025-10-22,centralindia,Intel-highmem,1792.0,1074.7,59.97,True,"SYNTHETIC - generated, not a business source: utilisation curve grown in proportion to observed request volume"
2025-10-23,centralindia,Intel-highmem,1792.0,1043.8,58.25,True,"SYNTHETIC - generated, not a business source: utilisation curve grown in proportion to observed request volume"
2025-10-24,centralindia,Intel-highmem,1792.0,1050.9,58.64,True,"SYNTHETIC - generated, not a business source: utilisation curve grown in proportion to observed request volume"
2025-10-25,centralindia,Intel-highmem,1792.0,1058.1,59.05,True,"SYNTHETIC - generated, not a business source: utilisation curve grown in proportion to observed request volume"
2025-10-26,centralindia,Intel-highmem,1792.0,1013.6,56.56,True,"SYNTHETIC - generated, not a business source: utilisation curve grown in proportion to observed request volume"
2025-10-27,centralindia,Intel-highmem,1792.0,1040.7,58.07,True,"SYNTHETIC - generated, not a business source: utilisation curve grown in proportion to observed request volume"
2025-10-28,centralindia,Intel-highmem,1792.0,1079.7,60.25,True,"SYNTHETIC - generated, not a business source: utilisation curve grown in proportion to observed request volume"
2025-10-29,centralindia,Intel-highmem,1792.0,1113.7,62.15,True,"SYNTHETIC - generated, not a business source: utilisation curve grown in proportion to observed request volume"
2025-10-30,centralindia,Intel-highmem,1792.0,1102.4,61.52,True,"SYNTHETIC - generated, not a business source: utilisation curve grown in proportion to observed request volume"
2025-10-31,centralindia,Intel-highmem,1792.0,1099.0,61.33,True,"SYNTHETIC - generated, not a business source: utilisation curve grown in proportion to observed request volume"
2025-11-01,centralindia,Intel-highmem,1792.0,1047.7,58.46,True,"SYNTHETIC - generated, not a business source: utilisation curve grown in proportion to observed request volume"
2025-11-02,centralindia,Intel-highmem,1792.0,1034.2,57.71,True,"SYNTHETIC - generated, not a business source: utilisation curve grown in proportion to observed request volume"
2025-11-03,centralindia,Intel-highmem,1792.0,1126.8,62.88,True,"SYNTHETIC - generated, not a business source: utilisation curve grown in proportion to observed request volume"
2025-11-04,centralindia,Intel-highmem,1792.0,1137.6,63.48,True,"SYNTHETIC - generated, not a business source: utilisation curve grown in proportion to observed request volume"
2025-11-05,centralindia,Intel-highmem,1792.0,1150.0,64.18,True,"SYNTHETIC - generated, not a business source: utilisation curve grown in proportion to observed request volume"
2025-11-06,centralindia,Intel-highmem,1792.0,1118.3,62.4,True,"SYNTHETIC - generated, not a business source: utilisation curve grown in proportion to observed request volume"
2025-11-07,centralindia,Intel-highmem,1792.0,1129.1,63.01,True,"SYNTHETIC - generated, not a business source: utilisation curve grown in proportion to observed request volume"
2025-11-08,centralindia,Intel-highmem,1792.0,1066.9,59.54,True,"SYNTHETIC - generated, not a business source: utilisation curve grown in proportion to observed request volume"
2025-11-09,centralindia,Intel-highmem,1792.0,1085.3,60.56,True,"SYNTHETIC - generated, not a business source: utilisation curve grown in proportion to observed request volume"
2025-11-10,centralindia,Intel-highmem,1792.0,1159.9,64.73,True,"SYNTHETIC - generated, not a business source: utilisation curve grown in proportion to observed request volume"
2025-11-11,centralindia,Intel-highmem,1792.0,1105.7,61.7,True,"SYNTHETIC - generated, not a business source: utilisation curve grown in proportion to observed request volume"
2025-11-12,centralindia,Intel-highmem,1792.0,1158.6,64.66,True,"SYNTHETIC - generated, not a business source: utilisation curve grown in proportion to observed request volume"
2025-11-13,centralindia,Intel-highmem,1792.0,1137.9,63.5,True,"SYNTHETIC - generated, not a business source: utilisation curve grown in proportion to observed request volume"
2025-11-14,centralindia,Intel-highmem,1792.0,1169.5,65.26,True,"SYNTHETIC - generated, not a business source: utilisation curve grown in proportion to observed request volume"
2025-11-15,centralindia,Intel-highmem,1792.0,1110.7,61.98,True,"SYNTHETIC - generated, not a business source: utilisation curve grown in proportion to observed request volume"
2025-11-16,centralindia,Intel-highmem,1792.0,1162.9,64.89,True,"SYNTHETIC - generated, not a business source: utilisation curve grown in proportion to observed request volume"
2025-11-17,centralindia,Intel-highmem,1792.0,1198.5,66.88,True,"SYNTHETIC - generated, not a business source: utilisation curve grown in proportion to observed request volume"
2025-11-18,centralindia,Intel-highmem,1792.0,1157.9,64.62,True,"SYNTHETIC - generated, not a business source: utilisation curve grown in proportion to observed request volume"
2025-11-19,centralindia,Intel-highmem,1792.0,1145.7,63.94,True,"SYNTHETIC - generated, not a business source: utilisation curve grown in proportion to observed request volume"
2025-11-20,centralindia,Intel-highmem,1792.0,1182.7,66.0,True,"SYNTHETIC - generated, not a business source: utilisation curve grown in proportion to observed request volume"
2025-11-21,centralindia,Intel-highmem,1792.0,1133.1,63.23,True,"SYNTHETIC - generated, not a business source: utilisation curve grown in proportion to observed request volume"
2025-11-22,centralindia,Intel-highmem,1792.0,1127.7,62.93,True,"SYNTHETIC - generated, not a business source: utilisation curve grown in proportion to observed request volume"
2025-11-23,centralindia,Intel-highmem,1792.0,1135.1,63.34,True,"SYNTHETIC - generated, not a business source: utilisation curve grown in proportion to observed request volume"
2025-11-24,centralindia,Intel-highmem,1792.0,1209.9,67.52,True,"SYNTHETIC - generated, not a business source: utilisation curve grown in proportion to observed request volume"
2025-11-25,centralindia,Intel-highmem,1792.0,1235.2,68.93,True,"SYNTHETIC - generated, not a business source: utilisation curve grown in proportion to observed request volume"
2025-11-26,centralindia,Intel-highmem,1792.0,1204.7,67.22,True,"SYNTHETIC - generated, not a business source: utilisation curve grown in proportion to observed request volume"
2025-11-27,centralindia,Intel-highmem,1792.0,1206.1,67.31,True,"SYNTHETIC - generated, not a business source: utilisation curve grown in proportion to observed request volume"
2025-11-28,centralindia,Intel-highmem,1792.0,1166.7,65.1,True,"SYNTHETIC - generated, not a business source: utilisation curve grown in proportion to observed request volume"
2025-11-29,centralindia,Intel-highmem,1792.0,1179.6,65.82,True,"SYNTHETIC - generated, not a business source: utilisation curve grown in proportion to observed request volume"
2025-11-30,centralindia,Intel-highmem,1792.0,1175.4,65.59,True,"SYNTHETIC - generated, not a business source: utilisation curve grown in proportion to observed request volume"
2025-12-01,centralindia,Intel-highmem,1792.0,1233.8,68.85,True,"SYNTHETIC - generated, not a business source: utilisation curve grown in proportion to observed request volume"
2025-12-02,centralindia,Intel-highmem,1792.0,1249.1,69.7,True,"SYNTHETIC - generated, not a business source: utilisation curve grown in proportion to observed request volume"
2025-12-03,centralindia,Intel-highmem,1792.0,1253.0,69.92,True,"SYNTHETIC - generated, not a business source: utilisation curve grown in proportion to observed request volume"
2025-12-04,centralindia,Intel-highmem,1792.0,1229.8,68.63,True,"SYNTHETIC - generated, not a business source: utilisation curve grown in proportion to observed request volume"
2025-12-05,centralindia,Intel-highmem,1792.0,1258.4,70.22,True,"SYNTHETIC - generated, not a business source: utilisation curve grown in proportion to observed request volume"
2025-12-06,centralindia,Intel-highmem,1792.0,1225.3,68.37,True,"SYNTHETIC - generated, not a business source: utilisation curve grown in proportion to observed request volume"
2025-12-07,centralindia,Intel-highmem,1792.0,1210.7,67.56,True,"SYNTHETIC - generated, not a business source: utilisation curve grown in proportion to observed request volume"
2025-12-08,centralindia,Intel-highmem,1792.0,1285.7,71.75,True,"SYNTHETIC - generated, not a business source: utilisation curve grown in proportion to observed request volume"
2025-12-09,centralindia,Intel-highmem,1792.0,1237.7,69.07,True,"SYNTHETIC - generated, not a business source: utilisation curve grown in proportion to observed request volume"
2025-12-10,centralindia,Intel-highmem,1792.0,1246.9,69.58,True,"SYNTHETIC - generated, not a business source: utilisation curve grown in proportion to observed request volume"
2025-12-11,centralindia,Intel-highmem,1792.0,1304.2,72.78,True,"SYNTHETIC - generated, not a business source: utilisation curve grown in proportion to observed request volume"
2025-12-12,centralindia,Intel-highmem,1792.0,1317.7,73.53,True,"SYNTHETIC - generated, not a business source: utilisation curve grown in proportion to observed request volume"
2025-12-13,centralindia,Intel-highmem,1792.0,1208.6,67.45,True,"SYNTHETIC - generated, not a business source: utilisation curve grown in proportion to observed request volume"
2025-12-14,centralindia,Intel-highmem,1792.0,1234.9,68.91,True,"SYNTHETIC - generated, not a business source: utilisation curve grown in proportion to observed request volume"
2025-12-15,centralindia,Intel-highmem,1792.0,1302.2,72.67,True,"SYNTHETIC - generated, not a business source: utilisation curve grown in proportion to observed request volume"
2025-12-16,centralindia,Intel-highmem,1792.0,1303.1,72.72,True,"SYNTHETIC - generated, not a business source: utilisation curve grown in proportion to observed request volume"
2025-12-17,centralindia,Intel-highmem,1792.0,1320.8,73.7,True,"SYNTHETIC - generated, not a business source: utilisation curve grown in proportion to observed request volume"
2025-12-18,centralindia,Intel-highmem,1792.0,1297.2,72.39,True,"SYNTHETIC - generated, not a business source: utilisation curve grown in proportion to observed request volume"
2025-12-19,centralindia,Intel-highmem,1792.0,1296.9,72.37,True,"SYNTHETIC - generated, not a business source: utilisation curve grown in proportion to observed request volume"
2025-12-20,centralindia,Intel-highmem,1792.0,1255.1,70.04,True,"SYNTHETIC - generated, not a business source: utilisation curve grown in proportion to observed request volume"
2025-12-21,centralindia,Intel-highmem,1792.0,1273.4,71.06,True,"SYNTHETIC - generated, not a business source: utilisation curve grown in proportion to observed request volume"
2025-12-22,centralindia,Intel-highmem,1792.0,1307.8,72.98,True,"SYNTHETIC - generated, not a business source: utilisation curve grown in proportion to observed request volume"
2025-12-23,centralindia,Intel-highmem,1792.0,1343.3,74.96,True,"SYNTHETIC - generated, not a business source: utilisation curve grown in proportion to observed request volume"
2025-12-24,centralindia,Intel-highmem,1792.0,1346.9,75.16,True,"SYNTHETIC - generated, not a business source: utilisation curve grown in proportion to observed request volume"
2025-12-25,centralindia,Intel-highmem,1792.0,1356.4,75.69,True,"SYNTHETIC - generated, not a business source: utilisation curve grown in proportion to observed request volume"
2025-12-26,centralindia,Intel-highmem,1792.0,1342.4,74.91,True,"SYNTHETIC - generated, not a business source: utilisation curve grown in proportion to observed request volume"
2025-12-27,centralindia,Intel-highmem,1792.0,1286.3,71.78,True,"SYNTHETIC - generated, not a business source: utilisation curve grown in proportion to observed request volume"
2025-12-28,centralindia,Intel-highmem,1792.0,1308.7,73.03,True,"SYNTHETIC - generated, not a business source: utilisation curve grown in proportion to observed request volume"
2025-12-29,centralindia,Intel-highmem,1792.0,1341.4,74.86,True,"SYNTHETIC - generated, not a business source: utilisation curve grown in proportion to observed request volume"
2025-12-30,centralindia,Intel-highmem,1792.0,1342.2,74.9,True,"SYNTHETIC - generated, not a business source: utilisation curve grown in proportion to observed request volume"
2025-12-31,centralindia,Intel-highmem,1792.0,1372.3,76.58,True,"SYNTHETIC - generated, not a business source: utilisation curve grown in proportion to observed request volume"
2026-01-01,centralindia,Intel-highmem,1792.0,1375.8,76.77,True,"SYNTHETIC - generated, not a business source: utilisation curve grown in proportion to observed request volume"
2026-01-02,centralindia,Intel-highmem,1792.0,1364.2,76.13,True,"SYNTHETIC - generated, not a business source: utilisation curve grown in proportion to observed request volume"
2026-01-03,centralindia,Intel-highmem,1792.0,1335.8,74.54,True,"SYNTHETIC - generated, not a business source: utilisation curve grown in proportion to observed request volume"
2026-01-04,centralindia,Intel-highmem,1792.0,1322.8,73.82,True,"SYNTHETIC - generated, not a business source: utilisation curve grown in proportion to observed request volume"
2026-01-05,centralindia,Intel-highmem,1792.0,1396.9,77.95,True,"SYNTHETIC - generated, not a business source: utilisation curve grown in proportion to observed request volume"
2026-01-06,centralindia,Intel-highmem,1792.0,1349.1,75.28,True,"SYNTHETIC - generated, not a business source: utilisation curve grown in proportion to observed request volume"
2026-01-07,centralindia,Intel-highmem,1792.0,1374.1,76.68,True,"SYNTHETIC - generated, not a business source: utilisation curve grown in proportion to observed request volume"
2026-01-08,centralindia,Intel-highmem,1792.0,1401.1,78.19,True,"SYNTHETIC - generated, not a business source: utilisation curve grown in proportion to observed request volume"
2026-01-09,centralindia,Intel-highmem,1792.0,1394.1,77.8,True,"SYNTHETIC - generated, not a business source: utilisation curve grown in proportion to observed request volume"
2026-01-10,centralindia,Intel-highmem,1792.0,1366.1,76.24,True,"SYNTHETIC - generated, not a business source: utilisation curve grown in proportion to observed request volume"
2026-01-11,centralindia,Intel-highmem,1792.0,1349.2,75.29,True,"SYNTHETIC - generated, not a business source: utilisation curve grown in proportion to observed request volume"
2026-01-12,centralindia,Intel-highmem,1792.0,1454.3,81.15,True,"SYNTHETIC - generated, not a business source: utilisation curve grown in proportion to observed request volume"
2026-01-13,centralindia,Intel-highmem,1792.0,1433.1,79.97,True,"SYNTHETIC - generated, not a business source: utilisation curve grown in proportion to observed request volume"
2026-01-14,centralindia,Intel-highmem,1792.0,1423.2,79.42,True,"SYNTHETIC - generated, not a business source: utilisation curve grown in proportion to observed request volume"
2026-01-15,centralindia,Intel-highmem,1792.0,1446.6,80.73,True,"SYNTHETIC - generated, not a business source: utilisation curve grown in proportion to observed request volume"
2026-01-16,centralindia,Intel-highmem,1792.0,1430.5,79.83,True,"SYNTHETIC - generated, not a business source: utilisation curve grown in proportion to observed request volume"
2026-01-17,centralindia,Intel-highmem,1792.0,1379.2,76.97,True,"SYNTHETIC - generated, not a business source: utilisation curve grown in proportion to observed request volume"
2026-01-18,centralindia,Intel-highmem,1792.0,1393.2,77.75,True,"SYNTHETIC - generated, not a business source: utilisation curve grown in proportion to observed request volume"
2026-01-19,centralindia,Intel-highmem,1792.0,1451.4,80.99,True,"SYNTHETIC - generated, not a business source: utilisation curve grown in proportion to observed request volume"
2026-01-20,centralindia,Intel-highmem,1792.0,1429.8,79.79,True,"SYNTHETIC - generated, not a business source: utilisation curve grown in proportion to observed request volume"
2026-01-21,centralindia,Intel-highmem,1792.0,1413.7,78.89,True,"SYNTHETIC - generated, not a business source: utilisation curve grown in proportion to observed request volume"
2026-01-22,centralindia,Intel-highmem,1792.0,1481.0,82.64,True,"SYNTHETIC - generated, not a business source: utilisation curve grown in proportion to observed request volume"
2026-01-23,centralindia,Intel-highmem,1792.0,1442.0,80.47,True,"SYNTHETIC - generated, not a business source: utilisation curve grown in proportion to observed request volume"
2026-01-24,centralindia,Intel-highmem,1792.0,1437.7,80.23,True,"SYNTHETIC - generated, not a business source: utilisation curve grown in proportion to observed request volume"
2026-01-25,centralindia,Intel-highmem,1792.0,1444.3,80.6,True,"SYNTHETIC - generated, not a business source: utilisation curve grown in proportion to observed request volume"
2026-01-26,centralindia,Intel-highmem,1792.0,1448.9,80.86,True,"SYNTHETIC - generated, not a business source: utilisation curve grown in proportion to observed request volume"
2026-01-27,centralindia,Intel-highmem,1792.0,1481.9,82.69,True,"SYNTHETIC - generated, not a business source: utilisation curve grown in proportion to observed request volume"
2026-01-28,centralindia,Intel-highmem,1792.0,1471.1,82.09,True,"SYNTHETIC - generated, not a business source: utilisation curve grown in proportion to observed request volume"
2025-09-01,westeurope,GPU-class,2600.0,1294.4,49.78,True,"SYNTHETIC - generated, not a business source: utilisation curve grown in proportion to observed request volume"
2025-09-02,westeurope,GPU-class,2600.0,1260.3,48.47,True,"SYNTHETIC - generated, not a business source: utilisation curve grown in proportion to observed request volume"
2025-09-03,westeurope,GPU-class,2600.0,1262.6,48.56,True,"SYNTHETIC - generated, not a business source: utilisation curve grown in proportion to observed request volume"
2025-09-04,westeurope,GPU-class,2600.0,1309.8,50.38,True,"SYNTHETIC - generated, not a business source: utilisation curve grown in proportion to observed request volume"
2025-09-05,westeurope,GPU-class,2600.0,1249.3,48.05,True,"SYNTHETIC - generated, not a business source: utilisation curve grown in proportion to observed request volume"
2025-09-06,westeurope,GPU-class,2600.0,1189.9,45.77,True,"SYNTHETIC - generated, not a business source: utilisation curve grown in proportion to observed request volume"
2025-09-07,westeurope,GPU-class,2600.0,1241.7,47.76,True,"SYNTHETIC - generated, not a business source: utilisation curve grown in proportion to observed request volume"
2025-09-08,westeurope,GPU-class,2600.0,1271.6,48.91,True,"SYNTHETIC - generated, not a business source: utilisation curve grown in proportion to observed request volume"
2025-09-09,westeurope,GPU-class,2600.0,1293.7,49.76,True,"SYNTHETIC - generated, not a business source: utilisation curve grown in proportion to observed request volume"
2025-09-10,westeurope,GPU-class,2600.0,1303.9,50.15,True,"SYNTHETIC - generated, not a business source: utilisation curve grown in proportion to observed request volume"
2025-09-11,westeurope,GPU-class,2600.0,1313.1,50.5,True,"SYNTHETIC - generated, not a business source: utilisation curve grown in proportion to observed request volume"
2025-09-12,westeurope,GPU-class,2600.0,1287.4,49.52,True,"SYNTHETIC - generated, not a business source: utilisation curve grown in proportion to observed request volume"
2025-09-13,westeurope,GPU-class,2600.0,1226.9,47.19,True,"SYNTHETIC - generated, not a business source: utilisation curve grown in proportion to observed request volume"
2025-09-14,westeurope,GPU-class,2600.0,1264.7,48.64,True,"SYNTHETIC - generated, not a business source: utilisation curve grown in proportion to observed request volume"
2025-09-15,westeurope,GPU-class,2600.0,1339.3,51.51,True,"SYNTHETIC - generated, not a business source: utilisation curve grown in proportion to observed request volume"
2025-09-16,westeurope,GPU-class,2600.0,1325.6,50.98,True,"SYNTHETIC - generated, not a business source: utilisation curve grown in proportion to observed request volume"
2025-09-17,westeurope,GPU-class,2600.0,1333.8,51.3,True,"SYNTHETIC - generated, not a business source: utilisation curve grown in proportion to observed request volume"
2025-09-18,westeurope,GPU-class,2600.0,1339.3,51.51,True,"SYNTHETIC - generated, not a business source: utilisation curve grown in proportion to observed request volume"
2025-09-19,westeurope,GPU-class,2600.0,1318.5,50.71,True,"SYNTHETIC - generated, not a business source: utilisation curve grown in proportion to observed request volume"
2025-09-20,westeurope,GPU-class,2600.0,1270.4,48.86,True,"SYNTHETIC - generated, not a business source: utilisation curve grown in proportion to observed request volume"
2025-09-21,westeurope,GPU-class,2600.0,1311.2,50.43,True,"SYNTHETIC - generated, not a business source: utilisation curve grown in proportion to observed request volume"
2025-09-22,westeurope,GPU-class,2600.0,1337.4,51.44,True,"SYNTHETIC - generated, not a business source: utilisation curve grown in proportion to observed request volume"
2025-09-23,westeurope,GPU-class,2600.0,1355.3,52.13,True,"SYNTHETIC - generated, not a business source: utilisation curve grown in proportion to observed request volume"
2025-09-24,westeurope,GPU-class,2600.0,1395.9,53.69,True,"SYNTHETIC - generated, not a business source: utilisation curve grown in proportion to observed request volume"
2025-09-25,westeurope,GPU-class,2600.0,1394.7,53.64,True,"SYNTHETIC - generated, not a business source: utilisation curve grown in proportion to observed request volume"
2025-09-26,westeurope,GPU-class,2600.0,1450.5,55.79,True,"SYNTHETIC - generated, not a business source: utilisation curve grown in proportion to observed request volume"
2025-09-27,westeurope,GPU-class,2600.0,1406.6,54.1,True,"SYNTHETIC - generated, not a business source: utilisation curve grown in proportion to observed request volume"
2025-09-28,westeurope,GPU-class,2600.0,1377.6,52.98,True,"SYNTHETIC - generated, not a business source: utilisation curve grown in proportion to observed request volume"
2025-09-29,westeurope,GPU-class,2600.0,1442.0,55.46,True,"SYNTHETIC - generated, not a business source: utilisation curve grown in proportion to observed request volume"
2025-09-30,westeurope,GPU-class,2600.0,1410.4,54.25,True,"SYNTHETIC - generated, not a business source: utilisation curve grown in proportion to observed request volume"
2025-10-01,westeurope,GPU-class,2600.0,1406.6,54.1,True,"SYNTHETIC - generated, not a business source: utilisation curve grown in proportion to observed request volume"
2025-10-02,westeurope,GPU-class,2600.0,1453.1,55.89,True,"SYNTHETIC - generated, not a business source: utilisation curve grown in proportion to observed request volume"
2025-10-03,westeurope,GPU-class,2600.0,1472.9,56.65,True,"SYNTHETIC - generated, not a business source: utilisation curve grown in proportion to observed request volume"
2025-10-04,westeurope,GPU-class,2600.0,1409.0,54.19,True,"SYNTHETIC - generated, not a business source: utilisation curve grown in proportion to observed request volume"
2025-10-05,westeurope,GPU-class,2600.0,1428.6,54.95,True,"SYNTHETIC - generated, not a business source: utilisation curve grown in proportion to observed request volume"
2025-10-06,westeurope,GPU-class,2600.0,1502.5,57.79,True,"SYNTHETIC - generated, not a business source: utilisation curve grown in proportion to observed request volume"
2025-10-07,westeurope,GPU-class,2600.0,1457.5,56.06,True,"SYNTHETIC - generated, not a business source: utilisation curve grown in proportion to observed request volume"
2025-10-08,westeurope,GPU-class,2600.0,1456.4,56.02,True,"SYNTHETIC - generated, not a business source: utilisation curve grown in proportion to observed request volume"
2025-10-09,westeurope,GPU-class,2600.0,1514.4,58.24,True,"SYNTHETIC - generated, not a business source: utilisation curve grown in proportion to observed request volume"
2025-10-10,westeurope,GPU-class,2600.0,1462.0,56.23,True,"SYNTHETIC - generated, not a business source: utilisation curve grown in proportion to observed request volume"
2025-10-11,westeurope,GPU-class,2600.0,1437.5,55.29,True,"SYNTHETIC - generated, not a business source: utilisation curve grown in proportion to observed request volume"
2025-10-12,westeurope,GPU-class,2600.0,1429.8,54.99,True,"SYNTHETIC - generated, not a business source: utilisation curve grown in proportion to observed request volume"
2025-10-13,westeurope,GPU-class,2600.0,1528.2,58.78,True,"SYNTHETIC - generated, not a business source: utilisation curve grown in proportion to observed request volume"
2025-10-14,westeurope,GPU-class,2600.0,1502.3,57.78,True,"SYNTHETIC - generated, not a business source: utilisation curve grown in proportion to observed request volume"
2025-10-15,westeurope,GPU-class,2600.0,1584.3,60.94,True,"SYNTHETIC - generated, not a business source: utilisation curve grown in proportion to observed request volume"
2025-10-16,westeurope,GPU-class,2600.0,1558.5,59.94,True,"SYNTHETIC - generated, not a business source: utilisation curve grown in proportion to observed request volume"
2025-10-17,westeurope,GPU-class,2600.0,1596.8,61.41,True,"SYNTHETIC - generated, not a business source: utilisation curve grown in proportion to observed request volume"
2025-10-18,westeurope,GPU-class,2600.0,1518.0,58.38,True,"SYNTHETIC - generated, not a business source: utilisation curve grown in proportion to observed request volume"
2025-10-19,westeurope,GPU-class,2600.0,1498.1,57.62,True,"SYNTHETIC - generated, not a business source: utilisation curve grown in proportion to observed request volume"
2025-10-20,westeurope,GPU-class,2600.0,1550.0,59.61,True,"SYNTHETIC - generated, not a business source: utilisation curve grown in proportion to observed request volume"
2025-10-21,westeurope,GPU-class,2600.0,1585.2,60.97,True,"SYNTHETIC - generated, not a business source: utilisation curve grown in proportion to observed request volume"
2025-10-22,westeurope,GPU-class,2600.0,1564.5,60.17,True,"SYNTHETIC - generated, not a business source: utilisation curve grown in proportion to observed request volume"
2025-10-23,westeurope,GPU-class,2600.0,1598.0,61.46,True,"SYNTHETIC - generated, not a business source: utilisation curve grown in proportion to observed request volume"
2025-10-24,westeurope,GPU-class,2600.0,1556.7,59.87,True,"SYNTHETIC - generated, not a business source: utilisation curve grown in proportion to observed request volume"
2025-10-25,westeurope,GPU-class,2600.0,1530.9,58.88,True,"SYNTHETIC - generated, not a business source: utilisation curve grown in proportion to observed request volume"
2025-10-26,westeurope,GPU-class,2600.0,1502.2,57.78,True,"SYNTHETIC - generated, not a business source: utilisation curve grown in proportion to observed request volume"
2025-10-27,westeurope,GPU-class,2600.0,1617.4,62.21,True,"SYNTHETIC - generated, not a business source: utilisation curve grown in proportion to observed request volume"
2025-10-28,westeurope,GPU-class,2600.0,1631.9,62.77,True,"SYNTHETIC - generated, not a business source: utilisation curve grown in proportion to observed request volume"
2025-10-29,westeurope,GPU-class,2600.0,1609.1,61.89,True,"SYNTHETIC - generated, not a business source: utilisation curve grown in proportion to observed request volume"
2025-10-30,westeurope,GPU-class,2600.0,1580.5,60.79,True,"SYNTHETIC - generated, not a business source: utilisation curve grown in proportion to observed request volume"
2025-10-31,westeurope,GPU-class,2600.0,1641.4,63.13,True,"SYNTHETIC - generated, not a business source: utilisation curve grown in proportion to observed request volume"
2025-11-01,westeurope,GPU-class,2600.0,1466.0,56.38,True,"SYNTHETIC - generated, not a business source: utilisation curve grown in proportion to observed request volume"
2025-11-02,westeurope,GPU-class,2600.0,1565.9,60.23,True,"SYNTHETIC - generated, not a business source: utilisation curve grown in proportion to observed request volume"
2025-11-03,westeurope,GPU-class,2600.0,1622.5,62.4,True,"SYNTHETIC - generated, not a business source: utilisation curve grown in proportion to observed request volume"
2025-11-04,westeurope,GPU-class,2600.0,1675.8,64.45,True,"SYNTHETIC - generated, not a business source: utilisation curve grown in proportion to observed request volume"
2025-11-05,westeurope,GPU-class,2600.0,1700.7,65.41,True,"SYNTHETIC - generated, not a business source: utilisation curve grown in proportion to observed request volume"
2025-11-06,westeurope,GPU-class,2600.0,1656.9,63.73,True,"SYNTHETIC - generated, not a business source: utilisation curve grown in proportion to observed request volume"
2025-11-07,westeurope,GPU-class,2600.0,1632.4,62.78,True,"SYNTHETIC - generated, not a business source: utilisation curve grown in proportion to observed request volume"
2025-11-08,westeurope,GPU-class,2600.0,1665.3,64.05,True,"SYNTHETIC - generated, not a business source: utilisation curve grown in proportion to observed request volume"
2025-11-09,westeurope,GPU-class,2600.0,1649.8,63.45,True,"SYNTHETIC - generated, not a business source: utilisation curve grown in proportion to observed request volume"
2025-11-10,westeurope,GPU-class,2600.0,1734.2,66.7,True,"SYNTHETIC - generated, not a business source: utilisation curve grown in proportion to observed request volume"
2025-11-11,westeurope,GPU-class,2600.0,1645.3,63.28,True,"SYNTHETIC - generated, not a business source: utilisation curve grown in proportion to observed request volume"
2025-11-12,westeurope,GPU-class,2600.0,1697.7,65.3,True,"SYNTHETIC - generated, not a business source: utilisation curve grown in proportion to observed request volume"
2025-11-13,westeurope,GPU-class,2600.0,1800.9,69.26,True,"SYNTHETIC - generated, not a business source: utilisation curve grown in proportion to observed request volume"
2025-11-14,westeurope,GPU-class,2600.0,1723.4,66.28,True,"SYNTHETIC - generated, not a business source: utilisation curve grown in proportion to observed request volume"
2025-11-15,westeurope,GPU-class,2600.0,1644.4,63.25,True,"SYNTHETIC - generated, not a business source: utilisation curve grown in proportion to observed request volume"
2025-11-16,westeurope,GPU-class,2600.0,1671.3,64.28,True,"SYNTHETIC - generated, not a business source: utilisation curve grown in proportion to observed request volume"
2025-11-17,westeurope,GPU-class,2600.0,1736.7,66.8,True,"SYNTHETIC - generated, not a business source: utilisation curve grown in proportion to observed request volume"
2025-11-18,westeurope,GPU-class,2600.0,1728.2,66.47,True,"SYNTHETIC - generated, not a business source: utilisation curve grown in proportion to observed request volume"
2025-11-19,westeurope,GPU-class,2600.0,1698.2,65.32,True,"SYNTHETIC - generated, not a business source: utilisation curve grown in proportion to observed request volume"
2025-11-20,westeurope,GPU-class,2600.0,1662.4,63.94,True,"SYNTHETIC - generated, not a business source: utilisation curve grown in proportion to observed request volume"
2025-11-21,westeurope,GPU-class,2600.0,1765.6,67.91,True,"SYNTHETIC - generated, not a business source: utilisation curve grown in proportion to observed request volume"
2025-11-22,westeurope,GPU-class,2600.0,1679.2,64.58,True,"SYNTHETIC - generated, not a business source: utilisation curve grown in proportion to observed request volume"
2025-11-23,westeurope,GPU-class,2600.0,1722.5,66.25,True,"SYNTHETIC - generated, not a business source: utilisation curve grown in proportion to observed request volume"
2025-11-24,westeurope,GPU-class,2600.0,1749.0,67.27,True,"SYNTHETIC - generated, not a business source: utilisation curve grown in proportion to observed request volume"
2025-11-25,westeurope,GPU-class,2600.0,1765.9,67.92,True,"SYNTHETIC - generated, not a business source: utilisation curve grown in proportion to observed request volume"
2025-11-26,westeurope,GPU-class,2600.0,1812.7,69.72,True,"SYNTHETIC - generated, not a business source: utilisation curve grown in proportion to observed request volume"
2025-11-27,westeurope,GPU-class,2600.0,1814.9,69.8,True,"SYNTHETIC - generated, not a business source: utilisation curve grown in proportion to observed request volume"
2025-11-28,westeurope,GPU-class,2600.0,1840.3,70.78,True,"SYNTHETIC - generated, not a business source: utilisation curve grown in proportion to observed request volume"
2025-11-29,westeurope,GPU-class,2600.0,1751.4,67.36,True,"SYNTHETIC - generated, not a business source: utilisation curve grown in proportion to observed request volume"
2025-11-30,westeurope,GPU-class,2600.0,1805.5,69.44,True,"SYNTHETIC - generated, not a business source: utilisation curve grown in proportion to observed request volume"
2025-12-01,westeurope,GPU-class,2600.0,1827.9,70.31,True,"SYNTHETIC - generated, not a business source: utilisation curve grown in proportion to observed request volume"
2025-12-02,westeurope,GPU-class,2600.0,1819.4,69.98,True,"SYNTHETIC - generated, not a business source: utilisation curve grown in proportion to observed request volume"
2025-12-03,westeurope,GPU-class,2600.0,1849.7,71.14,True,"SYNTHETIC - generated, not a business source: utilisation curve grown in proportion to observed request volume"
2025-12-04,westeurope,GPU-class,2600.0,1742.9,67.04,True,"SYNTHETIC - generated, not a business source: utilisation curve grown in proportion to observed request volume"
2025-12-05,westeurope,GPU-class,2600.0,1839.4,70.75,True,"SYNTHETIC - generated, not a business source: utilisation curve grown in proportion to observed request volume"
2025-12-06,westeurope,GPU-class,2600.0,1837.7,70.68,True,"SYNTHETIC - generated, not a business source: utilisation curve grown in proportion to observed request volume"
2025-12-07,westeurope,GPU-class,2600.0,1842.9,70.88,True,"SYNTHETIC - generated, not a business source: utilisation curve grown in proportion to observed request volume"
2025-12-08,westeurope,GPU-class,2600.0,1895.9,72.92,True,"SYNTHETIC - generated, not a business source: utilisation curve grown in proportion to observed request volume"
2025-12-09,westeurope,GPU-class,2600.0,1870.2,71.93,True,"SYNTHETIC - generated, not a business source: utilisation curve grown in proportion to observed request volume"
2025-12-10,westeurope,GPU-class,2600.0,1889.9,72.69,True,"SYNTHETIC - generated, not a business source: utilisation curve grown in proportion to observed request volume"
2025-12-11,westeurope,GPU-class,2600.0,1886.3,72.55,True,"SYNTHETIC - generated, not a business source: utilisation curve grown in proportion to observed request volume"
2025-12-12,westeurope,GPU-class,2600.0,1884.2,72.47,True,"SYNTHETIC - generated, not a business source: utilisation curve grown in proportion to observed request volume"
2025-12-13,westeurope,GPU-class,2600.0,1842.2,70.85,True,"SYNTHETIC - generated, not a business source: utilisation curve grown in proportion to observed request volume"
2025-12-14,westeurope,GPU-class,2600.0,1842.3,70.86,True,"SYNTHETIC - generated, not a business source: utilisation curve grown in proportion to observed request volume"
2025-12-15,westeurope,GPU-class,2600.0,1906.2,73.31,True,"SYNTHETIC - generated, not a business source: utilisation curve grown in proportion to observed request volume"
2025-12-16,westeurope,GPU-class,2600.0,1947.6,74.91,True,"SYNTHETIC - generated, not a business source: utilisation curve grown in proportion to observed request volume"
2025-12-17,westeurope,GPU-class,2600.0,1888.5,72.64,True,"SYNTHETIC - generated, not a business source: utilisation curve grown in proportion to observed request volume"
2025-12-18,westeurope,GPU-class,2600.0,1951.0,75.04,True,"SYNTHETIC - generated, not a business source: utilisation curve grown in proportion to observed request volume"
2025-12-19,westeurope,GPU-class,2600.0,1997.5,76.83,True,"SYNTHETIC - generated, not a business source: utilisation curve grown in proportion to observed request volume"
2025-12-20,westeurope,GPU-class,2600.0,1872.3,72.01,True,"SYNTHETIC - generated, not a business source: utilisation curve grown in proportion to observed request volume"
2025-12-21,westeurope,GPU-class,2600.0,1920.9,73.88,True,"SYNTHETIC - generated, not a business source: utilisation curve grown in proportion to observed request volume"
2025-12-22,westeurope,GPU-class,2600.0,1948.7,74.95,True,"SYNTHETIC - generated, not a business source: utilisation curve grown in proportion to observed request volume"
2025-12-23,westeurope,GPU-class,2600.0,1935.3,74.43,True,"SYNTHETIC - generated, not a business source: utilisation curve grown in proportion to observed request volume"
2025-12-24,westeurope,GPU-class,2600.0,2047.5,78.75,True,"SYNTHETIC - generated, not a business source: utilisation curve grown in proportion to observed request volume"
2025-12-25,westeurope,GPU-class,2600.0,1973.0,75.89,True,"SYNTHETIC - generated, not a business source: utilisation curve grown in proportion to observed request volume"
2025-12-26,westeurope,GPU-class,2600.0,1951.9,75.07,True,"SYNTHETIC - generated, not a business source: utilisation curve grown in proportion to observed request volume"
2025-12-27,westeurope,GPU-class,2600.0,1968.2,75.7,True,"SYNTHETIC - generated, not a business source: utilisation curve grown in proportion to observed request volume"
2025-12-28,westeurope,GPU-class,2600.0,1917.8,73.76,True,"SYNTHETIC - generated, not a business source: utilisation curve grown in proportion to observed request volume"
2025-12-29,westeurope,GPU-class,2600.0,1998.0,76.84,True,"SYNTHETIC - generated, not a business source: utilisation curve grown in proportion to observed request volume"
2025-12-30,westeurope,GPU-class,2600.0,2099.3,80.74,True,"SYNTHETIC - generated, not a business source: utilisation curve grown in proportion to observed request volume"
2025-12-31,westeurope,GPU-class,2600.0,1985.5,76.37,True,"SYNTHETIC - generated, not a business source: utilisation curve grown in proportion to observed request volume"
2026-01-01,westeurope,GPU-class,2600.0,1960.6,75.41,True,"SYNTHETIC - generated, not a business source: utilisation curve grown in proportion to observed request volume"
2026-01-02,westeurope,GPU-class,2600.0,2024.9,77.88,True,"SYNTHETIC - generated, not a business source: utilisation curve grown in proportion to observed request volume"
2026-01-03,westeurope,GPU-class,2600.0,1928.3,74.17,True,"SYNTHETIC - generated, not a business source: utilisation curve grown in proportion to observed request volume"
2026-01-04,westeurope,GPU-class,2600.0,2006.9,77.19,True,"SYNTHETIC - generated, not a business source: utilisation curve grown in proportion to observed request volume"
2026-01-05,westeurope,GPU-class,2600.0,2040.5,78.48,True,"SYNTHETIC - generated, not a business source: utilisation curve grown in proportion to observed request volume"
2026-01-06,westeurope,GPU-class,2600.0,2056.9,79.11,True,"SYNTHETIC - generated, not a business source: utilisation curve grown in proportion to observed request volume"
2026-01-07,westeurope,GPU-class,2600.0,2089.7,80.37,True,"SYNTHETIC - generated, not a business source: utilisation curve grown in proportion to observed request volume"
2026-01-08,westeurope,GPU-class,2600.0,1991.6,76.6,True,"SYNTHETIC - generated, not a business source: utilisation curve grown in proportion to observed request volume"
2026-01-09,westeurope,GPU-class,2600.0,2075.1,79.81,True,"SYNTHETIC - generated, not a business source: utilisation curve grown in proportion to observed request volume"
2026-01-10,westeurope,GPU-class,2600.0,1962.7,75.49,True,"SYNTHETIC - generated, not a business source: utilisation curve grown in proportion to observed request volume"
2026-01-11,westeurope,GPU-class,2600.0,2011.5,77.37,True,"SYNTHETIC - generated, not a business source: utilisation curve grown in proportion to observed request volume"
2026-01-12,westeurope,GPU-class,2600.0,2106.1,81.01,True,"SYNTHETIC - generated, not a business source: utilisation curve grown in proportion to observed request volume"
2026-01-13,westeurope,GPU-class,2600.0,2082.5,80.1,True,"SYNTHETIC - generated, not a business source: utilisation curve grown in proportion to observed request volume"
2026-01-14,westeurope,GPU-class,2600.0,2140.5,82.33,True,"SYNTHETIC - generated, not a business source: utilisation curve grown in proportion to observed request volume"
2026-01-15,westeurope,GPU-class,2600.0,2080.5,80.02,True,"SYNTHETIC - generated, not a business source: utilisation curve grown in proportion to observed request volume"
2026-01-16,westeurope,GPU-class,2600.0,2087.1,80.27,True,"SYNTHETIC - generated, not a business source: utilisation curve grown in proportion to observed request volume"
2026-01-17,westeurope,GPU-class,2600.0,2086.8,80.26,True,"SYNTHETIC - generated, not a business source: utilisation curve grown in proportion to observed request volume"
2026-01-18,westeurope,GPU-class,2600.0,2075.3,79.82,True,"SYNTHETIC - generated, not a business source: utilisation curve grown in proportion to observed request volume"
2026-01-19,westeurope,GPU-class,2600.0,2156.4,82.94,True,"SYNTHETIC - generated, not a business source: utilisation curve grown in proportion to observed request volume"
2026-01-20,westeurope,GPU-class,2600.0,2129.0,81.88,True,"SYNTHETIC - generated, not a business source: utilisation curve grown in proportion to observed request volume"
2026-01-21,westeurope,GPU-class,2600.0,2151.7,82.76,True,"SYNTHETIC - generated, not a business source: utilisation curve grown in proportion to observed request volume"
2026-01-22,westeurope,GPU-class,2600.0,2220.6,85.41,True,"SYNTHETIC - generated, not a business source: utilisation curve grown in proportion to observed request volume"
2026-01-23,westeurope,GPU-class,2600.0,2130.9,81.96,True,"SYNTHETIC - generated, not a business source: utilisation curve grown in proportion to observed request volume"
2026-01-24,westeurope,GPU-class,2600.0,2099.6,80.75,True,"SYNTHETIC - generated, not a business source: utilisation curve grown in proportion to observed request volume"
2026-01-25,westeurope,GPU-class,2600.0,2155.8,82.92,True,"SYNTHETIC - generated, not a business source: utilisation curve grown in proportion to observed request volume"
2026-01-26,westeurope,GPU-class,2600.0,2099.2,80.74,True,"SYNTHETIC - generated, not a business source: utilisation curve grown in proportion to observed request volume"
2026-01-27,westeurope,GPU-class,2600.0,2165.6,83.29,True,"SYNTHETIC - generated, not a business source: utilisation curve grown in proportion to observed request volume"
2026-01-28,westeurope,GPU-class,2600.0,2129.9,81.92,True,"SYNTHETIC - generated, not a business source: utilisation curve grown in proportion to observed request volume"
2025-09-01,northcentralus,GPU-class,2368.0,1474.4,62.27,True,"SYNTHETIC - generated, not a business source: utilisation curve grown in proportion to observed request volume"
2025-09-02,northcentralus,GPU-class,2368.0,1485.7,62.74,True,"SYNTHETIC - generated, not a business source: utilisation curve grown in proportion to observed request volume"
2025-09-03,northcentralus,GPU-class,2368.0,1460.6,61.68,True,"SYNTHETIC - generated, not a business source: utilisation curve grown in proportion to observed request volume"
2025-09-04,northcentralus,GPU-class,2368.0,1493.1,63.06,True,"SYNTHETIC - generated, not a business source: utilisation curve grown in proportion to observed request volume"
2025-09-05,northcentralus,GPU-class,2368.0,1517.1,64.07,True,"SYNTHETIC - generated, not a business source: utilisation curve grown in proportion to observed request volume"
2025-09-06,northcentralus,GPU-class,2368.0,1440.2,60.82,True,"SYNTHETIC - generated, not a business source: utilisation curve grown in proportion to observed request volume"
2025-09-07,northcentralus,GPU-class,2368.0,1432.0,60.47,True,"SYNTHETIC - generated, not a business source: utilisation curve grown in proportion to observed request volume"
2025-09-08,northcentralus,GPU-class,2368.0,1482.2,62.59,True,"SYNTHETIC - generated, not a business source: utilisation curve grown in proportion to observed request volume"
2025-09-09,northcentralus,GPU-class,2368.0,1508.6,63.71,True,"SYNTHETIC - generated, not a business source: utilisation curve grown in proportion to observed request volume"
2025-09-10,northcentralus,GPU-class,2368.0,1544.7,65.23,True,"SYNTHETIC - generated, not a business source: utilisation curve grown in proportion to observed request volume"
2025-09-11,northcentralus,GPU-class,2368.0,1578.2,66.65,True,"SYNTHETIC - generated, not a business source: utilisation curve grown in proportion to observed request volume"
2025-09-12,northcentralus,GPU-class,2368.0,1495.3,63.14,True,"SYNTHETIC - generated, not a business source: utilisation curve grown in proportion to observed request volume"
2025-09-13,northcentralus,GPU-class,2368.0,1471.2,62.13,True,"SYNTHETIC - generated, not a business source: utilisation curve grown in proportion to observed request volume"
2025-09-14,northcentralus,GPU-class,2368.0,1479.3,62.47,True,"SYNTHETIC - generated, not a business source: utilisation curve grown in proportion to observed request volume"
2025-09-15,northcentralus,GPU-class,2368.0,1553.8,65.62,True,"SYNTHETIC - generated, not a business source: utilisation curve grown in proportion to observed request volume"
2025-09-16,northcentralus,GPU-class,2368.0,1524.2,64.37,True,"SYNTHETIC - generated, not a business source: utilisation curve grown in proportion to observed request volume"
2025-09-17,northcentralus,GPU-class,2368.0,1538.9,64.99,True,"SYNTHETIC - generated, not a business source: utilisation curve grown in proportion to observed request volume"
2025-09-18,northcentralus,GPU-class,2368.0,1570.4,66.32,True,"SYNTHETIC - generated, not a business source: utilisation curve grown in proportion to observed request volume"
2025-09-19,northcentralus,GPU-class,2368.0,1578.0,66.64,True,"SYNTHETIC - generated, not a business source: utilisation curve grown in proportion to observed request volume"
2025-09-20,northcentralus,GPU-class,2368.0,1531.4,64.67,True,"SYNTHETIC - generated, not a business source: utilisation curve grown in proportion to observed request volume"
2025-09-21,northcentralus,GPU-class,2368.0,1475.2,62.3,True,"SYNTHETIC - generated, not a business source: utilisation curve grown in proportion to observed request volume"
2025-09-22,northcentralus,GPU-class,2368.0,1595.7,67.39,True,"SYNTHETIC - generated, not a business source: utilisation curve grown in proportion to observed request volume"
2025-09-23,northcentralus,GPU-class,2368.0,1588.7,67.09,True,"SYNTHETIC - generated, not a business source: utilisation curve grown in proportion to observed request volume"
2025-09-24,northcentralus,GPU-class,2368.0,1608.9,67.95,True,"SYNTHETIC - generated, not a business source: utilisation curve grown in proportion to observed request volume"
2025-09-25,northcentralus,GPU-class,2368.0,1529.0,64.57,True,"SYNTHETIC - generated, not a business source: utilisation curve grown in proportion to observed request volume"
2025-09-26,northcentralus,GPU-class,2368.0,1598.9,67.52,True,"SYNTHETIC - generated, not a business source: utilisation curve grown in proportion to observed request volume"
2025-09-27,northcentralus,GPU-class,2368.0,1544.8,65.24,True,"SYNTHETIC - generated, not a business source: utilisation curve grown in proportion to observed request volume"
2025-09-28,northcentralus,GPU-class,2368.0,1558.8,65.83,True,"SYNTHETIC - generated, not a business source: utilisation curve grown in proportion to observed request volume"
2025-09-29,northcentralus,GPU-class,2368.0,1567.3,66.19,True,"SYNTHETIC - generated, not a business source: utilisation curve grown in proportion to observed request volume"
2025-09-30,northcentralus,GPU-class,2368.0,1554.4,65.64,True,"SYNTHETIC - generated, not a business source: utilisation curve grown in proportion to observed request volume"
2025-10-01,northcentralus,GPU-class,2368.0,1578.0,66.64,True,"SYNTHETIC - generated, not a business source: utilisation curve grown in proportion to observed request volume"
2025-10-02,northcentralus,GPU-class,2368.0,1595.0,67.36,True,"SYNTHETIC - generated, not a business source: utilisation curve grown in proportion to observed request volume"
2025-10-03,northcentralus,GPU-class,2368.0,1603.8,67.73,True,"SYNTHETIC - generated, not a business source: utilisation curve grown in proportion to observed request volume"
2025-10-04,northcentralus,GPU-class,2368.0,1557.7,65.78,True,"SYNTHETIC - generated, not a business source: utilisation curve grown in proportion to observed request volume"
2025-10-05,northcentralus,GPU-class,2368.0,1639.9,69.25,True,"SYNTHETIC - generated, not a business source: utilisation curve grown in proportion to observed request volume"
2025-10-06,northcentralus,GPU-class,2368.0,1628.9,68.79,True,"SYNTHETIC - generated, not a business source: utilisation curve grown in proportion to observed request volume"
2025-10-07,northcentralus,GPU-class,2368.0,1604.8,67.77,True,"SYNTHETIC - generated, not a business source: utilisation curve grown in proportion to observed request volume"
2025-10-08,northcentralus,GPU-class,2368.0,1607.4,67.88,True,"SYNTHETIC - generated, not a business source: utilisation curve grown in proportion to observed request volume"
2025-10-09,northcentralus,GPU-class,2368.0,1627.6,68.73,True,"SYNTHETIC - generated, not a business source: utilisation curve grown in proportion to observed request volume"
2025-10-10,northcentralus,GPU-class,2368.0,1645.5,69.49,True,"SYNTHETIC - generated, not a business source: utilisation curve grown in proportion to observed request volume"
2025-10-11,northcentralus,GPU-class,2368.0,1598.9,67.52,True,"SYNTHETIC - generated, not a business source: utilisation curve grown in proportion to observed request volume"
2025-10-12,northcentralus,GPU-class,2368.0,1628.5,68.77,True,"SYNTHETIC - generated, not a business source: utilisation curve grown in proportion to observed request volume"
2025-10-13,northcentralus,GPU-class,2368.0,1614.2,68.17,True,"SYNTHETIC - generated, not a business source: utilisation curve grown in proportion to observed request volume"
2025-10-14,northcentralus,GPU-class,2368.0,1648.2,69.6,True,"SYNTHETIC - generated, not a business source: utilisation curve grown in proportion to observed request volume"
2025-10-15,northcentralus,GPU-class,2368.0,1675.0,70.74,True,"SYNTHETIC - generated, not a business source: utilisation curve grown in proportion to observed request volume"
2025-10-16,northcentralus,GPU-class,2368.0,1698.9,71.74,True,"SYNTHETIC - generated, not a business source: utilisation curve grown in proportion to observed request volume"
2025-10-17,northcentralus,GPU-class,2368.0,1648.3,69.61,True,"SYNTHETIC - generated, not a business source: utilisation curve grown in proportion to observed request volume"
2025-10-18,northcentralus,GPU-class,2368.0,1669.8,70.51,True,"SYNTHETIC - generated, not a business source: utilisation curve grown in proportion to observed request volume"
2025-10-19,northcentralus,GPU-class,2368.0,1627.0,68.71,True,"SYNTHETIC - generated, not a business source: utilisation curve grown in proportion to observed request volume"
2025-10-20,northcentralus,GPU-class,2368.0,1669.5,70.5,True,"SYNTHETIC - generated, not a business source: utilisation curve grown in proportion to observed request volume"
2025-10-21,northcentralus,GPU-class,2368.0,1664.4,70.29,True,"SYNTHETIC - generated, not a business source: utilisation curve grown in proportion to observed request volume"
2025-10-22,northcentralus,GPU-class,2368.0,1689.9,71.37,True,"SYNTHETIC - generated, not a business source: utilisation curve grown in proportion to observed request volume"
2025-10-23,northcentralus,GPU-class,2368.0,1742.7,73.59,True,"SYNTHETIC - generated, not a business source: utilisation curve grown in proportion to observed request volume"
2025-10-24,northcentralus,GPU-class,2368.0,1727.1,72.93,True,"SYNTHETIC - generated, not a business source: utilisation curve grown in proportion to observed request volume"
2025-10-25,northcentralus,GPU-class,2368.0,1636.3,69.1,True,"SYNTHETIC - generated, not a business source: utilisation curve grown in proportion to observed request volume"
2025-10-26,northcentralus,GPU-class,2368.0,1674.7,70.72,True,"SYNTHETIC - generated, not a business source: utilisation curve grown in proportion to observed request volume"
2025-10-27,northcentralus,GPU-class,2368.0,1724.8,72.84,True,"SYNTHETIC - generated, not a business source: utilisation curve grown in proportion to observed request volume"
2025-10-28,northcentralus,GPU-class,2368.0,1743.7,73.64,True,"SYNTHETIC - generated, not a business source: utilisation curve grown in proportion to observed request volume"
2025-10-29,northcentralus,GPU-class,2368.0,1709.5,72.19,True,"SYNTHETIC - generated, not a business source: utilisation curve grown in proportion to observed request volume"
2025-10-30,northcentralus,GPU-class,2368.0,1756.6,74.18,True,"SYNTHETIC - generated, not a business source: utilisation curve grown in proportion to observed request volume"
2025-10-31,northcentralus,GPU-class,2368.0,1716.0,72.47,True,"SYNTHETIC - generated, not a business source: utilisation curve grown in proportion to observed request volume"
2025-11-01,northcentralus,GPU-class,2368.0,1649.0,69.64,True,"SYNTHETIC - generated, not a business source: utilisation curve grown in proportion to observed request volume"
2025-11-02,northcentralus,GPU-class,2368.0,1651.9,69.76,True,"SYNTHETIC - generated, not a business source: utilisation curve grown in proportion to observed request volume"
2025-11-03,northcentralus,GPU-class,2368.0,1758.8,74.27,True,"SYNTHETIC - generated, not a business source: utilisation curve grown in proportion to observed request volume"
2025-11-04,northcentralus,GPU-class,2368.0,1772.3,74.84,True,"SYNTHETIC - generated, not a business source: utilisation curve grown in proportion to observed request volume"
2025-11-05,northcentralus,GPU-class,2368.0,1723.5,72.78,True,"SYNTHETIC - generated, not a business source: utilisation curve grown in proportion to observed request volume"
2025-11-06,northcentralus,GPU-class,2368.0,1726.2,72.9,True,"SYNTHETIC - generated, not a business source: utilisation curve grown in proportion to observed request volume"
2025-11-07,northcentralus,GPU-class,2368.0,1780.7,75.2,True,"SYNTHETIC - generated, not a business source: utilisation curve grown in proportion to observed request volume"
2025-11-08,northcentralus,GPU-class,2368.0,1717.5,72.53,True,"SYNTHETIC - generated, not a business source: utilisation curve grown in proportion to observed request volume"
2025-11-09,northcentralus,GPU-class,2368.0,1666.8,70.39,True,"SYNTHETIC - generated, not a business source: utilisation curve grown in proportion to observed request volume"
2025-11-10,northcentralus,GPU-class,2368.0,1783.4,75.31,True,"SYNTHETIC - generated, not a business source: utilisation curve grown in proportion to observed request volume"
2025-11-11,northcentralus,GPU-class,2368.0,1794.2,75.77,True,"SYNTHETIC - generated, not a business source: utilisation curve grown in proportion to observed request volume"
2025-11-12,northcentralus,GPU-class,2368.0,1805.8,76.26,True,"SYNTHETIC - generated, not a business source: utilisation curve grown in proportion to observed request volume"
2025-11-13,northcentralus,GPU-class,2368.0,1788.5,75.53,True,"SYNTHETIC - generated, not a business source: utilisation curve grown in proportion to observed request volume"
2025-11-14,northcentralus,GPU-class,2368.0,1775.8,74.99,True,"SYNTHETIC - generated, not a business source: utilisation curve grown in proportion to observed request volume"
2025-11-15,northcentralus,GPU-class,2368.0,1729.4,73.03,True,"SYNTHETIC - generated, not a business source: utilisation curve grown in proportion to observed request volume"
2025-11-16,northcentralus,GPU-class,2368.0,1721.4,72.69,True,"SYNTHETIC - generated, not a business source: utilisation curve grown in proportion to observed request volume"
2025-11-17,northcentralus,GPU-class,2368.0,1795.4,75.82,True,"SYNTHETIC - generated, not a business source: utilisation curve grown in proportion to observed request volume"
2025-11-18,northcentralus,GPU-class,2368.0,1834.5,77.47,True,"SYNTHETIC - generated, not a business source: utilisation curve grown in proportion to observed request volume"
2025-11-19,northcentralus,GPU-class,2368.0,1886.1,79.65,True,"SYNTHETIC - generated, not a business source: utilisation curve grown in proportion to observed request volume"
2025-11-20,northcentralus,GPU-class,2368.0,1836.0,77.54,True,"SYNTHETIC - generated, not a business source: utilisation curve grown in proportion to observed request volume"
2025-11-21,northcentralus,GPU-class,2368.0,1816.7,76.72,True,"SYNTHETIC - generated, not a business source: utilisation curve grown in proportion to observed request volume"
2025-11-22,northcentralus,GPU-class,2368.0,1846.2,77.96,True,"SYNTHETIC - generated, not a business source: utilisation curve grown in proportion to observed request volume"
2025-11-23,northcentralus,GPU-class,2368.0,1818.8,76.81,True,"SYNTHETIC - generated, not a business source: utilisation curve grown in proportion to observed request volume"
2025-11-24,northcentralus,GPU-class,2368.0,1853.8,78.28,True,"SYNTHETIC - generated, not a business source: utilisation curve grown in proportion to observed request volume"
2025-11-25,northcentralus,GPU-class,2368.0,1914.3,80.84,True,"SYNTHETIC - generated, not a business source: utilisation curve grown in proportion to observed request volume"
2025-11-26,northcentralus,GPU-class,2368.0,1865.1,78.76,True,"SYNTHETIC - generated, not a business source: utilisation curve grown in proportion to observed request volume"
2025-11-27,northcentralus,GPU-class,2368.0,1862.8,78.67,True,"SYNTHETIC - generated, not a business source: utilisation curve grown in proportion to observed request volume"
2025-11-28,northcentralus,GPU-class,2368.0,1829.6,77.26,True,"SYNTHETIC - generated, not a business source: utilisation curve grown in proportion to observed request volume"
2025-11-29,northcentralus,GPU-class,2368.0,1831.5,77.34,True,"SYNTHETIC - generated, not a business source: utilisation curve grown in proportion to observed request volume"
2025-11-30,northcentralus,GPU-class,2368.0,1795.8,75.84,True,"SYNTHETIC - generated, not a business source: utilisation curve grown in proportion to observed request volume"
2025-12-01,northcentralus,GPU-class,2368.0,1869.5,78.95,True,"SYNTHETIC - generated, not a business source: utilisation curve grown in proportion to observed request volume"
2025-12-02,northcentralus,GPU-class,2368.0,1906.7,80.52,True,"SYNTHETIC - generated, not a business source: utilisation curve grown in proportion to observed request volume"
2025-12-03,northcentralus,GPU-class,2368.0,1898.5,80.17,True,"SYNTHETIC - generated, not a business source: utilisation curve grown in proportion to observed request volume"
2025-12-04,northcentralus,GPU-class,2368.0,1915.9,80.91,True,"SYNTHETIC - generated, not a business source: utilisation curve grown in proportion to observed request volume"
2025-12-05,northcentralus,GPU-class,2368.0,1907.1,80.54,True,"SYNTHETIC - generated, not a business source: utilisation curve grown in proportion to observed request volume"
2025-12-06,northcentralus,GPU-class,2368.0,1833.4,77.43,True,"SYNTHETIC - generated, not a business source: utilisation curve grown in proportion to observed request volume"
2025-12-07,northcentralus,GPU-class,2368.0,1812.6,76.54,True,"SYNTHETIC - generated, not a business source: utilisation curve grown in proportion to observed request volume"
2025-12-08,northcentralus,GPU-class,2368.0,1940.7,81.95,True,"SYNTHETIC - generated, not a business source: utilisation curve grown in proportion to observed request volume"
2025-12-09,northcentralus,GPU-class,2368.0,1891.7,79.89,True,"SYNTHETIC - generated, not a business source: utilisation curve grown in proportion to observed request volume"
2025-12-10,northcentralus,GPU-class,2368.0,1889.4,79.79,True,"SYNTHETIC - generated, not a business source: utilisation curve grown in proportion to observed request volume"
2025-12-11,northcentralus,GPU-class,2368.0,1918.2,81.01,True,"SYNTHETIC - generated, not a business source: utilisation curve grown in proportion to observed request volume"
2025-12-12,northcentralus,GPU-class,2368.0,1921.8,81.16,True,"SYNTHETIC - generated, not a business source: utilisation curve grown in proportion to observed request volume"
2025-12-13,northcentralus,GPU-class,2368.0,1860.6,78.57,True,"SYNTHETIC - generated, not a business source: utilisation curve grown in proportion to observed request volume"
2025-12-14,northcentralus,GPU-class,2368.0,1854.2,78.3,True,"SYNTHETIC - generated, not a business source: utilisation curve grown in proportion to observed request volume"
2025-12-15,northcentralus,GPU-class,2368.0,1962.2,82.86,True,"SYNTHETIC - generated, not a business source: utilisation curve grown in proportion to observed request volume"
2025-12-16,northcentralus,GPU-class,2368.0,1924.6,81.28,True,"SYNTHETIC - generated, not a business source: utilisation curve grown in proportion to observed request volume"
2025-12-17,northcentralus,GPU-class,2368.0,1981.0,83.66,True,"SYNTHETIC - generated, not a business source: utilisation curve grown in proportion to observed request volume"
2025-12-18,northcentralus,GPU-class,2368.0,1969.4,83.17,True,"SYNTHETIC - generated, not a business source: utilisation curve grown in proportion to observed request volume"
2025-12-19,northcentralus,GPU-class,2368.0,1950.8,82.38,True,"SYNTHETIC - generated, not a business source: utilisation curve grown in proportion to observed request volume"
2025-12-20,northcentralus,GPU-class,2368.0,1873.6,79.12,True,"SYNTHETIC - generated, not a business source: utilisation curve grown in proportion to observed request volume"
2025-12-21,northcentralus,GPU-class,2368.0,1915.0,80.87,True,"SYNTHETIC - generated, not a business source: utilisation curve grown in proportion to observed request volume"
2025-12-22,northcentralus,GPU-class,2368.0,1983.0,83.74,True,"SYNTHETIC - generated, not a business source: utilisation curve grown in proportion to observed request volume"
2025-12-23,northcentralus,GPU-class,2368.0,1945.3,82.15,True,"SYNTHETIC - generated, not a business source: utilisation curve grown in proportion to observed request volume"
2025-12-24,northcentralus,GPU-class,2368.0,1998.4,84.39,True,"SYNTHETIC - generated, not a business source: utilisation curve grown in proportion to observed request volume"
2025-12-25,northcentralus,GPU-class,2368.0,1973.2,83.33,True,"SYNTHETIC - generated, not a business source: utilisation curve grown in proportion to observed request volume"
2025-12-26,northcentralus,GPU-class,2368.0,2035.4,85.95,True,"SYNTHETIC - generated, not a business source: utilisation curve grown in proportion to observed request volume"
2025-12-27,northcentralus,GPU-class,2368.0,1902.6,80.35,True,"SYNTHETIC - generated, not a business source: utilisation curve grown in proportion to observed request volume"
2025-12-28,northcentralus,GPU-class,2368.0,1940.9,81.97,True,"SYNTHETIC - generated, not a business source: utilisation curve grown in proportion to observed request volume"
2025-12-29,northcentralus,GPU-class,2368.0,2018.9,85.26,True,"SYNTHETIC - generated, not a business source: utilisation curve grown in proportion to observed request volume"
2025-12-30,northcentralus,GPU-class,2368.0,2016.6,85.16,True,"SYNTHETIC - generated, not a business source: utilisation curve grown in proportion to observed request volume"
2025-12-31,northcentralus,GPU-class,2368.0,1968.7,83.14,True,"SYNTHETIC - generated, not a business source: utilisation curve grown in proportion to observed request volume"
2026-01-01,northcentralus,GPU-class,2368.0,2009.0,84.84,True,"SYNTHETIC - generated, not a business source: utilisation curve grown in proportion to observed request volume"
2026-01-02,northcentralus,GPU-class,2368.0,2021.5,85.37,True,"SYNTHETIC - generated, not a business source: utilisation curve grown in proportion to observed request volume"
2026-01-03,northcentralus,GPU-class,2368.0,2000.4,84.48,True,"SYNTHETIC - generated, not a business source: utilisation curve grown in proportion to observed request volume"
2026-01-04,northcentralus,GPU-class,2368.0,1959.9,82.77,True,"SYNTHETIC - generated, not a business source: utilisation curve grown in proportion to observed request volume"
2026-01-05,northcentralus,GPU-class,2368.0,2017.6,85.2,True,"SYNTHETIC - generated, not a business source: utilisation curve grown in proportion to observed request volume"
2026-01-06,northcentralus,GPU-class,2368.0,2049.3,86.54,True,"SYNTHETIC - generated, not a business source: utilisation curve grown in proportion to observed request volume"
2026-01-07,northcentralus,GPU-class,2368.0,2016.9,85.17,True,"SYNTHETIC - generated, not a business source: utilisation curve grown in proportion to observed request volume"
2026-01-08,northcentralus,GPU-class,2368.0,2049.3,86.54,True,"SYNTHETIC - generated, not a business source: utilisation curve grown in proportion to observed request volume"
2026-01-09,northcentralus,GPU-class,2368.0,2012.9,85.01,True,"SYNTHETIC - generated, not a business source: utilisation curve grown in proportion to observed request volume"
2026-01-10,northcentralus,GPU-class,2368.0,2008.0,84.8,True,"SYNTHETIC - generated, not a business source: utilisation curve grown in proportion to observed request volume"
2026-01-11,northcentralus,GPU-class,2368.0,1979.6,83.6,True,"SYNTHETIC - generated, not a business source: utilisation curve grown in proportion to observed request volume"
2026-01-12,northcentralus,GPU-class,2368.0,2008.1,84.8,True,"SYNTHETIC - generated, not a business source: utilisation curve grown in proportion to observed request volume"
2026-01-13,northcentralus,GPU-class,2368.0,2075.7,87.66,True,"SYNTHETIC - generated, not a business source: utilisation curve grown in proportion to observed request volume"
2026-01-14,northcentralus,GPU-class,2368.0,2076.3,87.68,True,"SYNTHETIC - generated, not a business source: utilisation curve grown in proportion to observed request volume"
2026-01-15,northcentralus,GPU-class,2368.0,2055.6,86.81,True,"SYNTHETIC - generated, not a business source: utilisation curve grown in proportion to observed request volume"
2026-01-16,northcentralus,GPU-class,2368.0,2125.7,89.77,True,"SYNTHETIC - generated, not a business source: utilisation curve grown in proportion to observed request volume"
2026-01-17,northcentralus,GPU-class,2368.0,1988.9,83.99,True,"SYNTHETIC - generated, not a business source: utilisation curve grown in proportion to observed request volume"
2026-01-18,northcentralus,GPU-class,2368.0,2042.1,86.24,True,"SYNTHETIC - generated, not a business source: utilisation curve grown in proportion to observed request volume"
2026-01-19,northcentralus,GPU-class,2368.0,2131.7,90.02,True,"SYNTHETIC - generated, not a business source: utilisation curve grown in proportion to observed request volume"
2026-01-20,northcentralus,GPU-class,2368.0,2092.7,88.38,True,"SYNTHETIC - generated, not a business source: utilisation curve grown in proportion to observed request volume"
2026-01-21,northcentralus,GPU-class,2368.0,2080.1,87.84,True,"SYNTHETIC - generated, not a business source: utilisation curve grown in proportion to observed request volume"
2026-01-22,northcentralus,GPU-class,2368.0,2104.4,88.87,True,"SYNTHETIC - generated, not a business source: utilisation curve grown in proportion to observed request volume"
2026-01-23,northcentralus,GPU-class,2368.0,2095.1,88.48,True,"SYNTHETIC - generated, not a business source: utilisation curve grown in proportion to observed request volume"
2026-01-24,northcentralus,GPU-class,2368.0,2056.6,86.85,True,"SYNTHETIC - generated, not a business source: utilisation curve grown in proportion to observed request volume"
2026-01-25,northcentralus,GPU-class,2368.0,2115.5,89.34,True,"SYNTHETIC - generated, not a business source: utilisation curve grown in proportion to observed request volume"
2026-01-26,northcentralus,GPU-class,2368.0,2087.6,88.16,True,"SYNTHETIC - generated, not a business source: utilisation curve grown in proportion to observed request volume"
2026-01-27,northcentralus,GPU-class,2368.0,2118.2,89.45,True,"SYNTHETIC - generated, not a business source: utilisation curve grown in proportion to observed request volume"
2026-01-28,northcentralus,GPU-class,2368.0,2125.9,89.78,True,"SYNTHETIC - generated, not a business source: utilisation curve grown in proportion to observed request volume"
2025-09-01,canadacentral,AMD-highmem,3216.0,1588.4,49.39,True,"SYNTHETIC - generated, not a business source: utilisation curve grown in proportion to observed request volume"
2025-09-02,canadacentral,AMD-highmem,3216.0,1553.3,48.3,True,"SYNTHETIC - generated, not a business source: utilisation curve grown in proportion to observed request volume"
2025-09-03,canadacentral,AMD-highmem,3216.0,1586.7,49.34,True,"SYNTHETIC - generated, not a business source: utilisation curve grown in proportion to observed request volume"
2025-09-04,canadacentral,AMD-highmem,3216.0,1548.5,48.15,True,"SYNTHETIC - generated, not a business source: utilisation curve grown in proportion to observed request volume"
2025-09-05,canadacentral,AMD-highmem,3216.0,1663.3,51.72,True,"SYNTHETIC - generated, not a business source: utilisation curve grown in proportion to observed request volume"
2025-09-06,canadacentral,AMD-highmem,3216.0,1525.1,47.42,True,"SYNTHETIC - generated, not a business source: utilisation curve grown in proportion to observed request volume"
2025-09-07,canadacentral,AMD-highmem,3216.0,1552.3,48.27,True,"SYNTHETIC - generated, not a business source: utilisation curve grown in proportion to observed request volume"
2025-09-08,canadacentral,AMD-highmem,3216.0,1647.4,51.22,True,"SYNTHETIC - generated, not a business source: utilisation curve grown in proportion to observed request volume"
2025-09-09,canadacentral,AMD-highmem,3216.0,1630.6,50.7,True,"SYNTHETIC - generated, not a business source: utilisation curve grown in proportion to observed request volume"
2025-09-10,canadacentral,AMD-highmem,3216.0,1687.1,52.46,True,"SYNTHETIC - generated, not a business source: utilisation curve grown in proportion to observed request volume"
2025-09-11,canadacentral,AMD-highmem,3216.0,1639.8,50.99,True,"SYNTHETIC - generated, not a business source: utilisation curve grown in proportion to observed request volume"
2025-09-12,canadacentral,AMD-highmem,3216.0,1663.1,51.71,True,"SYNTHETIC - generated, not a business source: utilisation curve grown in proportion to observed request volume"
2025-09-13,canadacentral,AMD-highmem,3216.0,1568.1,48.76,True,"SYNTHETIC - generated, not a business source: utilisation curve grown in proportion to observed request volume"
2025-09-14,canadacentral,AMD-highmem,3216.0,1541.3,47.93,True,"SYNTHETIC - generated, not a business source: utilisation curve grown in proportion to observed request volume"
2025-09-15,canadacentral,AMD-highmem,3216.0,1726.4,53.68,True,"SYNTHETIC - generated, not a business source: utilisation curve grown in proportion to observed request volume"
2025-09-16,canadacentral,AMD-highmem,3216.0,1610.8,50.09,True,"SYNTHETIC - generated, not a business source: utilisation curve grown in proportion to observed request volume"
2025-09-17,canadacentral,AMD-highmem,3216.0,1656.8,51.52,True,"SYNTHETIC - generated, not a business source: utilisation curve grown in proportion to observed request volume"
2025-09-18,canadacentral,AMD-highmem,3216.0,1694.4,52.69,True,"SYNTHETIC - generated, not a business source: utilisation curve grown in proportion to observed request volume"
2025-09-19,canadacentral,AMD-highmem,3216.0,1672.1,51.99,True,"SYNTHETIC - generated, not a business source: utilisation curve grown in proportion to observed request volume"
2025-09-20,canadacentral,AMD-highmem,3216.0,1537.7,47.81,True,"SYNTHETIC - generated, not a business source: utilisation curve grown in proportion to observed request volume"
2025-09-21,canadacentral,AMD-highmem,3216.0,1712.6,53.25,True,"SYNTHETIC - generated, not a business source: utilisation curve grown in proportion to observed request volume"
2025-09-22,canadacentral,AMD-highmem,3216.0,1683.4,52.34,True,"SYNTHETIC - generated, not a business source: utilisation curve grown in proportion to observed request volume"
2025-09-23,canadacentral,AMD-highmem,3216.0,1707.5,53.09,True,"SYNTHETIC - generated, not a business source: utilisation curve grown in proportion to observed request volume"
2025-09-24,canadacentral,AMD-highmem,3216.0,1694.8,52.7,True,"SYNTHETIC - generated, not a business source: utilisation curve grown in proportion to observed request volume"
2025-09-25,canadacentral,AMD-highmem,3216.0,1776.9,55.25,True,"SYNTHETIC - generated, not a business source: utilisation curve grown in proportion to observed request volume"
2025-09-26,canadacentral,AMD-highmem,3216.0,1677.8,52.17,True,"SYNTHETIC - generated, not a business source: utilisation curve grown in proportion to observed request volume"
2025-09-27,canadacentral,AMD-highmem,3216.0,1605.2,49.91,True,"SYNTHETIC - generated, not a business source: utilisation curve grown in proportion to observed request volume"
2025-09-28,canadacentral,AMD-highmem,3216.0,1617.3,50.29,True,"SYNTHETIC - generated, not a business source: utilisation curve grown in proportion to observed request volume"
2025-09-29,canadacentral,AMD-highmem,3216.0,1765.0,54.88,True,"SYNTHETIC - generated, not a business source: utilisation curve grown in proportion to observed request volume"
2025-09-30,canadacentral,AMD-highmem,3216.0,1792.3,55.73,True,"SYNTHETIC - generated, not a business source: utilisation curve grown in proportion to observed request volume"
2025-10-01,canadacentral,AMD-highmem,3216.0,1752.8,54.5,True,"SYNTHETIC - generated, not a business source: utilisation curve grown in proportion to observed request volume"
2025-10-02,canadacentral,AMD-highmem,3216.0,1735.6,53.97,True,"SYNTHETIC - generated, not a business source: utilisation curve grown in proportion to observed request volume"
2025-10-03,canadacentral,AMD-highmem,3216.0,1747.4,54.34,True,"SYNTHETIC - generated, not a business source: utilisation curve grown in proportion to observed request volume"
2025-10-04,canadacentral,AMD-highmem,3216.0,1698.4,52.81,True,"SYNTHETIC - generated, not a business source: utilisation curve grown in proportion to observed request volume"
2025-10-05,canadacentral,AMD-highmem,3216.0,1709.3,53.15,True,"SYNTHETIC - generated, not a business source: utilisation curve grown in proportion to observed request volume"
2025-10-06,canadacentral,AMD-highmem,3216.0,1814.0,56.41,True,"SYNTHETIC - generated, not a business source: utilisation curve grown in proportion to observed request volume"
2025-10-07,canadacentral,AMD-highmem,3216.0,1812.2,56.35,True,"SYNTHETIC - generated, not a business source: utilisation curve grown in proportion to observed request volume"
2025-10-08,canadacentral,AMD-highmem,3216.0,1738.9,54.07,True,"SYNTHETIC - generated, not a business source: utilisation curve grown in proportion to observed request volume"
2025-10-09,canadacentral,AMD-highmem,3216.0,1767.6,54.96,True,"SYNTHETIC - generated, not a business source: utilisation curve grown in proportion to observed request volume"
2025-10-10,canadacentral,AMD-highmem,3216.0,1807.7,56.21,True,"SYNTHETIC - generated, not a business source: utilisation curve grown in proportion to observed request volume"
2025-10-11,canadacentral,AMD-highmem,3216.0,1739.6,54.09,True,"SYNTHETIC - generated, not a business source: utilisation curve grown in proportion to observed request volume"
2025-10-12,canadacentral,AMD-highmem,3216.0,1716.8,53.38,True,"SYNTHETIC - generated, not a business source: utilisation curve grown in proportion to observed request volume"
2025-10-13,canadacentral,AMD-highmem,3216.0,1890.8,58.79,True,"SYNTHETIC - generated, not a business source: utilisation curve grown in proportion to observed request volume"
2025-10-14,canadacentral,AMD-highmem,3216.0,1813.3,56.38,True,"SYNTHETIC - generated, not a business source: utilisation curve grown in proportion to observed request volume"
2025-10-15,canadacentral,AMD-highmem,3216.0,1854.4,57.66,True,"SYNTHETIC - generated, not a business source: utilisation curve grown in proportion to observed request volume"
2025-10-16,canadacentral,AMD-highmem,3216.0,1938.1,60.26,True,"SYNTHETIC - generated, not a business source: utilisation curve grown in proportion to observed request volume"
2025-10-17,canadacentral,AMD-highmem,3216.0,1824.4,56.73,True,"SYNTHETIC - generated, not a business source: utilisation curve grown in proportion to observed request volume"
2025-10-18,canadacentral,AMD-highmem,3216.0,1792.6,55.74,True,"SYNTHETIC - generated, not a business source: utilisation curve grown in proportion to observed request volume"
2025-10-19,canadacentral,AMD-highmem,3216.0,1806.0,56.16,True,"SYNTHETIC - generated, not a business source: utilisation curve grown in proportion to observed request volume"
2025-10-20,canadacentral,AMD-highmem,3216.0,1890.0,58.77,True,"SYNTHETIC - generated, not a business source: utilisation curve grown in proportion to observed request volume"
2025-10-21,canadacentral,AMD-highmem,3216.0,1838.7,57.17,True,"SYNTHETIC - generated, not a business source: utilisation curve grown in proportion to observed request volume"
2025-10-22,canadacentral,AMD-highmem,3216.0,1841.7,57.27,True,"SYNTHETIC - generated, not a business source: utilisation curve grown in proportion to observed request volume"
2025-10-23,canadacentral,AMD-highmem,3216.0,1885.9,58.64,True,"SYNTHETIC - generated, not a business source: utilisation curve grown in proportion to observed request volume"
2025-10-24,canadacentral,AMD-highmem,3216.0,1922.5,59.78,True,"SYNTHETIC - generated, not a business source: utilisation curve grown in proportion to observed request volume"
2025-10-25,canadacentral,AMD-highmem,3216.0,1854.6,57.67,True,"SYNTHETIC - generated, not a business source: utilisation curve grown in proportion to observed request volume"
2025-10-26,canadacentral,AMD-highmem,3216.0,1836.3,57.1,True,"SYNTHETIC - generated, not a business source: utilisation curve grown in proportion to observed request volume"
2025-10-27,canadacentral,AMD-highmem,3216.0,1865.4,58.0,True,"SYNTHETIC - generated, not a business source: utilisation curve grown in proportion to observed request volume"
2025-10-28,canadacentral,AMD-highmem,3216.0,1967.5,61.18,True,"SYNTHETIC - generated, not a business source: utilisation curve grown in proportion to observed request volume"
2025-10-29,canadacentral,AMD-highmem,3216.0,1914.7,59.54,True,"SYNTHETIC - generated, not a business source: utilisation curve grown in proportion to observed request volume"
2025-10-30,canadacentral,AMD-highmem,3216.0,1949.3,60.61,True,"SYNTHETIC - generated, not a business source: utilisation curve grown in proportion to observed request volume"
2025-10-31,canadacentral,AMD-highmem,3216.0,1932.0,60.07,True,"SYNTHETIC - generated, not a business source: utilisation curve grown in proportion to observed request volume"
2025-11-01,canadacentral,AMD-highmem,3216.0,1846.7,57.42,True,"SYNTHETIC - generated, not a business source: utilisation curve grown in proportion to observed request volume"
2025-11-02,canadacentral,AMD-highmem,3216.0,1827.4,56.82,True,"SYNTHETIC - generated, not a business source: utilisation curve grown in proportion to observed request volume"
2025-11-03,canadacentral,AMD-highmem,3216.0,1913.3,59.49,True,"SYNTHETIC - generated, not a business source: utilisation curve grown in proportion to observed request volume"
2025-11-04,canadacentral,AMD-highmem,3216.0,1932.9,60.1,True,"SYNTHETIC - generated, not a business source: utilisation curve grown in proportion to observed request volume"
2025-11-05,canadacentral,AMD-highmem,3216.0,1922.3,59.77,True,"SYNTHETIC - generated, not a business source: utilisation curve grown in proportion to observed request volume"
2025-11-06,canadacentral,AMD-highmem,3216.0,2017.4,62.73,True,"SYNTHETIC - generated, not a business source: utilisation curve grown in proportion to observed request volume"
2025-11-07,canadacentral,AMD-highmem,3216.0,1949.0,60.6,True,"SYNTHETIC - generated, not a business source: utilisation curve grown in proportion to observed request volume"
2025-11-08,canadacentral,AMD-highmem,3216.0,1869.8,58.14,True,"SYNTHETIC - generated, not a business source: utilisation curve grown in proportion to observed request volume"
2025-11-09,canadacentral,AMD-highmem,3216.0,1907.1,59.3,True,"SYNTHETIC - generated, not a business source: utilisation curve grown in proportion to observed request volume"
2025-11-10,canadacentral,AMD-highmem,3216.0,1943.0,60.42,True,"SYNTHETIC - generated, not a business source: utilisation curve grown in proportion to observed request volume"
2025-11-11,canadacentral,AMD-highmem,3216.0,2009.9,62.5,True,"SYNTHETIC - generated, not a business source: utilisation curve grown in proportion to observed request volume"
2025-11-12,canadacentral,AMD-highmem,3216.0,1992.8,61.97,True,"SYNTHETIC - generated, not a business source: utilisation curve grown in proportion to observed request volume"
2025-11-13,canadacentral,AMD-highmem,3216.0,2017.2,62.72,True,"SYNTHETIC - generated, not a business source: utilisation curve grown in proportion to observed request volume"
2025-11-14,canadacentral,AMD-highmem,3216.0,2003.7,62.3,True,"SYNTHETIC - generated, not a business source: utilisation curve grown in proportion to observed request volume"
2025-11-15,canadacentral,AMD-highmem,3216.0,1978.7,61.53,True,"SYNTHETIC - generated, not a business source: utilisation curve grown in proportion to observed request volume"
2025-11-16,canadacentral,AMD-highmem,3216.0,1931.5,60.06,True,"SYNTHETIC - generated, not a business source: utilisation curve grown in proportion to observed request volume"
2025-11-17,canadacentral,AMD-highmem,3216.0,2066.7,64.26,True,"SYNTHETIC - generated, not a business source: utilisation curve grown in proportion to observed request volume"
2025-11-18,canadacentral,AMD-highmem,3216.0,2093.4,65.09,True,"SYNTHETIC - generated, not a business source: utilisation curve grown in proportion to observed request volume"
2025-11-19,canadacentral,AMD-highmem,3216.0,2085.7,64.85,True,"SYNTHETIC - generated, not a business source: utilisation curve grown in proportion to observed request volume"
2025-11-20,canadacentral,AMD-highmem,3216.0,2025.4,62.98,True,"SYNTHETIC - generated, not a business source: utilisation curve grown in proportion to observed request volume"
2025-11-21,canadacentral,AMD-highmem,3216.0,2112.6,65.69,True,"SYNTHETIC - generated, not a business source: utilisation curve grown in proportion to observed request volume"
2025-11-22,canadacentral,AMD-highmem,3216.0,1969.1,61.23,True,"SYNTHETIC - generated, not a business source: utilisation curve grown in proportion to observed request volume"
2025-11-23,canadacentral,AMD-highmem,3216.0,2008.8,62.46,True,"SYNTHETIC - generated, not a business source: utilisation curve grown in proportion to observed request volume"
2025-11-24,canadacentral,AMD-highmem,3216.0,2051.5,63.79,True,"SYNTHETIC - generated, not a business source: utilisation curve grown in proportion to observed request volume"
2025-11-25,canadacentral,AMD-highmem,3216.0,2092.1,65.05,True,"SYNTHETIC - generated, not a business source: utilisation curve grown in proportion to observed request volume"
2025-11-26,canadacentral,AMD-highmem,3216.0,2081.6,64.73,True,"SYNTHETIC - generated, not a business source: utilisation curve grown in proportion to observed request volume"
2025-11-27,canadacentral,AMD-highmem,3216.0,2078.9,64.64,True,"SYNTHETIC - generated, not a business source: utilisation curve grown in proportion to observed request volume"
2025-11-28,canadacentral,AMD-highmem,3216.0,2025.7,62.99,True,"SYNTHETIC - generated, not a business source: utilisation curve grown in proportion to observed request volume"
2025-11-29,canadacentral,AMD-highmem,3216.0,1944.1,60.45,True,"SYNTHETIC - generated, not a business source: utilisation curve grown in proportion to observed request volume"
2025-11-30,canadacentral,AMD-highmem,3216.0,2059.8,64.05,True,"SYNTHETIC - generated, not a business source: utilisation curve grown in proportion to observed request volume"
2025-12-01,canadacentral,AMD-highmem,3216.0,2165.1,67.32,True,"SYNTHETIC - generated, not a business source: utilisation curve grown in proportion to observed request volume"
2025-12-02,canadacentral,AMD-highmem,3216.0,2128.7,66.19,True,"SYNTHETIC - generated, not a business source: utilisation curve grown in proportion to observed request volume"
2025-12-03,canadacentral,AMD-highmem,3216.0,2121.0,65.95,True,"SYNTHETIC - generated, not a business source: utilisation curve grown in proportion to observed request volume"
2025-12-04,canadacentral,AMD-highmem,3216.0,2109.1,65.58,True,"SYNTHETIC - generated, not a business source: utilisation curve grown in proportion to observed request volume"
2025-12-05,canadacentral,AMD-highmem,3216.0,2058.9,64.02,True,"SYNTHETIC - generated, not a business source: utilisation curve grown in proportion to observed request volume"
2025-12-06,canadacentral,AMD-highmem,3216.0,2041.2,63.47,True,"SYNTHETIC - generated, not a business source: utilisation curve grown in proportion to observed request volume"
2025-12-07,canadacentral,AMD-highmem,3216.0,1995.3,62.04,True,"SYNTHETIC - generated, not a business source: utilisation curve grown in proportion to observed request volume"
2025-12-08,canadacentral,AMD-highmem,3216.0,2120.1,65.92,True,"SYNTHETIC - generated, not a business source: utilisation curve grown in proportion to observed request volume"
2025-12-09,canadacentral,AMD-highmem,3216.0,2227.2,69.25,True,"SYNTHETIC - generated, not a business source: utilisation curve grown in proportion to observed request volume"
2025-12-10,canadacentral,AMD-highmem,3216.0,2226.5,69.23,True,"SYNTHETIC - generated, not a business source: utilisation curve grown in proportion to observed request volume"
2025-12-11,canadacentral,AMD-highmem,3216.0,2191.9,68.16,True,"SYNTHETIC - generated, not a business source: utilisation curve grown in proportion to observed request volume"
2025-12-12,canadacentral,AMD-highmem,3216.0,2122.5,66.0,True,"SYNTHETIC - generated, not a business source: utilisation curve grown in proportion to observed request volume"
2025-12-13,canadacentral,AMD-highmem,3216.0,2102.8,65.39,True,"SYNTHETIC - generated, not a business source: utilisation curve grown in proportion to observed request volume"
2025-12-14,canadacentral,AMD-highmem,3216.0,2073.5,64.47,True,"SYNTHETIC - generated, not a business source: utilisation curve grown in proportion to observed request volume"
2025-12-15,canadacentral,AMD-highmem,3216.0,2122.6,66.0,True,"SYNTHETIC - generated, not a business source: utilisation curve grown in proportion to observed request volume"
2025-12-16,canadacentral,AMD-highmem,3216.0,2163.4,67.27,True,"SYNTHETIC - generated, not a business source: utilisation curve grown in proportion to observed request volume"
2025-12-17,canadacentral,AMD-highmem,3216.0,2197.3,68.32,True,"SYNTHETIC - generated, not a business source: utilisation curve grown in proportion to observed request volume"
2025-12-18,canadacentral,AMD-highmem,3216.0,2145.7,66.72,True,"SYNTHETIC - generated, not a business source: utilisation curve grown in proportion to observed request volume"
2025-12-19,canadacentral,AMD-highmem,3216.0,2207.7,68.65,True,"SYNTHETIC - generated, not a business source: utilisation curve grown in proportion to observed request volume"
2025-12-20,canadacentral,AMD-highmem,3216.0,2119.3,65.9,True,"SYNTHETIC - generated, not a business source: utilisation curve grown in proportion to observed request volume"
2025-12-21,canadacentral,AMD-highmem,3216.0,2100.2,65.31,True,"SYNTHETIC - generated, not a business source: utilisation curve grown in proportion to observed request volume"
2025-12-22,canadacentral,AMD-highmem,3216.0,2269.3,70.56,True,"SYNTHETIC - generated, not a business source: utilisation curve grown in proportion to observed request volume"
2025-12-23,canadacentral,AMD-highmem,3216.0,2290.0,71.21,True,"SYNTHETIC - generated, not a business source: utilisation curve grown in proportion to observed request volume"
2025-12-24,canadacentral,AMD-highmem,3216.0,2191.0,68.13,True,"SYNTHETIC - generated, not a business source: utilisation curve grown in proportion to observed request volume"
2025-12-25,canadacentral,AMD-highmem,3216.0,2285.9,71.08,True,"SYNTHETIC - generated, not a business source: utilisation curve grown in proportion to observed request volume"
2025-12-26,canadacentral,AMD-highmem,3216.0,2267.5,70.51,True,"SYNTHETIC - generated, not a business source: utilisation curve grown in proportion to observed request volume"
2025-12-27,canadacentral,AMD-highmem,3216.0,2153.7,66.97,True,"SYNTHETIC - generated, not a business source: utilisation curve grown in proportion to observed request volume"
2025-12-28,canadacentral,AMD-highmem,3216.0,2183.1,67.88,True,"SYNTHETIC - generated, not a business source: utilisation curve grown in proportion to observed request volume"
2025-12-29,canadacentral,AMD-highmem,3216.0,2192.4,68.17,True,"SYNTHETIC - generated, not a business source: utilisation curve grown in proportion to observed request volume"
2025-12-30,canadacentral,AMD-highmem,3216.0,2322.4,72.21,True,"SYNTHETIC - generated, not a business source: utilisation curve grown in proportion to observed request volume"
2025-12-31,canadacentral,AMD-highmem,3216.0,2229.3,69.32,True,"SYNTHETIC - generated, not a business source: utilisation curve grown in proportion to observed request volume"
2026-01-01,canadacentral,AMD-highmem,3216.0,2266.0,70.46,True,"SYNTHETIC - generated, not a business source: utilisation curve grown in proportion to observed request volume"
2026-01-02,canadacentral,AMD-highmem,3216.0,2261.0,70.3,True,"SYNTHETIC - generated, not a business source: utilisation curve grown in proportion to observed request volume"
2026-01-03,canadacentral,AMD-highmem,3216.0,2241.9,69.71,True,"SYNTHETIC - generated, not a business source: utilisation curve grown in proportion to observed request volume"
2026-01-04,canadacentral,AMD-highmem,3216.0,2259.8,70.27,True,"SYNTHETIC - generated, not a business source: utilisation curve grown in proportion to observed request volume"
2026-01-05,canadacentral,AMD-highmem,3216.0,2330.6,72.47,True,"SYNTHETIC - generated, not a business source: utilisation curve grown in proportion to observed request volume"
2026-01-06,canadacentral,AMD-highmem,3216.0,2293.2,71.31,True,"SYNTHETIC - generated, not a business source: utilisation curve grown in proportion to observed request volume"
2026-01-07,canadacentral,AMD-highmem,3216.0,2368.7,73.65,True,"SYNTHETIC - generated, not a business source: utilisation curve grown in proportion to observed request volume"
2026-01-08,canadacentral,AMD-highmem,3216.0,2260.6,70.29,True,"SYNTHETIC - generated, not a business source: utilisation curve grown in proportion to observed request volume"
2026-01-09,canadacentral,AMD-highmem,3216.0,2271.9,70.65,True,"SYNTHETIC - generated, not a business source: utilisation curve grown in proportion to observed request volume"
2026-01-10,canadacentral,AMD-highmem,3216.0,2314.9,71.98,True,"SYNTHETIC - generated, not a business source: utilisation curve grown in proportion to observed request volume"
2026-01-11,canadacentral,AMD-highmem,3216.0,2264.5,70.41,True,"SYNTHETIC - generated, not a business source: utilisation curve grown in proportion to observed request volume"
2026-01-12,canadacentral,AMD-highmem,3216.0,2323.9,72.26,True,"SYNTHETIC - generated, not a business source: utilisation curve grown in proportion to observed request volume"
2026-01-13,canadacentral,AMD-highmem,3216.0,2329.0,72.42,True,"SYNTHETIC - generated, not a business source: utilisation curve grown in proportion to observed request volume"
2026-01-14,canadacentral,AMD-highmem,3216.0,2315.6,72.0,True,"SYNTHETIC - generated, not a business source: utilisation curve grown in proportion to observed request volume"
2026-01-15,canadacentral,AMD-highmem,3216.0,2410.6,74.96,True,"SYNTHETIC - generated, not a business source: utilisation curve grown in proportion to observed request volume"
2026-01-16,canadacentral,AMD-highmem,3216.0,2408.2,74.88,True,"SYNTHETIC - generated, not a business source: utilisation curve grown in proportion to observed request volume"
2026-01-17,canadacentral,AMD-highmem,3216.0,2349.8,73.07,True,"SYNTHETIC - generated, not a business source: utilisation curve grown in proportion to observed request volume"
2026-01-18,canadacentral,AMD-highmem,3216.0,2313.2,71.93,True,"SYNTHETIC - generated, not a business source: utilisation curve grown in proportion to observed request volume"
2026-01-19,canadacentral,AMD-highmem,3216.0,2445.3,76.04,True,"SYNTHETIC - generated, not a business source: utilisation curve grown in proportion to observed request volume"
2026-01-20,canadacentral,AMD-highmem,3216.0,2413.2,75.04,True,"SYNTHETIC - generated, not a business source: utilisation curve grown in proportion to observed request volume"
2026-01-21,canadacentral,AMD-highmem,3216.0,2346.1,72.95,True,"SYNTHETIC - generated, not a business source: utilisation curve grown in proportion to observed request volume"
2026-01-22,canadacentral,AMD-highmem,3216.0,2380.8,74.03,True,"SYNTHETIC - generated, not a business source: utilisation curve grown in proportion to observed request volume"
2026-01-23,canadacentral,AMD-highmem,3216.0,2409.7,74.93,True,"SYNTHETIC - generated, not a business source: utilisation curve grown in proportion to observed request volume"
2026-01-24,canadacentral,AMD-highmem,3216.0,2346.6,72.96,True,"SYNTHETIC - generated, not a business source: utilisation curve grown in proportion to observed request volume"
2026-01-25,canadacentral,AMD-highmem,3216.0,2331.3,72.49,True,"SYNTHETIC - generated, not a business source: utilisation curve grown in proportion to observed request volume"
2026-01-26,canadacentral,AMD-highmem,3216.0,2405.1,74.79,True,"SYNTHETIC - generated, not a business source: utilisation curve grown in proportion to observed request volume"
2026-01-27,canadacentral,AMD-highmem,3216.0,2499.3,77.71,True,"SYNTHETIC - generated, not a business source: utilisation curve grown in proportion to observed request volume"
2026-01-28,canadacentral,AMD-highmem,3216.0,2383.6,74.12,True,"SYNTHETIC - generated, not a business source: utilisation curve grown in proportion to observed request volume"
2025-09-01,canadaeast,AMD-highmem,3700.0,2101.0,56.78,True,"SYNTHETIC - generated, not a business source: utilisation curve grown in proportion to observed request volume"
2025-09-02,canadaeast,AMD-highmem,3700.0,1977.6,53.45,True,"SYNTHETIC - generated, not a business source: utilisation curve grown in proportion to observed request volume"
2025-09-03,canadaeast,AMD-highmem,3700.0,2144.5,57.96,True,"SYNTHETIC - generated, not a business source: utilisation curve grown in proportion to observed request volume"
2025-09-04,canadaeast,AMD-highmem,3700.0,2111.6,57.07,True,"SYNTHETIC - generated, not a business source: utilisation curve grown in proportion to observed request volume"
2025-09-05,canadaeast,AMD-highmem,3700.0,2102.7,56.83,True,"SYNTHETIC - generated, not a business source: utilisation curve grown in proportion to observed request volume"
2025-09-06,canadaeast,AMD-highmem,3700.0,1907.0,51.54,True,"SYNTHETIC - generated, not a business source: utilisation curve grown in proportion to observed request volume"
2025-09-07,canadaeast,AMD-highmem,3700.0,2001.7,54.1,True,"SYNTHETIC - generated, not a business source: utilisation curve grown in proportion to observed request volume"
2025-09-08,canadaeast,AMD-highmem,3700.0,2125.7,57.45,True,"SYNTHETIC - generated, not a business source: utilisation curve grown in proportion to observed request volume"
2025-09-09,canadaeast,AMD-highmem,3700.0,2097.2,56.68,True,"SYNTHETIC - generated, not a business source: utilisation curve grown in proportion to observed request volume"
2025-09-10,canadaeast,AMD-highmem,3700.0,2111.5,57.07,True,"SYNTHETIC - generated, not a business source: utilisation curve grown in proportion to observed request volume"
2025-09-11,canadaeast,AMD-highmem,3700.0,2094.8,56.62,True,"SYNTHETIC - generated, not a business source: utilisation curve grown in proportion to observed request volume"
2025-09-12,canadaeast,AMD-highmem,3700.0,2228.3,60.22,True,"SYNTHETIC - generated, not a business source: utilisation curve grown in proportion to observed request volume"
2025-09-13,canadaeast,AMD-highmem,3700.0,2034.5,54.99,True,"SYNTHETIC - generated, not a business source: utilisation curve grown in proportion to observed request volume"
2025-09-14,canadaeast,AMD-highmem,3700.0,2024.3,54.71,True,"SYNTHETIC - generated, not a business source: utilisation curve grown in proportion to observed request volume"
2025-09-15,canadaeast,AMD-highmem,3700.0,2082.0,56.27,True,"SYNTHETIC - generated, not a business source: utilisation curve grown in proportion to observed request volume"
2025-09-16,canadaeast,AMD-highmem,3700.0,2170.1,58.65,True,"SYNTHETIC - generated, not a business source: utilisation curve grown in proportion to observed request volume"
2025-09-17,canadaeast,AMD-highmem,3700.0,2230.2,60.27,True,"SYNTHETIC - generated, not a business source: utilisation curve grown in proportion to observed request volume"
2025-09-18,canadaeast,AMD-highmem,3700.0,2079.0,56.19,True,"SYNTHETIC - generated, not a business source: utilisation curve grown in proportion to observed request volume"
2025-09-19,canadaeast,AMD-highmem,3700.0,2172.9,58.73,True,"SYNTHETIC - generated, not a business source: utilisation curve grown in proportion to observed request volume"
2025-09-20,canadaeast,AMD-highmem,3700.0,2113.1,57.11,True,"SYNTHETIC - generated, not a business source: utilisation curve grown in proportion to observed request volume"
2025-09-21,canadaeast,AMD-highmem,3700.0,2113.7,57.13,True,"SYNTHETIC - generated, not a business source: utilisation curve grown in proportion to observed request volume"
2025-09-22,canadaeast,AMD-highmem,3700.0,2269.3,61.33,True,"SYNTHETIC - generated, not a business source: utilisation curve grown in proportion to observed request volume"
2025-09-23,canadaeast,AMD-highmem,3700.0,2186.8,59.1,True,"SYNTHETIC - generated, not a business source: utilisation curve grown in proportion to observed request volume"
2025-09-24,canadaeast,AMD-highmem,3700.0,2154.6,58.23,True,"SYNTHETIC - generated, not a business source: utilisation curve grown in proportion to observed request volume"
2025-09-25,canadaeast,AMD-highmem,3700.0,2206.3,59.63,True,"SYNTHETIC - generated, not a business source: utilisation curve grown in proportion to observed request volume"
2025-09-26,canadaeast,AMD-highmem,3700.0,2292.6,61.96,True,"SYNTHETIC - generated, not a business source: utilisation curve grown in proportion to observed request volume"
2025-09-27,canadaeast,AMD-highmem,3700.0,2178.1,58.87,True,"SYNTHETIC - generated, not a business source: utilisation curve grown in proportion to observed request volume"
2025-09-28,canadaeast,AMD-highmem,3700.0,2147.4,58.04,True,"SYNTHETIC - generated, not a business source: utilisation curve grown in proportion to observed request volume"
2025-09-29,canadaeast,AMD-highmem,3700.0,2230.9,60.29,True,"SYNTHETIC - generated, not a business source: utilisation curve grown in proportion to observed request volume"
2025-09-30,canadaeast,AMD-highmem,3700.0,2170.9,58.67,True,"SYNTHETIC - generated, not a business source: utilisation curve grown in proportion to observed request volume"
2025-10-01,canadaeast,AMD-highmem,3700.0,2144.6,57.96,True,"SYNTHETIC - generated, not a business source: utilisation curve grown in proportion to observed request volume"
2025-10-02,canadaeast,AMD-highmem,3700.0,2212.3,59.79,True,"SYNTHETIC - generated, not a business source: utilisation curve grown in proportion to observed request volume"
2025-10-03,canadaeast,AMD-highmem,3700.0,2253.4,60.9,True,"SYNTHETIC - generated, not a business source: utilisation curve grown in proportion to observed request volume"
2025-10-04,canadaeast,AMD-highmem,3700.0,2199.6,59.45,True,"SYNTHETIC - generated, not a business source: utilisation curve grown in proportion to observed request volume"
2025-10-05,canadaeast,AMD-highmem,3700.0,2173.5,58.74,True,"SYNTHETIC - generated, not a business source: utilisation curve grown in proportion to observed request volume"
2025-10-06,canadaeast,AMD-highmem,3700.0,2229.8,60.27,True,"SYNTHETIC - generated, not a business source: utilisation curve grown in proportion to observed request volume"
2025-10-07,canadaeast,AMD-highmem,3700.0,2342.5,63.31,True,"SYNTHETIC - generated, not a business source: utilisation curve grown in proportion to observed request volume"
2025-10-08,canadaeast,AMD-highmem,3700.0,2252.0,60.86,True,"SYNTHETIC - generated, not a business source: utilisation curve grown in proportion to observed request volume"
2025-10-09,canadaeast,AMD-highmem,3700.0,2239.0,60.51,True,"SYNTHETIC - generated, not a business source: utilisation curve grown in proportion to observed request volume"
2025-10-10,canadaeast,AMD-highmem,3700.0,2306.1,62.33,True,"SYNTHETIC - generated, not a business source: utilisation curve grown in proportion to observed request volume"
2025-10-11,canadaeast,AMD-highmem,3700.0,2152.0,58.16,True,"SYNTHETIC - generated, not a business source: utilisation curve grown in proportion to observed request volume"
2025-10-12,canadaeast,AMD-highmem,3700.0,2204.9,59.59,True,"SYNTHETIC - generated, not a business source: utilisation curve grown in proportion to observed request volume"
2025-10-13,canadaeast,AMD-highmem,3700.0,2285.5,61.77,True,"SYNTHETIC - generated, not a business source: utilisation curve grown in proportion to observed request volume"
2025-10-14,canadaeast,AMD-highmem,3700.0,2264.7,61.21,True,"SYNTHETIC - generated, not a business source: utilisation curve grown in proportion to observed request volume"
2025-10-15,canadaeast,AMD-highmem,3700.0,2311.0,62.46,True,"SYNTHETIC - generated, not a business source: utilisation curve grown in proportion to observed request volume"
2025-10-16,canadaeast,AMD-highmem,3700.0,2352.5,63.58,True,"SYNTHETIC - generated, not a business source: utilisation curve grown in proportion to observed request volume"
2025-10-17,canadaeast,AMD-highmem,3700.0,2346.4,63.42,True,"SYNTHETIC - generated, not a business source: utilisation curve grown in proportion to observed request volume"
2025-10-18,canadaeast,AMD-highmem,3700.0,2280.6,61.64,True,"SYNTHETIC - generated, not a business source: utilisation curve grown in proportion to observed request volume"
2025-10-19,canadaeast,AMD-highmem,3700.0,2288.4,61.85,True,"SYNTHETIC - generated, not a business source: utilisation curve grown in proportion to observed request volume"
2025-10-20,canadaeast,AMD-highmem,3700.0,2376.0,64.22,True,"SYNTHETIC - generated, not a business source: utilisation curve grown in proportion to observed request volume"
2025-10-21,canadaeast,AMD-highmem,3700.0,2342.7,63.32,True,"SYNTHETIC - generated, not a business source: utilisation curve grown in proportion to observed request volume"
2025-10-22,canadaeast,AMD-highmem,3700.0,2438.4,65.9,True,"SYNTHETIC - generated, not a business source: utilisation curve grown in proportion to observed request volume"
2025-10-23,canadaeast,AMD-highmem,3700.0,2428.2,65.63,True,"SYNTHETIC - generated, not a business source: utilisation curve grown in proportion to observed request volume"
2025-10-24,canadaeast,AMD-highmem,3700.0,2412.3,65.2,True,"SYNTHETIC - generated, not a business source: utilisation curve grown in proportion to observed request volume"
2025-10-25,canadaeast,AMD-highmem,3700.0,2291.8,61.94,True,"SYNTHETIC - generated, not a business source: utilisation curve grown in proportion to observed request volume"
2025-10-26,canadaeast,AMD-highmem,3700.0,2305.7,62.32,True,"SYNTHETIC - generated, not a business source: utilisation curve grown in proportion to observed request volume"
2025-10-27,canadaeast,AMD-highmem,3700.0,2383.8,64.43,True,"SYNTHETIC - generated, not a business source: utilisation curve grown in proportion to observed request volume"
2025-10-28,canadaeast,AMD-highmem,3700.0,2414.5,65.26,True,"SYNTHETIC - generated, not a business source: utilisation curve grown in proportion to observed request volume"
2025-10-29,canadaeast,AMD-highmem,3700.0,2428.8,65.64,True,"SYNTHETIC - generated, not a business source: utilisation curve grown in proportion to observed request volume"
2025-10-30,canadaeast,AMD-highmem,3700.0,2358.4,63.74,True,"SYNTHETIC - generated, not a business source: utilisation curve grown in proportion to observed request volume"
2025-10-31,canadaeast,AMD-highmem,3700.0,2471.3,66.79,True,"SYNTHETIC - generated, not a business source: utilisation curve grown in proportion to observed request volume"
2025-11-01,canadaeast,AMD-highmem,3700.0,2347.5,63.45,True,"SYNTHETIC - generated, not a business source: utilisation curve grown in proportion to observed request volume"
2025-11-02,canadaeast,AMD-highmem,3700.0,2390.3,64.6,True,"SYNTHETIC - generated, not a business source: utilisation curve grown in proportion to observed request volume"
2025-11-03,canadaeast,AMD-highmem,3700.0,2558.5,69.15,True,"SYNTHETIC - generated, not a business source: utilisation curve grown in proportion to observed request volume"
2025-11-04,canadaeast,AMD-highmem,3700.0,2480.1,67.03,True,"SYNTHETIC - generated, not a business source: utilisation curve grown in proportion to observed request volume"
2025-11-05,canadaeast,AMD-highmem,3700.0,2461.1,66.52,True,"SYNTHETIC - generated, not a business source: utilisation curve grown in proportion to observed request volume"
2025-11-06,canadaeast,AMD-highmem,3700.0,2422.5,65.47,True,"SYNTHETIC - generated, not a business source: utilisation curve grown in proportion to observed request volume"
2025-11-07,canadaeast,AMD-highmem,3700.0,2520.4,68.12,True,"SYNTHETIC - generated, not a business source: utilisation curve grown in proportion to observed request volume"
2025-11-08,canadaeast,AMD-highmem,3700.0,2346.8,63.43,True,"SYNTHETIC - generated, not a business source: utilisation curve grown in proportion to observed request volume"
2025-11-09,canadaeast,AMD-highmem,3700.0,2400.3,64.87,True,"SYNTHETIC - generated, not a business source: utilisation curve grown in proportion to observed request volume"
2025-11-10,canadaeast,AMD-highmem,3700.0,2488.0,67.24,True,"SYNTHETIC - generated, not a business source: utilisation curve grown in proportion to observed request volume"
2025-11-11,canadaeast,AMD-highmem,3700.0,2496.9,67.48,True,"SYNTHETIC - generated, not a business source: utilisation curve grown in proportion to observed request volume"
2025-11-12,canadaeast,AMD-highmem,3700.0,2541.1,68.68,True,"SYNTHETIC - generated, not a business source: utilisation curve grown in proportion to observed request volume"
2025-11-13,canadaeast,AMD-highmem,3700.0,2446.0,66.11,True,"SYNTHETIC - generated, not a business source: utilisation curve grown in proportion to observed request volume"
2025-11-14,canadaeast,AMD-highmem,3700.0,2528.7,68.34,True,"SYNTHETIC - generated, not a business source: utilisation curve grown in proportion to observed request volume"
2025-11-15,canadaeast,AMD-highmem,3700.0,2483.9,67.13,True,"SYNTHETIC - generated, not a business source: utilisation curve grown in proportion to observed request volume"
2025-11-16,canadaeast,AMD-highmem,3700.0,2443.3,66.03,True,"SYNTHETIC - generated, not a business source: utilisation curve grown in proportion to observed request volume"
2025-11-17,canadaeast,AMD-highmem,3700.0,2530.4,68.39,True,"SYNTHETIC - generated, not a business source: utilisation curve grown in proportion to observed request volume"
2025-11-18,canadaeast,AMD-highmem,3700.0,2593.1,70.08,True,"SYNTHETIC - generated, not a business source: utilisation curve grown in proportion to observed request volume"
2025-11-19,canadaeast,AMD-highmem,3700.0,2607.3,70.47,True,"SYNTHETIC - generated, not a business source: utilisation curve grown in proportion to observed request volume"
2025-11-20,canadaeast,AMD-highmem,3700.0,2566.7,69.37,True,"SYNTHETIC - generated, not a business source: utilisation curve grown in proportion to observed request volume"
2025-11-21,canadaeast,AMD-highmem,3700.0,2550.9,68.94,True,"SYNTHETIC - generated, not a business source: utilisation curve grown in proportion to observed request volume"
2025-11-22,canadaeast,AMD-highmem,3700.0,2521.8,68.16,True,"SYNTHETIC - generated, not a business source: utilisation curve grown in proportion to observed request volume"
2025-11-23,canadaeast,AMD-highmem,3700.0,2463.5,66.58,True,"SYNTHETIC - generated, not a business source: utilisation curve grown in proportion to observed request volume"
2025-11-24,canadaeast,AMD-highmem,3700.0,2583.3,69.82,True,"SYNTHETIC - generated, not a business source: utilisation curve grown in proportion to observed request volume"
2025-11-25,canadaeast,AMD-highmem,3700.0,2531.6,68.42,True,"SYNTHETIC - generated, not a business source: utilisation curve grown in proportion to observed request volume"
2025-11-26,canadaeast,AMD-highmem,3700.0,2625.4,70.96,True,"SYNTHETIC - generated, not a business source: utilisation curve grown in proportion to observed request volume"
2025-11-27,canadaeast,AMD-highmem,3700.0,2642.4,71.42,True,"SYNTHETIC - generated, not a business source: utilisation curve grown in proportion to observed request volume"
2025-11-28,canadaeast,AMD-highmem,3700.0,2590.4,70.01,True,"SYNTHETIC - generated, not a business source: utilisation curve grown in proportion to observed request volume"
2025-11-29,canadaeast,AMD-highmem,3700.0,2535.6,68.53,True,"SYNTHETIC - generated, not a business source: utilisation curve grown in proportion to observed request volume"
2025-11-30,canadaeast,AMD-highmem,3700.0,2586.2,69.9,True,"SYNTHETIC - generated, not a business source: utilisation curve grown in proportion to observed request volume"
2025-12-01,canadaeast,AMD-highmem,3700.0,2626.9,71.0,True,"SYNTHETIC - generated, not a business source: utilisation curve grown in proportion to observed request volume"
2025-12-02,canadaeast,AMD-highmem,3700.0,2657.6,71.83,True,"SYNTHETIC - generated, not a business source: utilisation curve grown in proportion to observed request volume"
2025-12-03,canadaeast,AMD-highmem,3700.0,2639.0,71.32,True,"SYNTHETIC - generated, not a business source: utilisation curve grown in proportion to observed request volume"
2025-12-04,canadaeast,AMD-highmem,3700.0,2620.6,70.83,True,"SYNTHETIC - generated, not a business source: utilisation curve grown in proportion to observed request volume"
2025-12-05,canadaeast,AMD-highmem,3700.0,2702.6,73.04,True,"SYNTHETIC - generated, not a business source: utilisation curve grown in proportion to observed request volume"
2025-12-06,canadaeast,AMD-highmem,3700.0,2673.3,72.25,True,"SYNTHETIC - generated, not a business source: utilisation curve grown in proportion to observed request volume"
2025-12-07,canadaeast,AMD-highmem,3700.0,2620.7,70.83,True,"SYNTHETIC - generated, not a business source: utilisation curve grown in proportion to observed request volume"
2025-12-08,canadaeast,AMD-highmem,3700.0,2774.6,74.99,True,"SYNTHETIC - generated, not a business source: utilisation curve grown in proportion to observed request volume"
2025-12-09,canadaeast,AMD-highmem,3700.0,2771.9,74.92,True,"SYNTHETIC - generated, not a business source: utilisation curve grown in proportion to observed request volume"
2025-12-10,canadaeast,AMD-highmem,3700.0,2645.5,71.5,True,"SYNTHETIC - generated, not a business source: utilisation curve grown in proportion to observed request volume"
2025-12-11,canadaeast,AMD-highmem,3700.0,2697.5,72.91,True,"SYNTHETIC - generated, not a business source: utilisation curve grown in proportion to observed request volume"
2025-12-12,canadaeast,AMD-highmem,3700.0,2865.1,77.43,True,"SYNTHETIC - generated, not a business source: utilisation curve grown in proportion to observed request volume"
2025-12-13,canadaeast,AMD-highmem,3700.0,2669.0,72.13,True,"SYNTHETIC - generated, not a business source: utilisation curve grown in proportion to observed request volume"
2025-12-14,canadaeast,AMD-highmem,3700.0,2618.3,70.77,True,"SYNTHETIC - generated, not a business source: utilisation curve grown in proportion to observed request volume"
2025-12-15,canadaeast,AMD-highmem,3700.0,2789.6,75.39,True,"SYNTHETIC - generated, not a business source: utilisation curve grown in proportion to observed request volume"
2025-12-16,canadaeast,AMD-highmem,3700.0,2681.8,72.48,True,"SYNTHETIC - generated, not a business source: utilisation curve grown in proportion to observed request volume"
2025-12-17,canadaeast,AMD-highmem,3700.0,2714.8,73.37,True,"SYNTHETIC - generated, not a business source: utilisation curve grown in proportion to observed request volume"
2025-12-18,canadaeast,AMD-highmem,3700.0,2786.9,75.32,True,"SYNTHETIC - generated, not a business source: utilisation curve grown in proportion to observed request volume"
2025-12-19,canadaeast,AMD-highmem,3700.0,2780.7,75.15,True,"SYNTHETIC - generated, not a business source: utilisation curve grown in proportion to observed request volume"
2025-12-20,canadaeast,AMD-highmem,3700.0,2699.9,72.97,True,"SYNTHETIC - generated, not a business source: utilisation curve grown in proportion to observed request volume"
2025-12-21,canadaeast,AMD-highmem,3700.0,2619.4,70.79,True,"SYNTHETIC - generated, not a business source: utilisation curve grown in proportion to observed request volume"
2025-12-22,canadaeast,AMD-highmem,3700.0,2792.2,75.46,True,"SYNTHETIC - generated, not a business source: utilisation curve grown in proportion to observed request volume"
2025-12-23,canadaeast,AMD-highmem,3700.0,2710.1,73.25,True,"SYNTHETIC - generated, not a business source: utilisation curve grown in proportion to observed request volume"
2025-12-24,canadaeast,AMD-highmem,3700.0,2786.6,75.31,True,"SYNTHETIC - generated, not a business source: utilisation curve grown in proportion to observed request volume"
2025-12-25,canadaeast,AMD-highmem,3700.0,2831.4,76.52,True,"SYNTHETIC - generated, not a business source: utilisation curve grown in proportion to observed request volume"
2025-12-26,canadaeast,AMD-highmem,3700.0,2805.3,75.82,True,"SYNTHETIC - generated, not a business source: utilisation curve grown in proportion to observed request volume"
2025-12-27,canadaeast,AMD-highmem,3700.0,2644.1,71.46,True,"SYNTHETIC - generated, not a business source: utilisation curve grown in proportion to observed request volume"
2025-12-28,canadaeast,AMD-highmem,3700.0,2714.8,73.37,True,"SYNTHETIC - generated, not a business source: utilisation curve grown in proportion to observed request volume"
2025-12-29,canadaeast,AMD-highmem,3700.0,2820.6,76.23,True,"SYNTHETIC - generated, not a business source: utilisation curve grown in proportion to observed request volume"
2025-12-30,canadaeast,AMD-highmem,3700.0,2899.8,78.37,True,"SYNTHETIC - generated, not a business source: utilisation curve grown in proportion to observed request volume"
2025-12-31,canadaeast,AMD-highmem,3700.0,2764.6,74.72,True,"SYNTHETIC - generated, not a business source: utilisation curve grown in proportion to observed request volume"
2026-01-01,canadaeast,AMD-highmem,3700.0,2808.5,75.91,True,"SYNTHETIC - generated, not a business source: utilisation curve grown in proportion to observed request volume"
2026-01-02,canadaeast,AMD-highmem,3700.0,2858.0,77.24,True,"SYNTHETIC - generated, not a business source: utilisation curve grown in proportion to observed request volume"
2026-01-03,canadaeast,AMD-highmem,3700.0,2750.7,74.34,True,"SYNTHETIC - generated, not a business source: utilisation curve grown in proportion to observed request volume"
2026-01-04,canadaeast,AMD-highmem,3700.0,2750.2,74.33,True,"SYNTHETIC - generated, not a business source: utilisation curve grown in proportion to observed request volume"
2026-01-05,canadaeast,AMD-highmem,3700.0,2858.0,77.24,True,"SYNTHETIC - generated, not a business source: utilisation curve grown in proportion to observed request volume"
2026-01-06,canadaeast,AMD-highmem,3700.0,2884.3,77.95,True,"SYNTHETIC - generated, not a business source: utilisation curve grown in proportion to observed request volume"
2026-01-07,canadaeast,AMD-highmem,3700.0,2869.5,77.55,True,"SYNTHETIC - generated, not a business source: utilisation curve grown in proportion to observed request volume"
2026-01-08,canadaeast,AMD-highmem,3700.0,2819.8,76.21,True,"SYNTHETIC - generated, not a business source: utilisation curve grown in proportion to observed request volume"
2026-01-09,canadaeast,AMD-highmem,3700.0,2932.8,79.26,True,"SYNTHETIC - generated, not a business source: utilisation curve grown in proportion to observed request volume"
2026-01-10,canadaeast,AMD-highmem,3700.0,2785.7,75.29,True,"SYNTHETIC - generated, not a business source: utilisation curve grown in proportion to observed request volume"
2026-01-11,canadaeast,AMD-highmem,3700.0,2750.8,74.34,True,"SYNTHETIC - generated, not a business source: utilisation curve grown in proportion to observed request volume"
2026-01-12,canadaeast,AMD-highmem,3700.0,2901.3,78.41,True,"SYNTHETIC - generated, not a business source: utilisation curve grown in proportion to observed request volume"
2026-01-13,canadaeast,AMD-highmem,3700.0,3001.9,81.13,True,"SYNTHETIC - generated, not a business source: utilisation curve grown in proportion to observed request volume"
2026-01-14,canadaeast,AMD-highmem,3700.0,2937.6,79.4,True,"SYNTHETIC - generated, not a business source: utilisation curve grown in proportion to observed request volume"
2026-01-15,canadaeast,AMD-highmem,3700.0,2961.5,80.04,True,"SYNTHETIC - generated, not a business source: utilisation curve grown in proportion to observed request volume"
2026-01-16,canadaeast,AMD-highmem,3700.0,2878.7,77.8,True,"SYNTHETIC - generated, not a business source: utilisation curve grown in proportion to observed request volume"
2026-01-17,canadaeast,AMD-highmem,3700.0,2887.3,78.04,True,"SYNTHETIC - generated, not a business source: utilisation curve grown in proportion to observed request volume"
2026-01-18,canadaeast,AMD-highmem,3700.0,2829.4,76.47,True,"SYNTHETIC - generated, not a business source: utilisation curve grown in proportion to observed request volume"
2026-01-19,canadaeast,AMD-highmem,3700.0,2798.3,75.63,True,"SYNTHETIC - generated, not a business source: utilisation curve grown in proportion to observed request volume"
2026-01-20,canadaeast,AMD-highmem,3700.0,2951.5,79.77,True,"SYNTHETIC - generated, not a business source: utilisation curve grown in proportion to observed request volume"
2026-01-21,canadaeast,AMD-highmem,3700.0,2989.4,80.79,True,"SYNTHETIC - generated, not a business source: utilisation curve grown in proportion to observed request volume"
2026-01-22,canadaeast,AMD-highmem,3700.0,3048.4,82.39,True,"SYNTHETIC - generated, not a business source: utilisation curve grown in proportion to observed request volume"
2026-01-23,canadaeast,AMD-highmem,3700.0,2962.7,80.07,True,"SYNTHETIC - generated, not a business source: utilisation curve grown in proportion to observed request volume"
2026-01-24,canadaeast,AMD-highmem,3700.0,2927.5,79.12,True,"SYNTHETIC - generated, not a business source: utilisation curve grown in proportion to observed request volume"
2026-01-25,canadaeast,AMD-highmem,3700.0,2993.9,80.92,True,"SYNTHETIC - generated, not a business source: utilisation curve grown in proportion to observed request volume"
2026-01-26,canadaeast,AMD-highmem,3700.0,3066.0,82.87,True,"SYNTHETIC - generated, not a business source: utilisation curve grown in proportion to observed request volume"
2026-01-27,canadaeast,AMD-highmem,3700.0,2961.0,80.03,True,"SYNTHETIC - generated, not a business source: utilisation curve grown in proportion to observed request volume"
2026-01-28,canadaeast,AMD-highmem,3700.0,3075.0,83.11,True,"SYNTHETIC - generated, not a business source: utilisation curve grown in proportion to observed request volume"
2025-09-01,eastus2,AMD-highmem,2376.0,1126.0,47.39,True,"SYNTHETIC - generated, not a business source: utilisation curve grown in proportion to observed request volume"
2025-09-02,eastus2,AMD-highmem,2376.0,1207.3,50.81,True,"SYNTHETIC - generated, not a business source: utilisation curve grown in proportion to observed request volume"
2025-09-03,eastus2,AMD-highmem,2376.0,1210.3,50.94,True,"SYNTHETIC - generated, not a business source: utilisation curve grown in proportion to observed request volume"
2025-09-04,eastus2,AMD-highmem,2376.0,1199.8,50.5,True,"SYNTHETIC - generated, not a business source: utilisation curve grown in proportion to observed request volume"
2025-09-05,eastus2,AMD-highmem,2376.0,1169.6,49.23,True,"SYNTHETIC - generated, not a business source: utilisation curve grown in proportion to observed request volume"
2025-09-06,eastus2,AMD-highmem,2376.0,1110.9,46.76,True,"SYNTHETIC - generated, not a business source: utilisation curve grown in proportion to observed request volume"
2025-09-07,eastus2,AMD-highmem,2376.0,1112.6,46.83,True,"SYNTHETIC - generated, not a business source: utilisation curve grown in proportion to observed request volume"
2025-09-08,eastus2,AMD-highmem,2376.0,1170.0,49.24,True,"SYNTHETIC - generated, not a business source: utilisation curve grown in proportion to observed request volume"
2025-09-09,eastus2,AMD-highmem,2376.0,1212.5,51.03,True,"SYNTHETIC - generated, not a business source: utilisation curve grown in proportion to observed request volume"
2025-09-10,eastus2,AMD-highmem,2376.0,1166.2,49.08,True,"SYNTHETIC - generated, not a business source: utilisation curve grown in proportion to observed request volume"
2025-09-11,eastus2,AMD-highmem,2376.0,1190.7,50.11,True,"SYNTHETIC - generated, not a business source: utilisation curve grown in proportion to observed request volume"
2025-09-12,eastus2,AMD-highmem,2376.0,1197.4,50.39,True,"SYNTHETIC - generated, not a business source: utilisation curve grown in proportion to observed request volume"
2025-09-13,eastus2,AMD-highmem,2376.0,1154.7,48.6,True,"SYNTHETIC - generated, not a business source: utilisation curve grown in proportion to observed request volume"
2025-09-14,eastus2,AMD-highmem,2376.0,1150.6,48.43,True,"SYNTHETIC - generated, not a business source: utilisation curve grown in proportion to observed request volume"
2025-09-15,eastus2,AMD-highmem,2376.0,1218.5,51.28,True,"SYNTHETIC - generated, not a business source: utilisation curve grown in proportion to observed request volume"
2025-09-16,eastus2,AMD-highmem,2376.0,1225.7,51.59,True,"SYNTHETIC - generated, not a business source: utilisation curve grown in proportion to observed request volume"
2025-09-17,eastus2,AMD-highmem,2376.0,1218.1,51.27,True,"SYNTHETIC - generated, not a business source: utilisation curve grown in proportion to observed request volume"
2025-09-18,eastus2,AMD-highmem,2376.0,1193.6,50.24,True,"SYNTHETIC - generated, not a business source: utilisation curve grown in proportion to observed request volume"
2025-09-19,eastus2,AMD-highmem,2376.0,1244.2,52.37,True,"SYNTHETIC - generated, not a business source: utilisation curve grown in proportion to observed request volume"
2025-09-20,eastus2,AMD-highmem,2376.0,1198.6,50.44,True,"SYNTHETIC - generated, not a business source: utilisation curve grown in proportion to observed request volume"
2025-09-21,eastus2,AMD-highmem,2376.0,1202.9,50.63,True,"SYNTHETIC - generated, not a business source: utilisation curve grown in proportion to observed request volume"
2025-09-22,eastus2,AMD-highmem,2376.0,1250.4,52.62,True,"SYNTHETIC - generated, not a business source: utilisation curve grown in proportion to observed request volume"
2025-09-23,eastus2,AMD-highmem,2376.0,1220.9,51.39,True,"SYNTHETIC - generated, not a business source: utilisation curve grown in proportion to observed request volume"
2025-09-24,eastus2,AMD-highmem,2376.0,1276.7,53.73,True,"SYNTHETIC - generated, not a business source: utilisation curve grown in proportion to observed request volume"
2025-09-25,eastus2,AMD-highmem,2376.0,1183.4,49.81,True,"SYNTHETIC - generated, not a business source: utilisation curve grown in proportion to observed request volume"
2025-09-26,eastus2,AMD-highmem,2376.0,1246.2,52.45,True,"SYNTHETIC - generated, not a business source: utilisation curve grown in proportion to observed request volume"
2025-09-27,eastus2,AMD-highmem,2376.0,1136.3,47.83,True,"SYNTHETIC - generated, not a business source: utilisation curve grown in proportion to observed request volume"
2025-09-28,eastus2,AMD-highmem,2376.0,1200.3,50.52,True,"SYNTHETIC - generated, not a business source: utilisation curve grown in proportion to observed request volume"
2025-09-29,eastus2,AMD-highmem,2376.0,1213.1,51.06,True,"SYNTHETIC - generated, not a business source: utilisation curve grown in proportion to observed request volume"
2025-09-30,eastus2,AMD-highmem,2376.0,1275.7,53.69,True,"SYNTHETIC - generated, not a business source: utilisation curve grown in proportion to observed request volume"
2025-10-01,eastus2,AMD-highmem,2376.0,1280.8,53.91,True,"SYNTHETIC - generated, not a business source: utilisation curve grown in proportion to observed request volume"
2025-10-02,eastus2,AMD-highmem,2376.0,1231.2,51.82,True,"SYNTHETIC - generated, not a business source: utilisation curve grown in proportion to observed request volume"
2025-10-03,eastus2,AMD-highmem,2376.0,1234.4,51.95,True,"SYNTHETIC - generated, not a business source: utilisation curve grown in proportion to observed request volume"
2025-10-04,eastus2,AMD-highmem,2376.0,1189.4,50.06,True,"SYNTHETIC - generated, not a business source: utilisation curve grown in proportion to observed request volume"
2025-10-05,eastus2,AMD-highmem,2376.0,1224.0,51.51,True,"SYNTHETIC - generated, not a business source: utilisation curve grown in proportion to observed request volume"
2025-10-06,eastus2,AMD-highmem,2376.0,1204.5,50.7,True,"SYNTHETIC - generated, not a business source: utilisation curve grown in proportion to observed request volume"
2025-10-07,eastus2,AMD-highmem,2376.0,1272.9,53.57,True,"SYNTHETIC - generated, not a business source: utilisation curve grown in proportion to observed request volume"
2025-10-08,eastus2,AMD-highmem,2376.0,1275.3,53.67,True,"SYNTHETIC - generated, not a business source: utilisation curve grown in proportion to observed request volume"
2025-10-09,eastus2,AMD-highmem,2376.0,1284.4,54.06,True,"SYNTHETIC - generated, not a business source: utilisation curve grown in proportion to observed request volume"
2025-10-10,eastus2,AMD-highmem,2376.0,1272.8,53.57,True,"SYNTHETIC - generated, not a business source: utilisation curve grown in proportion to observed request volume"
2025-10-11,eastus2,AMD-highmem,2376.0,1195.6,50.32,True,"SYNTHETIC - generated, not a business source: utilisation curve grown in proportion to observed request volume"
2025-10-12,eastus2,AMD-highmem,2376.0,1209.5,50.91,True,"SYNTHETIC - generated, not a business source: utilisation curve grown in proportion to observed request volume"
2025-10-13,eastus2,AMD-highmem,2376.0,1284.9,54.08,True,"SYNTHETIC - generated, not a business source: utilisation curve grown in proportion to observed request volume"
2025-10-14,eastus2,AMD-highmem,2376.0,1292.2,54.38,True,"SYNTHETIC - generated, not a business source: utilisation curve grown in proportion to observed request volume"
2025-10-15,eastus2,AMD-highmem,2376.0,1281.8,53.95,True,"SYNTHETIC - generated, not a business source: utilisation curve grown in proportion to observed request volume"
2025-10-16,eastus2,AMD-highmem,2376.0,1284.2,54.05,True,"SYNTHETIC - generated, not a business source: utilisation curve grown in proportion to observed request volume"
2025-10-17,eastus2,AMD-highmem,2376.0,1257.7,52.93,True,"SYNTHETIC - generated, not a business source: utilisation curve grown in proportion to observed request volume"
2025-10-18,eastus2,AMD-highmem,2376.0,1229.8,51.76,True,"SYNTHETIC - generated, not a business source: utilisation curve grown in proportion to observed request volume"
2025-10-19,eastus2,AMD-highmem,2376.0,1238.4,52.12,True,"SYNTHETIC - generated, not a business source: utilisation curve grown in proportion to observed request volume"
2025-10-20,eastus2,AMD-highmem,2376.0,1291.5,54.35,True,"SYNTHETIC - generated, not a business source: utilisation curve grown in proportion to observed request volume"
2025-10-21,eastus2,AMD-highmem,2376.0,1314.3,55.32,True,"SYNTHETIC - generated, not a business source: utilisation curve grown in proportion to observed request volume"
2025-10-22,eastus2,AMD-highmem,2376.0,1280.2,53.88,True,"SYNTHETIC - generated, not a business source: utilisation curve grown in proportion to observed request volume"
2025-10-23,eastus2,AMD-highmem,2376.0,1387.6,58.4,True,"SYNTHETIC - generated, not a business source: utilisation curve grown in proportion to observed request volume"
2025-10-24,eastus2,AMD-highmem,2376.0,1336.1,56.24,True,"SYNTHETIC - generated, not a business source: utilisation curve grown in proportion to observed request volume"
2025-10-25,eastus2,AMD-highmem,2376.0,1224.6,51.54,True,"SYNTHETIC - generated, not a business source: utilisation curve grown in proportion to observed request volume"
2025-10-26,eastus2,AMD-highmem,2376.0,1224.2,51.52,True,"SYNTHETIC - generated, not a business source: utilisation curve grown in proportion to observed request volume"
2025-10-27,eastus2,AMD-highmem,2376.0,1332.7,56.09,True,"SYNTHETIC - generated, not a business source: utilisation curve grown in proportion to observed request volume"
2025-10-28,eastus2,AMD-highmem,2376.0,1402.1,59.01,True,"SYNTHETIC - generated, not a business source: utilisation curve grown in proportion to observed request volume"
2025-10-29,eastus2,AMD-highmem,2376.0,1347.3,56.7,True,"SYNTHETIC - generated, not a business source: utilisation curve grown in proportion to observed request volume"
2025-10-30,eastus2,AMD-highmem,2376.0,1363.7,57.39,True,"SYNTHETIC - generated, not a business source: utilisation curve grown in proportion to observed request volume"
2025-10-31,eastus2,AMD-highmem,2376.0,1345.4,56.62,True,"SYNTHETIC - generated, not a business source: utilisation curve grown in proportion to observed request volume"
2025-11-01,eastus2,AMD-highmem,2376.0,1336.3,56.24,True,"SYNTHETIC - generated, not a business source: utilisation curve grown in proportion to observed request volume"
2025-11-02,eastus2,AMD-highmem,2376.0,1285.6,54.11,True,"SYNTHETIC - generated, not a business source: utilisation curve grown in proportion to observed request volume"
2025-11-03,eastus2,AMD-highmem,2376.0,1326.8,55.84,True,"SYNTHETIC - generated, not a business source: utilisation curve grown in proportion to observed request volume"
2025-11-04,eastus2,AMD-highmem,2376.0,1374.3,57.84,True,"SYNTHETIC - generated, not a business source: utilisation curve grown in proportion to observed request volume"
2025-11-05,eastus2,AMD-highmem,2376.0,1306.1,54.97,True,"SYNTHETIC - generated, not a business source: utilisation curve grown in proportion to observed request volume"
2025-11-06,eastus2,AMD-highmem,2376.0,1316.4,55.41,True,"SYNTHETIC - generated, not a business source: utilisation curve grown in proportion to observed request volume"
2025-11-07,eastus2,AMD-highmem,2376.0,1387.0,58.38,True,"SYNTHETIC - generated, not a business source: utilisation curve grown in proportion to observed request volume"
2025-11-08,eastus2,AMD-highmem,2376.0,1285.6,54.11,True,"SYNTHETIC - generated, not a business source: utilisation curve grown in proportion to observed request volume"
2025-11-09,eastus2,AMD-highmem,2376.0,1365.5,57.47,True,"SYNTHETIC - generated, not a business source: utilisation curve grown in proportion to observed request volume"
2025-11-10,eastus2,AMD-highmem,2376.0,1314.3,55.32,True,"SYNTHETIC - generated, not a business source: utilisation curve grown in proportion to observed request volume"
2025-11-11,eastus2,AMD-highmem,2376.0,1373.3,57.8,True,"SYNTHETIC - generated, not a business source: utilisation curve grown in proportion to observed request volume"
2025-11-12,eastus2,AMD-highmem,2376.0,1418.2,59.69,True,"SYNTHETIC - generated, not a business source: utilisation curve grown in proportion to observed request volume"
2025-11-13,eastus2,AMD-highmem,2376.0,1410.7,59.37,True,"SYNTHETIC - generated, not a business source: utilisation curve grown in proportion to observed request volume"
2025-11-14,eastus2,AMD-highmem,2376.0,1364.4,57.42,True,"SYNTHETIC - generated, not a business source: utilisation curve grown in proportion to observed request volume"
2025-11-15,eastus2,AMD-highmem,2376.0,1298.5,54.65,True,"SYNTHETIC - generated, not a business source: utilisation curve grown in proportion to observed request volume"
2025-11-16,eastus2,AMD-highmem,2376.0,1307.5,55.03,True,"SYNTHETIC - generated, not a business source: utilisation curve grown in proportion to observed request volume"
2025-11-17,eastus2,AMD-highmem,2376.0,1382.4,58.18,True,"SYNTHETIC - generated, not a business source: utilisation curve grown in proportion to observed request volume"
2025-11-18,eastus2,AMD-highmem,2376.0,1422.1,59.85,True,"SYNTHETIC - generated, not a business source: utilisation curve grown in proportion to observed request volume"
2025-11-19,eastus2,AMD-highmem,2376.0,1401.8,59.0,True,"SYNTHETIC - generated, not a business source: utilisation curve grown in proportion to observed request volume"
2025-11-20,eastus2,AMD-highmem,2376.0,1449.9,61.02,True,"SYNTHETIC - generated, not a business source: utilisation curve grown in proportion to observed request volume"
2025-11-21,eastus2,AMD-highmem,2376.0,1377.5,57.98,True,"SYNTHETIC - generated, not a business source: utilisation curve grown in proportion to observed request volume"
2025-11-22,eastus2,AMD-highmem,2376.0,1335.4,56.2,True,"SYNTHETIC - generated, not a business source: utilisation curve grown in proportion to observed request volume"
2025-11-23,eastus2,AMD-highmem,2376.0,1410.4,59.36,True,"SYNTHETIC - generated, not a business source: utilisation curve grown in proportion to observed request volume"
2025-11-24,eastus2,AMD-highmem,2376.0,1415.5,59.57,True,"SYNTHETIC - generated, not a business source: utilisation curve grown in proportion to observed request volume"
2025-11-25,eastus2,AMD-highmem,2376.0,1415.4,59.57,True,"SYNTHETIC - generated, not a business source: utilisation curve grown in proportion to observed request volume"
2025-11-26,eastus2,AMD-highmem,2376.0,1427.5,60.08,True,"SYNTHETIC - generated, not a business source: utilisation curve grown in proportion to observed request volume"
2025-11-27,eastus2,AMD-highmem,2376.0,1387.1,58.38,True,"SYNTHETIC - generated, not a business source: utilisation curve grown in proportion to observed request volume"
2025-11-28,eastus2,AMD-highmem,2376.0,1383.5,58.23,True,"SYNTHETIC - generated, not a business source: utilisation curve grown in proportion to observed request volume"
2025-11-29,eastus2,AMD-highmem,2376.0,1375.9,57.91,True,"SYNTHETIC - generated, not a business source: utilisation curve grown in proportion to observed request volume"
2025-11-30,eastus2,AMD-highmem,2376.0,1374.0,57.83,True,"SYNTHETIC - generated, not a business source: utilisation curve grown in proportion to observed request volume"
2025-12-01,eastus2,AMD-highmem,2376.0,1374.4,57.84,True,"SYNTHETIC - generated, not a business source: utilisation curve grown in proportion to observed request volume"
2025-12-02,eastus2,AMD-highmem,2376.0,1446.6,60.89,True,"SYNTHETIC - generated, not a business source: utilisation curve grown in proportion to observed request volume"
2025-12-03,eastus2,AMD-highmem,2376.0,1429.9,60.18,True,"SYNTHETIC - generated, not a business source: utilisation curve grown in proportion to observed request volume"
2025-12-04,eastus2,AMD-highmem,2376.0,1493.3,62.85,True,"SYNTHETIC - generated, not a business source: utilisation curve grown in proportion to observed request volume"
2025-12-05,eastus2,AMD-highmem,2376.0,1447.1,60.9,True,"SYNTHETIC - generated, not a business source: utilisation curve grown in proportion to observed request volume"
2025-12-06,eastus2,AMD-highmem,2376.0,1351.5,56.88,True,"SYNTHETIC - generated, not a business source: utilisation curve grown in proportion to observed request volume"
2025-12-07,eastus2,AMD-highmem,2376.0,1368.6,57.6,True,"SYNTHETIC - generated, not a business source: utilisation curve grown in proportion to observed request volume"
2025-12-08,eastus2,AMD-highmem,2376.0,1501.6,63.2,True,"SYNTHETIC - generated, not a business source: utilisation curve grown in proportion to observed request volume"
2025-12-09,eastus2,AMD-highmem,2376.0,1439.8,60.6,True,"SYNTHETIC - generated, not a business source: utilisation curve grown in proportion to observed request volume"
2025-12-10,eastus2,AMD-highmem,2376.0,1472.2,61.96,True,"SYNTHETIC - generated, not a business source: utilisation curve grown in proportion to observed request volume"
2025-12-11,eastus2,AMD-highmem,2376.0,1488.2,62.63,True,"SYNTHETIC - generated, not a business source: utilisation curve grown in proportion to observed request volume"
2025-12-12,eastus2,AMD-highmem,2376.0,1447.1,60.9,True,"SYNTHETIC - generated, not a business source: utilisation curve grown in proportion to observed request volume"
2025-12-13,eastus2,AMD-highmem,2376.0,1403.2,59.06,True,"SYNTHETIC - generated, not a business source: utilisation curve grown in proportion to observed request volume"
2025-12-14,eastus2,AMD-highmem,2376.0,1456.0,61.28,True,"SYNTHETIC - generated, not a business source: utilisation curve grown in proportion to observed request volume"
2025-12-15,eastus2,AMD-highmem,2376.0,1451.6,61.09,True,"SYNTHETIC - generated, not a business source: utilisation curve grown in proportion to observed request volume"
2025-12-16,eastus2,AMD-highmem,2376.0,1531.3,64.45,True,"SYNTHETIC - generated, not a business source: utilisation curve grown in proportion to observed request volume"
2025-12-17,eastus2,AMD-highmem,2376.0,1445.9,60.85,True,"SYNTHETIC - generated, not a business source: utilisation curve grown in proportion to observed request volume"
2025-12-18,eastus2,AMD-highmem,2376.0,1562.7,65.77,True,"SYNTHETIC - generated, not a business source: utilisation curve grown in proportion to observed request volume"
2025-12-19,eastus2,AMD-highmem,2376.0,1507.0,63.43,True,"SYNTHETIC - generated, not a business source: utilisation curve grown in proportion to observed request volume"
2025-12-20,eastus2,AMD-highmem,2376.0,1411.9,59.43,True,"SYNTHETIC - generated, not a business source: utilisation curve grown in proportion to observed request volume"
2025-12-21,eastus2,AMD-highmem,2376.0,1466.1,61.71,True,"SYNTHETIC - generated, not a business source: utilisation curve grown in proportion to observed request volume"
2025-12-22,eastus2,AMD-highmem,2376.0,1508.5,63.49,True,"SYNTHETIC - generated, not a business source: utilisation curve grown in proportion to observed request volume"
2025-12-23,eastus2,AMD-highmem,2376.0,1491.8,62.79,True,"SYNTHETIC - generated, not a business source: utilisation curve grown in proportion to observed request volume"
2025-12-24,eastus2,AMD-highmem,2376.0,1459.9,61.44,True,"SYNTHETIC - generated, not a business source: utilisation curve grown in proportion to observed request volume"
2025-12-25,eastus2,AMD-highmem,2376.0,1492.3,62.81,True,"SYNTHETIC - generated, not a business source: utilisation curve grown in proportion to observed request volume"
2025-12-26,eastus2,AMD-highmem,2376.0,1556.3,65.5,True,"SYNTHETIC - generated, not a business source: utilisation curve grown in proportion to observed request volume"
2025-12-27,eastus2,AMD-highmem,2376.0,1485.0,62.5,True,"SYNTHETIC - generated, not a business source: utilisation curve grown in proportion to observed request volume"
2025-12-28,eastus2,AMD-highmem,2376.0,1438.5,60.54,True,"SYNTHETIC - generated, not a business source: utilisation curve grown in proportion to observed request volume"
2025-12-29,eastus2,AMD-highmem,2376.0,1494.4,62.89,True,"SYNTHETIC - generated, not a business source: utilisation curve grown in proportion to observed request volume"
2025-12-30,eastus2,AMD-highmem,2376.0,1561.5,65.72,True,"SYNTHETIC - generated, not a business source: utilisation curve grown in proportion to observed request volume"
2025-12-31,eastus2,AMD-highmem,2376.0,1501.4,63.19,True,"SYNTHETIC - generated, not a business source: utilisation curve grown in proportion to observed request volume"
2026-01-01,eastus2,AMD-highmem,2376.0,1538.6,64.76,True,"SYNTHETIC - generated, not a business source: utilisation curve grown in proportion to observed request volume"
2026-01-02,eastus2,AMD-highmem,2376.0,1589.9,66.91,True,"SYNTHETIC - generated, not a business source: utilisation curve grown in proportion to observed request volume"
2026-01-03,eastus2,AMD-highmem,2376.0,1530.7,64.42,True,"SYNTHETIC - generated, not a business source: utilisation curve grown in proportion to observed request volume"
2026-01-04,eastus2,AMD-highmem,2376.0,1475.4,62.1,True,"SYNTHETIC - generated, not a business source: utilisation curve grown in proportion to observed request volume"
2026-01-05,eastus2,AMD-highmem,2376.0,1522.5,64.08,True,"SYNTHETIC - generated, not a business source: utilisation curve grown in proportion to observed request volume"
2026-01-06,eastus2,AMD-highmem,2376.0,1540.0,64.82,True,"SYNTHETIC - generated, not a business source: utilisation curve grown in proportion to observed request volume"
2026-01-07,eastus2,AMD-highmem,2376.0,1560.7,65.68,True,"SYNTHETIC - generated, not a business source: utilisation curve grown in proportion to observed request volume"
2026-01-08,eastus2,AMD-highmem,2376.0,1530.1,64.4,True,"SYNTHETIC - generated, not a business source: utilisation curve grown in proportion to observed request volume"
2026-01-09,eastus2,AMD-highmem,2376.0,1570.6,66.1,True,"SYNTHETIC - generated, not a business source: utilisation curve grown in proportion to observed request volume"
2026-01-10,eastus2,AMD-highmem,2376.0,1469.1,61.83,True,"SYNTHETIC - generated, not a business source: utilisation curve grown in proportion to observed request volume"
2026-01-11,eastus2,AMD-highmem,2376.0,1550.2,65.25,True,"SYNTHETIC - generated, not a business source: utilisation curve grown in proportion to observed request volume"
2026-01-12,eastus2,AMD-highmem,2376.0,1577.4,66.39,True,"SYNTHETIC - generated, not a business source: utilisation curve grown in proportion to observed request volume"
2026-01-13,eastus2,AMD-highmem,2376.0,1525.3,64.2,True,"SYNTHETIC - generated, not a business source: utilisation curve grown in proportion to observed request volume"
2026-01-14,eastus2,AMD-highmem,2376.0,1563.5,65.81,True,"SYNTHETIC - generated, not a business source: utilisation curve grown in proportion to observed request volume"
2026-01-15,eastus2,AMD-highmem,2376.0,1531.4,64.45,True,"SYNTHETIC - generated, not a business source: utilisation curve grown in proportion to observed request volume"
2026-01-16,eastus2,AMD-highmem,2376.0,1534.6,64.59,True,"SYNTHETIC - generated, not a business source: utilisation curve grown in proportion to observed request volume"
2026-01-17,eastus2,AMD-highmem,2376.0,1463.3,61.59,True,"SYNTHETIC - generated, not a business source: utilisation curve grown in proportion to observed request volume"
2026-01-18,eastus2,AMD-highmem,2376.0,1534.8,64.6,True,"SYNTHETIC - generated, not a business source: utilisation curve grown in proportion to observed request volume"
2026-01-19,eastus2,AMD-highmem,2376.0,1552.6,65.34,True,"SYNTHETIC - generated, not a business source: utilisation curve grown in proportion to observed request volume"
2026-01-20,eastus2,AMD-highmem,2376.0,1578.4,66.43,True,"SYNTHETIC - generated, not a business source: utilisation curve grown in proportion to observed request volume"
2026-01-21,eastus2,AMD-highmem,2376.0,1573.0,66.2,True,"SYNTHETIC - generated, not a business source: utilisation curve grown in proportion to observed request volume"
2026-01-22,eastus2,AMD-highmem,2376.0,1602.1,67.43,True,"SYNTHETIC - generated, not a business source: utilisation curve grown in proportion to observed request volume"
2026-01-23,eastus2,AMD-highmem,2376.0,1609.6,67.74,True,"SYNTHETIC - generated, not a business source: utilisation curve grown in proportion to observed request volume"
2026-01-24,eastus2,AMD-highmem,2376.0,1482.9,62.41,True,"SYNTHETIC - generated, not a business source: utilisation curve grown in proportion to observed request volume"
2026-01-25,eastus2,AMD-highmem,2376.0,1599.5,67.32,True,"SYNTHETIC - generated, not a business source: utilisation curve grown in proportion to observed request volume"
2026-01-26,eastus2,AMD-highmem,2376.0,1559.1,65.62,True,"SYNTHETIC - generated, not a business source: utilisation curve grown in proportion to observed request volume"
2026-01-27,eastus2,AMD-highmem,2376.0,1590.4,66.93,True,"SYNTHETIC - generated, not a business source: utilisation curve grown in proportion to observed request volume"
2026-01-28,eastus2,AMD-highmem,2376.0,1606.0,67.59,True,"SYNTHETIC - generated, not a business source: utilisation curve grown in proportion to observed request volume"
2025-09-01,uksouth,AMD-highmem,2764.0,1482.4,53.63,True,"SYNTHETIC - generated, not a business source: utilisation curve grown in proportion to observed request volume"
2025-09-02,uksouth,AMD-highmem,2764.0,1507.1,54.52,True,"SYNTHETIC - generated, not a business source: utilisation curve grown in proportion to observed request volume"
2025-09-03,uksouth,AMD-highmem,2764.0,1477.6,53.46,True,"SYNTHETIC - generated, not a business source: utilisation curve grown in proportion to observed request volume"
2025-09-04,uksouth,AMD-highmem,2764.0,1534.1,55.5,True,"SYNTHETIC - generated, not a business source: utilisation curve grown in proportion to observed request volume"
2025-09-05,uksouth,AMD-highmem,2764.0,1535.6,55.56,True,"SYNTHETIC - generated, not a business source: utilisation curve grown in proportion to observed request volume"
2025-09-06,uksouth,AMD-highmem,2764.0,1417.3,51.28,True,"SYNTHETIC - generated, not a business source: utilisation curve grown in proportion to observed request volume"
2025-09-07,uksouth,AMD-highmem,2764.0,1447.4,52.37,True,"SYNTHETIC - generated, not a business source: utilisation curve grown in proportion to observed request volume"
2025-09-08,uksouth,AMD-highmem,2764.0,1507.9,54.55,True,"SYNTHETIC - generated, not a business source: utilisation curve grown in proportion to observed request volume"
2025-09-09,uksouth,AMD-highmem,2764.0,1507.0,54.52,True,"SYNTHETIC - generated, not a business source: utilisation curve grown in proportion to observed request volume"
2025-09-10,uksouth,AMD-highmem,2764.0,1555.8,56.29,True,"SYNTHETIC - generated, not a business source: utilisation curve grown in proportion to observed request volume"
2025-09-11,uksouth,AMD-highmem,2764.0,1584.1,57.31,True,"SYNTHETIC - generated, not a business source: utilisation curve grown in proportion to observed request volume"
2025-09-12,uksouth,AMD-highmem,2764.0,1546.7,55.96,True,"SYNTHETIC - generated, not a business source: utilisation curve grown in proportion to observed request volume"
2025-09-13,uksouth,AMD-highmem,2764.0,1408.2,50.95,True,"SYNTHETIC - generated, not a business source: utilisation curve grown in proportion to observed request volume"
2025-09-14,uksouth,AMD-highmem,2764.0,1445.4,52.29,True,"SYNTHETIC - generated, not a business source: utilisation curve grown in proportion to observed request volume"
2025-09-15,uksouth,AMD-highmem,2764.0,1503.1,54.38,True,"SYNTHETIC - generated, not a business source: utilisation curve grown in proportion to observed request volume"
2025-09-16,uksouth,AMD-highmem,2764.0,1491.5,53.96,True,"SYNTHETIC - generated, not a business source: utilisation curve grown in proportion to observed request volume"
2025-09-17,uksouth,AMD-highmem,2764.0,1531.2,55.4,True,"SYNTHETIC - generated, not a business source: utilisation curve grown in proportion to observed request volume"
2025-09-18,uksouth,AMD-highmem,2764.0,1499.9,54.27,True,"SYNTHETIC - generated, not a business source: utilisation curve grown in proportion to observed request volume"
2025-09-19,uksouth,AMD-highmem,2764.0,1578.0,57.09,True,"SYNTHETIC - generated, not a business source: utilisation curve grown in proportion to observed request volume"
2025-09-20,uksouth,AMD-highmem,2764.0,1511.0,54.67,True,"SYNTHETIC - generated, not a business source: utilisation curve grown in proportion to observed request volume"
2025-09-21,uksouth,AMD-highmem,2764.0,1448.5,52.4,True,"SYNTHETIC - generated, not a business source: utilisation curve grown in proportion to observed request volume"
2025-09-22,uksouth,AMD-highmem,2764.0,1572.4,56.89,True,"SYNTHETIC - generated, not a business source: utilisation curve grown in proportion to observed request volume"
2025-09-23,uksouth,AMD-highmem,2764.0,1547.4,55.99,True,"SYNTHETIC - generated, not a business source: utilisation curve grown in proportion to observed request volume"
2025-09-24,uksouth,AMD-highmem,2764.0,1553.6,56.21,True,"SYNTHETIC - generated, not a business source: utilisation curve grown in proportion to observed request volume"
2025-09-25,uksouth,AMD-highmem,2764.0,1557.1,56.33,True,"SYNTHETIC - generated, not a business source: utilisation curve grown in proportion to observed request volume"
2025-09-26,uksouth,AMD-highmem,2764.0,1592.4,57.61,True,"SYNTHETIC - generated, not a business source: utilisation curve grown in proportion to observed request volume"
2025-09-27,uksouth,AMD-highmem,2764.0,1473.2,53.3,True,"SYNTHETIC - generated, not a business source: utilisation curve grown in proportion to observed request volume"
2025-09-28,uksouth,AMD-highmem,2764.0,1439.5,52.08,True,"SYNTHETIC - generated, not a business source: utilisation curve grown in proportion to observed request volume"
2025-09-29,uksouth,AMD-highmem,2764.0,1653.4,59.82,True,"SYNTHETIC - generated, not a business source: utilisation curve grown in proportion to observed request volume"
2025-09-30,uksouth,AMD-highmem,2764.0,1546.3,55.94,True,"SYNTHETIC - generated, not a business source: utilisation curve grown in proportion to observed request volume"
2025-10-01,uksouth,AMD-highmem,2764.0,1590.9,57.56,True,"SYNTHETIC - generated, not a business source: utilisation curve grown in proportion to observed request volume"
2025-10-02,uksouth,AMD-highmem,2764.0,1582.0,57.24,True,"SYNTHETIC - generated, not a business source: utilisation curve grown in proportion to observed request volume"
2025-10-03,uksouth,AMD-highmem,2764.0,1585.4,57.36,True,"SYNTHETIC - generated, not a business source: utilisation curve grown in proportion to observed request volume"
2025-10-04,uksouth,AMD-highmem,2764.0,1528.2,55.29,True,"SYNTHETIC - generated, not a business source: utilisation curve grown in proportion to observed request volume"
2025-10-05,uksouth,AMD-highmem,2764.0,1534.2,55.51,True,"SYNTHETIC - generated, not a business source: utilisation curve grown in proportion to observed request volume"
2025-10-06,uksouth,AMD-highmem,2764.0,1578.2,57.1,True,"SYNTHETIC - generated, not a business source: utilisation curve grown in proportion to observed request volume"
2025-10-07,uksouth,AMD-highmem,2764.0,1599.7,57.88,True,"SYNTHETIC - generated, not a business source: utilisation curve grown in proportion to observed request volume"
2025-10-08,uksouth,AMD-highmem,2764.0,1584.0,57.31,True,"SYNTHETIC - generated, not a business source: utilisation curve grown in proportion to observed request volume"
2025-10-09,uksouth,AMD-highmem,2764.0,1582.1,57.24,True,"SYNTHETIC - generated, not a business source: utilisation curve grown in proportion to observed request volume"
2025-10-10,uksouth,AMD-highmem,2764.0,1593.3,57.65,True,"SYNTHETIC - generated, not a business source: utilisation curve grown in proportion to observed request volume"
2025-10-11,uksouth,AMD-highmem,2764.0,1555.9,56.29,True,"SYNTHETIC - generated, not a business source: utilisation curve grown in proportion to observed request volume"
2025-10-12,uksouth,AMD-highmem,2764.0,1512.0,54.7,True,"SYNTHETIC - generated, not a business source: utilisation curve grown in proportion to observed request volume"
2025-10-13,uksouth,AMD-highmem,2764.0,1594.7,57.7,True,"SYNTHETIC - generated, not a business source: utilisation curve grown in proportion to observed request volume"
2025-10-14,uksouth,AMD-highmem,2764.0,1599.9,57.88,True,"SYNTHETIC - generated, not a business source: utilisation curve grown in proportion to observed request volume"
2025-10-15,uksouth,AMD-highmem,2764.0,1612.4,58.33,True,"SYNTHETIC - generated, not a business source: utilisation curve grown in proportion to observed request volume"
2025-10-16,uksouth,AMD-highmem,2764.0,1603.8,58.03,True,"SYNTHETIC - generated, not a business source: utilisation curve grown in proportion to observed request volume"
2025-10-17,uksouth,AMD-highmem,2764.0,1599.4,57.86,True,"SYNTHETIC - generated, not a business source: utilisation curve grown in proportion to observed request volume"
2025-10-18,uksouth,AMD-highmem,2764.0,1565.0,56.62,True,"SYNTHETIC - generated, not a business source: utilisation curve grown in proportion to observed request volume"
2025-10-19,uksouth,AMD-highmem,2764.0,1633.1,59.08,True,"SYNTHETIC - generated, not a business source: utilisation curve grown in proportion to observed request volume"
2025-10-20,uksouth,AMD-highmem,2764.0,1656.6,59.93,True,"SYNTHETIC - generated, not a business source: utilisation curve grown in proportion to observed request volume"
2025-10-21,uksouth,AMD-highmem,2764.0,1591.2,57.57,True,"SYNTHETIC - generated, not a business source: utilisation curve grown in proportion to observed request volume"
2025-10-22,uksouth,AMD-highmem,2764.0,1655.6,59.9,True,"SYNTHETIC - generated, not a business source: utilisation curve grown in proportion to observed request volume"
2025-10-23,uksouth,AMD-highmem,2764.0,1652.6,59.79,True,"SYNTHETIC - generated, not a business source: utilisation curve grown in proportion to observed request volume"
2025-10-24,uksouth,AMD-highmem,2764.0,1676.7,60.66,True,"SYNTHETIC - generated, not a business source: utilisation curve grown in proportion to observed request volume"
2025-10-25,uksouth,AMD-highmem,2764.0,1615.9,58.46,True,"SYNTHETIC - generated, not a business source: utilisation curve grown in proportion to observed request volume"
2025-10-26,uksouth,AMD-highmem,2764.0,1539.2,55.69,True,"SYNTHETIC - generated, not a business source: utilisation curve grown in proportion to observed request volume"
2025-10-27,uksouth,AMD-highmem,2764.0,1682.8,60.88,True,"SYNTHETIC - generated, not a business source: utilisation curve grown in proportion to observed request volume"
2025-10-28,uksouth,AMD-highmem,2764.0,1649.1,59.67,True,"SYNTHETIC - generated, not a business source: utilisation curve grown in proportion to observed request volume"
2025-10-29,uksouth,AMD-highmem,2764.0,1650.2,59.7,True,"SYNTHETIC - generated, not a business source: utilisation curve grown in proportion to observed request volume"
2025-10-30,uksouth,AMD-highmem,2764.0,1676.3,60.65,True,"SYNTHETIC - generated, not a business source: utilisation curve grown in proportion to observed request volume"
2025-10-31,uksouth,AMD-highmem,2764.0,1650.1,59.7,True,"SYNTHETIC - generated, not a business source: utilisation curve grown in proportion to observed request volume"
2025-11-01,uksouth,AMD-highmem,2764.0,1564.0,56.58,True,"SYNTHETIC - generated, not a business source: utilisation curve grown in proportion to observed request volume"
2025-11-02,uksouth,AMD-highmem,2764.0,1637.4,59.24,True,"SYNTHETIC - generated, not a business source: utilisation curve grown in proportion to observed request volume"
2025-11-03,uksouth,AMD-highmem,2764.0,1642.0,59.41,True,"SYNTHETIC - generated, not a business source: utilisation curve grown in proportion to observed request volume"
2025-11-04,uksouth,AMD-highmem,2764.0,1689.1,61.11,True,"SYNTHETIC - generated, not a business source: utilisation curve grown in proportion to observed request volume"
2025-11-05,uksouth,AMD-highmem,2764.0,1635.0,59.15,True,"SYNTHETIC - generated, not a business source: utilisation curve grown in proportion to observed request volume"
2025-11-06,uksouth,AMD-highmem,2764.0,1687.5,61.05,True,"SYNTHETIC - generated, not a business source: utilisation curve grown in proportion to observed request volume"
2025-11-07,uksouth,AMD-highmem,2764.0,1654.2,59.85,True,"SYNTHETIC - generated, not a business source: utilisation curve grown in proportion to observed request volume"
2025-11-08,uksouth,AMD-highmem,2764.0,1586.5,57.4,True,"SYNTHETIC - generated, not a business source: utilisation curve grown in proportion to observed request volume"
2025-11-09,uksouth,AMD-highmem,2764.0,1606.8,58.13,True,"SYNTHETIC - generated, not a business source: utilisation curve grown in proportion to observed request volume"
2025-11-10,uksouth,AMD-highmem,2764.0,1727.5,62.5,True,"SYNTHETIC - generated, not a business source: utilisation curve grown in proportion to observed request volume"
2025-11-11,uksouth,AMD-highmem,2764.0,1695.7,61.35,True,"SYNTHETIC - generated, not a business source: utilisation curve grown in proportion to observed request volume"
2025-11-12,uksouth,AMD-highmem,2764.0,1692.3,61.23,True,"SYNTHETIC - generated, not a business source: utilisation curve grown in proportion to observed request volume"
2025-11-13,uksouth,AMD-highmem,2764.0,1645.3,59.53,True,"SYNTHETIC - generated, not a business source: utilisation curve grown in proportion to observed request volume"
2025-11-14,uksouth,AMD-highmem,2764.0,1718.5,62.18,True,"SYNTHETIC - generated, not a business source: utilisation curve grown in proportion to observed request volume"
2025-11-15,uksouth,AMD-highmem,2764.0,1615.0,58.43,True,"SYNTHETIC - generated, not a business source: utilisation curve grown in proportion to observed request volume"
2025-11-16,uksouth,AMD-highmem,2764.0,1676.7,60.66,True,"SYNTHETIC - generated, not a business source: utilisation curve grown in proportion to observed request volume"
2025-11-17,uksouth,AMD-highmem,2764.0,1760.5,63.7,True,"SYNTHETIC - generated, not a business source: utilisation curve grown in proportion to observed request volume"
2025-11-18,uksouth,AMD-highmem,2764.0,1704.3,61.66,True,"SYNTHETIC - generated, not a business source: utilisation curve grown in proportion to observed request volume"
2025-11-19,uksouth,AMD-highmem,2764.0,1740.5,62.97,True,"SYNTHETIC - generated, not a business source: utilisation curve grown in proportion to observed request volume"
2025-11-20,uksouth,AMD-highmem,2764.0,1660.6,60.08,True,"SYNTHETIC - generated, not a business source: utilisation curve grown in proportion to observed request volume"
2025-11-21,uksouth,AMD-highmem,2764.0,1737.0,62.84,True,"SYNTHETIC - generated, not a business source: utilisation curve grown in proportion to observed request volume"
2025-11-22,uksouth,AMD-highmem,2764.0,1647.8,59.62,True,"SYNTHETIC - generated, not a business source: utilisation curve grown in proportion to observed request volume"
2025-11-23,uksouth,AMD-highmem,2764.0,1680.8,60.81,True,"SYNTHETIC - generated, not a business source: utilisation curve grown in proportion to observed request volume"
2025-11-24,uksouth,AMD-highmem,2764.0,1656.2,59.92,True,"SYNTHETIC - generated, not a business source: utilisation curve grown in proportion to observed request volume"
2025-11-25,uksouth,AMD-highmem,2764.0,1716.5,62.1,True,"SYNTHETIC - generated, not a business source: utilisation curve grown in proportion to observed request volume"
2025-11-26,uksouth,AMD-highmem,2764.0,1749.7,63.3,True,"SYNTHETIC - generated, not a business source: utilisation curve grown in proportion to observed request volume"
2025-11-27,uksouth,AMD-highmem,2764.0,1787.6,64.67,True,"SYNTHETIC - generated, not a business source: utilisation curve grown in proportion to observed request volume"
2025-11-28,uksouth,AMD-highmem,2764.0,1732.6,62.69,True,"SYNTHETIC - generated, not a business source: utilisation curve grown in proportion to observed request volume"
2025-11-29,uksouth,AMD-highmem,2764.0,1694.1,61.29,True,"SYNTHETIC - generated, not a business source: utilisation curve grown in proportion to observed request volume"
2025-11-30,uksouth,AMD-highmem,2764.0,1666.5,60.29,True,"SYNTHETIC - generated, not a business source: utilisation curve grown in proportion to observed request volume"
2025-12-01,uksouth,AMD-highmem,2764.0,1737.4,62.86,True,"SYNTHETIC - generated, not a business source: utilisation curve grown in proportion to observed request volume"
2025-12-02,uksouth,AMD-highmem,2764.0,1698.6,61.45,True,"SYNTHETIC - generated, not a business source: utilisation curve grown in proportion to observed request volume"
2025-12-03,uksouth,AMD-highmem,2764.0,1765.2,63.86,True,"SYNTHETIC - generated, not a business source: utilisation curve grown in proportion to observed request volume"
2025-12-04,uksouth,AMD-highmem,2764.0,1740.5,62.97,True,"SYNTHETIC - generated, not a business source: utilisation curve grown in proportion to observed request volume"
2025-12-05,uksouth,AMD-highmem,2764.0,1796.6,65.0,True,"SYNTHETIC - generated, not a business source: utilisation curve grown in proportion to observed request volume"
2025-12-06,uksouth,AMD-highmem,2764.0,1650.2,59.7,True,"SYNTHETIC - generated, not a business source: utilisation curve grown in proportion to observed request volume"
2025-12-07,uksouth,AMD-highmem,2764.0,1680.5,60.8,True,"SYNTHETIC - generated, not a business source: utilisation curve grown in proportion to observed request volume"
2025-12-08,uksouth,AMD-highmem,2764.0,1735.4,62.79,True,"SYNTHETIC - generated, not a business source: utilisation curve grown in proportion to observed request volume"
2025-12-09,uksouth,AMD-highmem,2764.0,1828.4,66.15,True,"SYNTHETIC - generated, not a business source: utilisation curve grown in proportion to observed request volume"
2025-12-10,uksouth,AMD-highmem,2764.0,1838.8,66.53,True,"SYNTHETIC - generated, not a business source: utilisation curve grown in proportion to observed request volume"
2025-12-11,uksouth,AMD-highmem,2764.0,1779.8,64.39,True,"SYNTHETIC - generated, not a business source: utilisation curve grown in proportion to observed request volume"
2025-12-12,uksouth,AMD-highmem,2764.0,1775.1,64.22,True,"SYNTHETIC - generated, not a business source: utilisation curve grown in proportion to observed request volume"
2025-12-13,uksouth,AMD-highmem,2764.0,1716.4,62.1,True,"SYNTHETIC - generated, not a business source: utilisation curve grown in proportion to observed request volume"
2025-12-14,uksouth,AMD-highmem,2764.0,1726.3,62.46,True,"SYNTHETIC - generated, not a business source: utilisation curve grown in proportion to observed request volume"
2025-12-15,uksouth,AMD-highmem,2764.0,1758.4,63.62,True,"SYNTHETIC - generated, not a business source: utilisation curve grown in proportion to observed request volume"
2025-12-16,uksouth,AMD-highmem,2764.0,1770.7,64.06,True,"SYNTHETIC - generated, not a business source: utilisation curve grown in proportion to observed request volume"
2025-12-17,uksouth,AMD-highmem,2764.0,1791.0,64.8,True,"SYNTHETIC - generated, not a business source: utilisation curve grown in proportion to observed request volume"
2025-12-18,uksouth,AMD-highmem,2764.0,1803.3,65.24,True,"SYNTHETIC - generated, not a business source: utilisation curve grown in proportion to observed request volume"
2025-12-19,uksouth,AMD-highmem,2764.0,1829.1,66.18,True,"SYNTHETIC - generated, not a business source: utilisation curve grown in proportion to observed request volume"
2025-12-20,uksouth,AMD-highmem,2764.0,1749.1,63.28,True,"SYNTHETIC - generated, not a business source: utilisation curve grown in proportion to observed request volume"
2025-12-21,uksouth,AMD-highmem,2764.0,1766.4,63.91,True,"SYNTHETIC - generated, not a business source: utilisation curve grown in proportion to observed request volume"
2025-12-22,uksouth,AMD-highmem,2764.0,1790.5,64.78,True,"SYNTHETIC - generated, not a business source: utilisation curve grown in proportion to observed request volume"
2025-12-23,uksouth,AMD-highmem,2764.0,1823.9,65.99,True,"SYNTHETIC - generated, not a business source: utilisation curve grown in proportion to observed request volume"
2025-12-24,uksouth,AMD-highmem,2764.0,1891.5,68.43,True,"SYNTHETIC - generated, not a business source: utilisation curve grown in proportion to observed request volume"
2025-12-25,uksouth,AMD-highmem,2764.0,1868.7,67.61,True,"SYNTHETIC - generated, not a business source: utilisation curve grown in proportion to observed request volume"
2025-12-26,uksouth,AMD-highmem,2764.0,1826.2,66.07,True,"SYNTHETIC - generated, not a business source: utilisation curve grown in proportion to observed request volume"
2025-12-27,uksouth,AMD-highmem,2764.0,1785.2,64.59,True,"SYNTHETIC - generated, not a business source: utilisation curve grown in proportion to observed request volume"
2025-12-28,uksouth,AMD-highmem,2764.0,1782.8,64.5,True,"SYNTHETIC - generated, not a business source: utilisation curve grown in proportion to observed request volume"
2025-12-29,uksouth,AMD-highmem,2764.0,1807.2,65.38,True,"SYNTHETIC - generated, not a business source: utilisation curve grown in proportion to observed request volume"
2025-12-30,uksouth,AMD-highmem,2764.0,1782.5,64.49,True,"SYNTHETIC - generated, not a business source: utilisation curve grown in proportion to observed request volume"
2025-12-31,uksouth,AMD-highmem,2764.0,1847.2,66.83,True,"SYNTHETIC - generated, not a business source: utilisation curve grown in proportion to observed request volume"
2026-01-01,uksouth,AMD-highmem,2764.0,1847.0,66.82,True,"SYNTHETIC - generated, not a business source: utilisation curve grown in proportion to observed request volume"
2026-01-02,uksouth,AMD-highmem,2764.0,1813.9,65.62,True,"SYNTHETIC - generated, not a business source: utilisation curve grown in proportion to observed request volume"
2026-01-03,uksouth,AMD-highmem,2764.0,1774.2,64.19,True,"SYNTHETIC - generated, not a business source: utilisation curve grown in proportion to observed request volume"
2026-01-04,uksouth,AMD-highmem,2764.0,1811.7,65.55,True,"SYNTHETIC - generated, not a business source: utilisation curve grown in proportion to observed request volume"
2026-01-05,uksouth,AMD-highmem,2764.0,1891.0,68.41,True,"SYNTHETIC - generated, not a business source: utilisation curve grown in proportion to observed request volume"
2026-01-06,uksouth,AMD-highmem,2764.0,1897.5,68.65,True,"SYNTHETIC - generated, not a business source: utilisation curve grown in proportion to observed request volume"
2026-01-07,uksouth,AMD-highmem,2764.0,1856.6,67.17,True,"SYNTHETIC - generated, not a business source: utilisation curve grown in proportion to observed request volume"
2026-01-08,uksouth,AMD-highmem,2764.0,1847.5,66.84,True,"SYNTHETIC - generated, not a business source: utilisation curve grown in proportion to observed request volume"
2026-01-09,uksouth,AMD-highmem,2764.0,1940.5,70.21,True,"SYNTHETIC - generated, not a business source: utilisation curve grown in proportion to observed request volume"
2026-01-10,uksouth,AMD-highmem,2764.0,1756.2,63.54,True,"SYNTHETIC - generated, not a business source: utilisation curve grown in proportion to observed request volume"
2026-01-11,uksouth,AMD-highmem,2764.0,1756.1,63.53,True,"SYNTHETIC - generated, not a business source: utilisation curve grown in proportion to observed request volume"
2026-01-12,uksouth,AMD-highmem,2764.0,1809.4,65.46,True,"SYNTHETIC - generated, not a business source: utilisation curve grown in proportion to observed request volume"
2026-01-13,uksouth,AMD-highmem,2764.0,1896.8,68.62,True,"SYNTHETIC - generated, not a business source: utilisation curve grown in proportion to observed request volume"
2026-01-14,uksouth,AMD-highmem,2764.0,1928.8,69.78,True,"SYNTHETIC - generated, not a business source: utilisation curve grown in proportion to observed request volume"
2026-01-15,uksouth,AMD-highmem,2764.0,1867.5,67.56,True,"SYNTHETIC - generated, not a business source: utilisation curve grown in proportion to observed request volume"
2026-01-16,uksouth,AMD-highmem,2764.0,1906.2,68.96,True,"SYNTHETIC - generated, not a business source: utilisation curve grown in proportion to observed request volume"
2026-01-17,uksouth,AMD-highmem,2764.0,1824.2,66.0,True,"SYNTHETIC - generated, not a business source: utilisation curve grown in proportion to observed request volume"
2026-01-18,uksouth,AMD-highmem,2764.0,1836.9,66.46,True,"SYNTHETIC - generated, not a business source: utilisation curve grown in proportion to observed request volume"
2026-01-19,uksouth,AMD-highmem,2764.0,1878.1,67.95,True,"SYNTHETIC - generated, not a business source: utilisation curve grown in proportion to observed request volume"
2026-01-20,uksouth,AMD-highmem,2764.0,1860.5,67.31,True,"SYNTHETIC - generated, not a business source: utilisation curve grown in proportion to observed request volume"
2026-01-21,uksouth,AMD-highmem,2764.0,1913.1,69.21,True,"SYNTHETIC - generated, not a business source: utilisation curve grown in proportion to observed request volume"
2026-01-22,uksouth,AMD-highmem,2764.0,1844.7,66.74,True,"SYNTHETIC - generated, not a business source: utilisation curve grown in proportion to observed request volume"
2026-01-23,uksouth,AMD-highmem,2764.0,1934.8,70.0,True,"SYNTHETIC - generated, not a business source: utilisation curve grown in proportion to observed request volume"
2026-01-24,uksouth,AMD-highmem,2764.0,1860.3,67.31,True,"SYNTHETIC - generated, not a business source: utilisation curve grown in proportion to observed request volume"
2026-01-25,uksouth,AMD-highmem,2764.0,1857.3,67.19,True,"SYNTHETIC - generated, not a business source: utilisation curve grown in proportion to observed request volume"
2026-01-26,uksouth,AMD-highmem,2764.0,1931.0,69.86,True,"SYNTHETIC - generated, not a business source: utilisation curve grown in proportion to observed request volume"
2026-01-27,uksouth,AMD-highmem,2764.0,1974.1,71.42,True,"SYNTHETIC - generated, not a business source: utilisation curve grown in proportion to observed request volume"
2026-01-28,uksouth,AMD-highmem,2764.0,1892.1,68.46,True,"SYNTHETIC - generated, not a business source: utilisation curve grown in proportion to observed request volume"
2025-09-01,westus2,AMD-standard,2724.0,1639.7,60.19,True,"SYNTHETIC - generated, not a business source: utilisation curve grown in proportion to observed request volume"
2025-09-02,westus2,AMD-standard,2724.0,1637.0,60.09,True,"SYNTHETIC - generated, not a business source: utilisation curve grown in proportion to observed request volume"
2025-09-03,westus2,AMD-standard,2724.0,1665.3,61.14,True,"SYNTHETIC - generated, not a business source: utilisation curve grown in proportion to observed request volume"
2025-09-04,westus2,AMD-standard,2724.0,1669.1,61.27,True,"SYNTHETIC - generated, not a business source: utilisation curve grown in proportion to observed request volume"
2025-09-05,westus2,AMD-standard,2724.0,1666.9,61.19,True,"SYNTHETIC - generated, not a business source: utilisation curve grown in proportion to observed request volume"
2025-09-06,westus2,AMD-standard,2724.0,1609.2,59.07,True,"SYNTHETIC - generated, not a business source: utilisation curve grown in proportion to observed request volume"
2025-09-07,westus2,AMD-standard,2724.0,1556.4,57.14,True,"SYNTHETIC - generated, not a business source: utilisation curve grown in proportion to observed request volume"
2025-09-08,westus2,AMD-standard,2724.0,1651.2,60.62,True,"SYNTHETIC - generated, not a business source: utilisation curve grown in proportion to observed request volume"
2025-09-09,westus2,AMD-standard,2724.0,1689.1,62.01,True,"SYNTHETIC - generated, not a business source: utilisation curve grown in proportion to observed request volume"
2025-09-10,westus2,AMD-standard,2724.0,1679.2,61.65,True,"SYNTHETIC - generated, not a business source: utilisation curve grown in proportion to observed request volume"
2025-09-11,westus2,AMD-standard,2724.0,1687.3,61.94,True,"SYNTHETIC - generated, not a business source: utilisation curve grown in proportion to observed request volume"
2025-09-12,westus2,AMD-standard,2724.0,1670.4,61.32,True,"SYNTHETIC - generated, not a business source: utilisation curve grown in proportion to observed request volume"
2025-09-13,westus2,AMD-standard,2724.0,1652.5,60.66,True,"SYNTHETIC - generated, not a business source: utilisation curve grown in proportion to observed request volume"
2025-09-14,westus2,AMD-standard,2724.0,1649.9,60.57,True,"SYNTHETIC - generated, not a business source: utilisation curve grown in proportion to observed request volume"
2025-09-15,westus2,AMD-standard,2724.0,1725.8,63.36,True,"SYNTHETIC - generated, not a business source: utilisation curve grown in proportion to observed request volume"
2025-09-16,westus2,AMD-standard,2724.0,1713.9,62.92,True,"SYNTHETIC - generated, not a business source: utilisation curve grown in proportion to observed request volume"
2025-09-17,westus2,AMD-standard,2724.0,1768.1,64.91,True,"SYNTHETIC - generated, not a business source: utilisation curve grown in proportion to observed request volume"
2025-09-18,westus2,AMD-standard,2724.0,1763.5,64.74,True,"SYNTHETIC - generated, not a business source: utilisation curve grown in proportion to observed request volume"
2025-09-19,westus2,AMD-standard,2724.0,1675.3,61.5,True,"SYNTHETIC - generated, not a business source: utilisation curve grown in proportion to observed request volume"
2025-09-20,westus2,AMD-standard,2724.0,1648.4,60.51,True,"SYNTHETIC - generated, not a business source: utilisation curve grown in proportion to observed request volume"
2025-09-21,westus2,AMD-standard,2724.0,1648.1,60.5,True,"SYNTHETIC - generated, not a business source: utilisation curve grown in proportion to observed request volume"
2025-09-22,westus2,AMD-standard,2724.0,1725.8,63.36,True,"SYNTHETIC - generated, not a business source: utilisation curve grown in proportion to observed request volume"
2025-09-23,westus2,AMD-standard,2724.0,1691.3,62.09,True,"SYNTHETIC - generated, not a business source: utilisation curve grown in proportion to observed request volume"
2025-09-24,westus2,AMD-standard,2724.0,1724.9,63.32,True,"SYNTHETIC - generated, not a business source: utilisation curve grown in proportion to observed request volume"
2025-09-25,westus2,AMD-standard,2724.0,1742.5,63.97,True,"SYNTHETIC - generated, not a business source: utilisation curve grown in proportion to observed request volume"
2025-09-26,westus2,AMD-standard,2724.0,1760.0,64.61,True,"SYNTHETIC - generated, not a business source: utilisation curve grown in proportion to observed request volume"
2025-09-27,westus2,AMD-standard,2724.0,1646.3,60.44,True,"SYNTHETIC - generated, not a business source: utilisation curve grown in proportion to observed request volume"
2025-09-28,westus2,AMD-standard,2724.0,1630.5,59.86,True,"SYNTHETIC - generated, not a business source: utilisation curve grown in proportion to observed request volume"
2025-09-29,westus2,AMD-standard,2724.0,1741.8,63.94,True,"SYNTHETIC - generated, not a business source: utilisation curve grown in proportion to observed request volume"
2025-09-30,westus2,AMD-standard,2724.0,1705.2,62.6,True,"SYNTHETIC - generated, not a business source: utilisation curve grown in proportion to observed request volume"
2025-10-01,westus2,AMD-standard,2724.0,1699.3,62.38,True,"SYNTHETIC - generated, not a business source: utilisation curve grown in proportion to observed request volume"
2025-10-02,westus2,AMD-standard,2724.0,1754.5,64.41,True,"SYNTHETIC - generated, not a business source: utilisation curve grown in proportion to observed request volume"
2025-10-03,westus2,AMD-standard,2724.0,1734.3,63.67,True,"SYNTHETIC - generated, not a business source: utilisation curve grown in proportion to observed request volume"
2025-10-04,westus2,AMD-standard,2724.0,1745.1,64.07,True,"SYNTHETIC - generated, not a business source: utilisation curve grown in proportion to observed request volume"
2025-10-05,westus2,AMD-standard,2724.0,1695.5,62.24,True,"SYNTHETIC - generated, not a business source: utilisation curve grown in proportion to observed request volume"
2025-10-06,westus2,AMD-standard,2724.0,1785.3,65.54,True,"SYNTHETIC - generated, not a business source: utilisation curve grown in proportion to observed request volume"
2025-10-07,westus2,AMD-standard,2724.0,1777.9,65.27,True,"SYNTHETIC - generated, not a business source: utilisation curve grown in proportion to observed request volume"
2025-10-08,westus2,AMD-standard,2724.0,1780.8,65.37,True,"SYNTHETIC - generated, not a business source: utilisation curve grown in proportion to observed request volume"
2025-10-09,westus2,AMD-standard,2724.0,1751.3,64.29,True,"SYNTHETIC - generated, not a business source: utilisation curve grown in proportion to observed request volume"
2025-10-10,westus2,AMD-standard,2724.0,1704.6,62.58,True,"SYNTHETIC - generated, not a business source: utilisation curve grown in proportion to observed request volume"
2025-10-11,westus2,AMD-standard,2724.0,1725.0,63.33,True,"SYNTHETIC - generated, not a business source: utilisation curve grown in proportion to observed request volume"
2025-10-12,westus2,AMD-standard,2724.0,1753.2,64.36,True,"SYNTHETIC - generated, not a business source: utilisation curve grown in proportion to observed request volume"
2025-10-13,westus2,AMD-standard,2724.0,1738.3,63.81,True,"SYNTHETIC - generated, not a business source: utilisation curve grown in proportion to observed request volume"
2025-10-14,westus2,AMD-standard,2724.0,1776.3,65.21,True,"SYNTHETIC - generated, not a business source: utilisation curve grown in proportion to observed request volume"
2025-10-15,westus2,AMD-standard,2724.0,1775.3,65.17,True,"SYNTHETIC - generated, not a business source: utilisation curve grown in proportion to observed request volume"
2025-10-16,westus2,AMD-standard,2724.0,1805.8,66.29,True,"SYNTHETIC - generated, not a business source: utilisation curve grown in proportion to observed request volume"
2025-10-17,westus2,AMD-standard,2724.0,1768.1,64.91,True,"SYNTHETIC - generated, not a business source: utilisation curve grown in proportion to observed request volume"
2025-10-18,westus2,AMD-standard,2724.0,1747.3,64.14,True,"SYNTHETIC - generated, not a business source: utilisation curve grown in proportion to observed request volume"
2025-10-19,westus2,AMD-standard,2724.0,1693.3,62.16,True,"SYNTHETIC - generated, not a business source: utilisation curve grown in proportion to observed request volume"
2025-10-20,westus2,AMD-standard,2724.0,1745.9,64.09,True,"SYNTHETIC - generated, not a business source: utilisation curve grown in proportion to observed request volume"
2025-10-21,westus2,AMD-standard,2724.0,1807.6,66.36,True,"SYNTHETIC - generated, not a business source: utilisation curve grown in proportion to observed request volume"
2025-10-22,westus2,AMD-standard,2724.0,1754.8,64.42,True,"SYNTHETIC - generated, not a business source: utilisation curve grown in proportion to observed request volume"
2025-10-23,westus2,AMD-standard,2724.0,1802.4,66.17,True,"SYNTHETIC - generated, not a business source: utilisation curve grown in proportion to observed request volume"
2025-10-24,westus2,AMD-standard,2724.0,1773.1,65.09,True,"SYNTHETIC - generated, not a business source: utilisation curve grown in proportion to observed request volume"
2025-10-25,westus2,AMD-standard,2724.0,1796.2,65.94,True,"SYNTHETIC - generated, not a business source: utilisation curve grown in proportion to observed request volume"
2025-10-26,westus2,AMD-standard,2724.0,1684.2,61.83,True,"SYNTHETIC - generated, not a business source: utilisation curve grown in proportion to observed request volume"
2025-10-27,westus2,AMD-standard,2724.0,1877.3,68.92,True,"SYNTHETIC - generated, not a business source: utilisation curve grown in proportion to observed request volume"
2025-10-28,westus2,AMD-standard,2724.0,1787.0,65.6,True,"SYNTHETIC - generated, not a business source: utilisation curve grown in proportion to observed request volume"
2025-10-29,westus2,AMD-standard,2724.0,1812.2,66.53,True,"SYNTHETIC - generated, not a business source: utilisation curve grown in proportion to observed request volume"
2025-10-30,westus2,AMD-standard,2724.0,1835.8,67.39,True,"SYNTHETIC - generated, not a business source: utilisation curve grown in proportion to observed request volume"
2025-10-31,westus2,AMD-standard,2724.0,1847.0,67.8,True,"SYNTHETIC - generated, not a business source: utilisation curve grown in proportion to observed request volume"
2025-11-01,westus2,AMD-standard,2724.0,1738.7,63.83,True,"SYNTHETIC - generated, not a business source: utilisation curve grown in proportion to observed request volume"
2025-11-02,westus2,AMD-standard,2724.0,1760.2,64.62,True,"SYNTHETIC - generated, not a business source: utilisation curve grown in proportion to observed request volume"
2025-11-03,westus2,AMD-standard,2724.0,1818.5,66.76,True,"SYNTHETIC - generated, not a business source: utilisation curve grown in proportion to observed request volume"
2025-11-04,westus2,AMD-standard,2724.0,1807.9,66.37,True,"SYNTHETIC - generated, not a business source: utilisation curve grown in proportion to observed request volume"
2025-11-05,westus2,AMD-standard,2724.0,1844.9,67.73,True,"SYNTHETIC - generated, not a business source: utilisation curve grown in proportion to observed request volume"
2025-11-06,westus2,AMD-standard,2724.0,1810.7,66.47,True,"SYNTHETIC - generated, not a business source: utilisation curve grown in proportion to observed request volume"
2025-11-07,westus2,AMD-standard,2724.0,1788.0,65.64,True,"SYNTHETIC - generated, not a business source: utilisation curve grown in proportion to observed request volume"
2025-11-08,westus2,AMD-standard,2724.0,1731.7,63.57,True,"SYNTHETIC - generated, not a business source: utilisation curve grown in proportion to observed request volume"
2025-11-09,westus2,AMD-standard,2724.0,1706.7,62.66,True,"SYNTHETIC - generated, not a business source: utilisation curve grown in proportion to observed request volume"
2025-11-10,westus2,AMD-standard,2724.0,1815.4,66.64,True,"SYNTHETIC - generated, not a business source: utilisation curve grown in proportion to observed request volume"
2025-11-11,westus2,AMD-standard,2724.0,1872.6,68.74,True,"SYNTHETIC - generated, not a business source: utilisation curve grown in proportion to observed request volume"
2025-11-12,westus2,AMD-standard,2724.0,1829.5,67.16,True,"SYNTHETIC - generated, not a business source: utilisation curve grown in proportion to observed request volume"
2025-11-13,westus2,AMD-standard,2724.0,1851.1,67.96,True,"SYNTHETIC - generated, not a business source: utilisation curve grown in proportion to observed request volume"
2025-11-14,westus2,AMD-standard,2724.0,1868.4,68.59,True,"SYNTHETIC - generated, not a business source: utilisation curve grown in proportion to observed request volume"
2025-11-15,westus2,AMD-standard,2724.0,1804.1,66.23,True,"SYNTHETIC - generated, not a business source: utilisation curve grown in proportion to observed request volume"
2025-11-16,westus2,AMD-standard,2724.0,1808.1,66.38,True,"SYNTHETIC - generated, not a business source: utilisation curve grown in proportion to observed request volume"
2025-11-17,westus2,AMD-standard,2724.0,1944.8,71.4,True,"SYNTHETIC - generated, not a business source: utilisation curve grown in proportion to observed request volume"
2025-11-18,westus2,AMD-standard,2724.0,1878.1,68.95,True,"SYNTHETIC - generated, not a business source: utilisation curve grown in proportion to observed request volume"
2025-11-19,westus2,AMD-standard,2724.0,1911.4,70.17,True,"SYNTHETIC - generated, not a business source: utilisation curve grown in proportion to observed request volume"
2025-11-20,westus2,AMD-standard,2724.0,1853.3,68.04,True,"SYNTHETIC - generated, not a business source: utilisation curve grown in proportion to observed request volume"
2025-11-21,westus2,AMD-standard,2724.0,1851.1,67.96,True,"SYNTHETIC - generated, not a business source: utilisation curve grown in proportion to observed request volume"
2025-11-22,westus2,AMD-standard,2724.0,1818.5,66.76,True,"SYNTHETIC - generated, not a business source: utilisation curve grown in proportion to observed request volume"
2025-11-23,westus2,AMD-standard,2724.0,1788.0,65.64,True,"SYNTHETIC - generated, not a business source: utilisation curve grown in proportion to observed request volume"
2025-11-24,westus2,AMD-standard,2724.0,1999.4,73.4,True,"SYNTHETIC - generated, not a business source: utilisation curve grown in proportion to observed request volume"
2025-11-25,westus2,AMD-standard,2724.0,1854.7,68.09,True,"SYNTHETIC - generated, not a business source: utilisation curve grown in proportion to observed request volume"
2025-11-26,westus2,AMD-standard,2724.0,1874.3,68.81,True,"SYNTHETIC - generated, not a business source: utilisation curve grown in proportion to observed request volume"
2025-11-27,westus2,AMD-standard,2724.0,1926.5,70.73,True,"SYNTHETIC - generated, not a business source: utilisation curve grown in proportion to observed request volume"
2025-11-28,westus2,AMD-standard,2724.0,1898.9,69.71,True,"SYNTHETIC - generated, not a business source: utilisation curve grown in proportion to observed request volume"
2025-11-29,westus2,AMD-standard,2724.0,1820.5,66.83,True,"SYNTHETIC - generated, not a business source: utilisation curve grown in proportion to observed request volume"
2025-11-30,westus2,AMD-standard,2724.0,1831.3,67.23,True,"SYNTHETIC - generated, not a business source: utilisation curve grown in proportion to observed request volume"
2025-12-01,westus2,AMD-standard,2724.0,1888.5,69.33,True,"SYNTHETIC - generated, not a business source: utilisation curve grown in proportion to observed request volume"
2025-12-02,westus2,AMD-standard,2724.0,1917.1,70.38,True,"SYNTHETIC - generated, not a business source: utilisation curve grown in proportion to observed request volume"
2025-12-03,westus2,AMD-standard,2724.0,1914.8,70.29,True,"SYNTHETIC - generated, not a business source: utilisation curve grown in proportion to observed request volume"
2025-12-04,westus2,AMD-standard,2724.0,1880.6,69.04,True,"SYNTHETIC - generated, not a business source: utilisation curve grown in proportion to observed request volume"
2025-12-05,westus2,AMD-standard,2724.0,1883.0,69.13,True,"SYNTHETIC - generated, not a business source: utilisation curve grown in proportion to observed request volume"
2025-12-06,westus2,AMD-standard,2724.0,1848.0,67.84,True,"SYNTHETIC - generated, not a business source: utilisation curve grown in proportion to observed request volume"
2025-12-07,westus2,AMD-standard,2724.0,1759.1,64.58,True,"SYNTHETIC - generated, not a business source: utilisation curve grown in proportion to observed request volume"
2025-12-08,westus2,AMD-standard,2724.0,1899.6,69.74,True,"SYNTHETIC - generated, not a business source: utilisation curve grown in proportion to observed request volume"
2025-12-09,westus2,AMD-standard,2724.0,1924.0,70.63,True,"SYNTHETIC - generated, not a business source: utilisation curve grown in proportion to observed request volume"
2025-12-10,westus2,AMD-standard,2724.0,1896.3,69.61,True,"SYNTHETIC - generated, not a business source: utilisation curve grown in proportion to observed request volume"
2025-12-11,westus2,AMD-standard,2724.0,1921.8,70.55,True,"SYNTHETIC - generated, not a business source: utilisation curve grown in proportion to observed request volume"
2025-12-12,westus2,AMD-standard,2724.0,1924.2,70.64,True,"SYNTHETIC - generated, not a business source: utilisation curve grown in proportion to observed request volume"
2025-12-13,westus2,AMD-standard,2724.0,1870.4,68.66,True,"SYNTHETIC - generated, not a business source: utilisation curve grown in proportion to observed request volume"
2025-12-14,westus2,AMD-standard,2724.0,1862.5,68.37,True,"SYNTHETIC - generated, not a business source: utilisation curve grown in proportion to observed request volume"
2025-12-15,westus2,AMD-standard,2724.0,1933.7,70.99,True,"SYNTHETIC - generated, not a business source: utilisation curve grown in proportion to observed request volume"
2025-12-16,westus2,AMD-standard,2724.0,1891.9,69.45,True,"SYNTHETIC - generated, not a business source: utilisation curve grown in proportion to observed request volume"
2025-12-17,westus2,AMD-standard,2724.0,1935.5,71.05,True,"SYNTHETIC - generated, not a business source: utilisation curve grown in proportion to observed request volume"
2025-12-18,westus2,AMD-standard,2724.0,1947.4,71.49,True,"SYNTHETIC - generated, not a business source: utilisation curve grown in proportion to observed request volume"
2025-12-19,westus2,AMD-standard,2724.0,1915.3,70.31,True,"SYNTHETIC - generated, not a business source: utilisation curve grown in proportion to observed request volume"
2025-12-20,westus2,AMD-standard,2724.0,1934.0,71.0,True,"SYNTHETIC - generated, not a business source: utilisation curve grown in proportion to observed request volume"
2025-12-21,westus2,AMD-standard,2724.0,1898.9,69.71,True,"SYNTHETIC - generated, not a business source: utilisation curve grown in proportion to observed request volume"
2025-12-22,westus2,AMD-standard,2724.0,1921.8,70.55,True,"SYNTHETIC - generated, not a business source: utilisation curve grown in proportion to observed request volume"
2025-12-23,westus2,AMD-standard,2724.0,1948.2,71.52,True,"SYNTHETIC - generated, not a business source: utilisation curve grown in proportion to observed request volume"
2025-12-24,westus2,AMD-standard,2724.0,1890.8,69.41,True,"SYNTHETIC - generated, not a business source: utilisation curve grown in proportion to observed request volume"
2025-12-25,westus2,AMD-standard,2724.0,1904.5,69.92,True,"SYNTHETIC - generated, not a business source: utilisation curve grown in proportion to observed request volume"
2025-12-26,westus2,AMD-standard,2724.0,1997.0,73.31,True,"SYNTHETIC - generated, not a business source: utilisation curve grown in proportion to observed request volume"
2025-12-27,westus2,AMD-standard,2724.0,1903.9,69.89,True,"SYNTHETIC - generated, not a business source: utilisation curve grown in proportion to observed request volume"
2025-12-28,westus2,AMD-standard,2724.0,1859.7,68.27,True,"SYNTHETIC - generated, not a business source: utilisation curve grown in proportion to observed request volume"
2025-12-29,westus2,AMD-standard,2724.0,1960.2,71.96,True,"SYNTHETIC - generated, not a business source: utilisation curve grown in proportion to observed request volume"
2025-12-30,westus2,AMD-standard,2724.0,1929.1,70.82,True,"SYNTHETIC - generated, not a business source: utilisation curve grown in proportion to observed request volume"
2025-12-31,westus2,AMD-standard,2724.0,1953.5,71.71,True,"SYNTHETIC - generated, not a business source: utilisation curve grown in proportion to observed request volume"
2026-01-01,westus2,AMD-standard,2724.0,1941.0,71.25,True,"SYNTHETIC - generated, not a business source: utilisation curve grown in proportion to observed request volume"
2026-01-02,westus2,AMD-standard,2724.0,1966.9,72.21,True,"SYNTHETIC - generated, not a business source: utilisation curve grown in proportion to observed request volume"
2026-01-03,westus2,AMD-standard,2724.0,1875.2,68.84,True,"SYNTHETIC - generated, not a business source: utilisation curve grown in proportion to observed request volume"
2026-01-04,westus2,AMD-standard,2724.0,1910.9,70.15,True,"SYNTHETIC - generated, not a business source: utilisation curve grown in proportion to observed request volume"
2026-01-05,westus2,AMD-standard,2724.0,1970.8,72.35,True,"SYNTHETIC - generated, not a business source: utilisation curve grown in proportion to observed request volume"
2026-01-06,westus2,AMD-standard,2724.0,1944.0,71.37,True,"SYNTHETIC - generated, not a business source: utilisation curve grown in proportion to observed request volume"
2026-01-07,westus2,AMD-standard,2724.0,1971.4,72.37,True,"SYNTHETIC - generated, not a business source: utilisation curve grown in proportion to observed request volume"
2026-01-08,westus2,AMD-standard,2724.0,2010.0,73.79,True,"SYNTHETIC - generated, not a business source: utilisation curve grown in proportion to observed request volume"
2026-01-09,westus2,AMD-standard,2724.0,2025.7,74.36,True,"SYNTHETIC - generated, not a business source: utilisation curve grown in proportion to observed request volume"
2026-01-10,westus2,AMD-standard,2724.0,1937.5,71.13,True,"SYNTHETIC - generated, not a business source: utilisation curve grown in proportion to observed request volume"
2026-01-11,westus2,AMD-standard,2724.0,1970.9,72.35,True,"SYNTHETIC - generated, not a business source: utilisation curve grown in proportion to observed request volume"
2026-01-12,westus2,AMD-standard,2724.0,2033.2,74.64,True,"SYNTHETIC - generated, not a business source: utilisation curve grown in proportion to observed request volume"
2026-01-13,westus2,AMD-standard,2724.0,2013.7,73.92,True,"SYNTHETIC - generated, not a business source: utilisation curve grown in proportion to observed request volume"
2026-01-14,westus2,AMD-standard,2724.0,1992.1,73.13,True,"SYNTHETIC - generated, not a business source: utilisation curve grown in proportion to observed request volume"
2026-01-15,westus2,AMD-standard,2724.0,1986.7,72.93,True,"SYNTHETIC - generated, not a business source: utilisation curve grown in proportion to observed request volume"
2026-01-16,westus2,AMD-standard,2724.0,1988.4,72.99,True,"SYNTHETIC - generated, not a business source: utilisation curve grown in proportion to observed request volume"
2026-01-17,westus2,AMD-standard,2724.0,1947.6,71.5,True,"SYNTHETIC - generated, not a business source: utilisation curve grown in proportion to observed request volume"
2026-01-18,westus2,AMD-standard,2724.0,1972.5,72.41,True,"SYNTHETIC - generated, not a business source: utilisation curve grown in proportion to observed request volume"
2026-01-19,westus2,AMD-standard,2724.0,1963.2,72.07,True,"SYNTHETIC - generated, not a business source: utilisation curve grown in proportion to observed request volume"
2026-01-20,westus2,AMD-standard,2724.0,1991.2,73.1,True,"SYNTHETIC - generated, not a business source: utilisation curve grown in proportion to observed request volume"
2026-01-21,westus2,AMD-standard,2724.0,1959.0,71.92,True,"SYNTHETIC - generated, not a business source: utilisation curve grown in proportion to observed request volume"
2026-01-22,westus2,AMD-standard,2724.0,2031.4,74.57,True,"SYNTHETIC - generated, not a business source: utilisation curve grown in proportion to observed request volume"
2026-01-23,westus2,AMD-standard,2724.0,2023.5,74.28,True,"SYNTHETIC - generated, not a business source: utilisation curve grown in proportion to observed request volume"
2026-01-24,westus2,AMD-standard,2724.0,1969.6,72.3,True,"SYNTHETIC - generated, not a business source: utilisation curve grown in proportion to observed request volume"
2026-01-25,westus2,AMD-standard,2724.0,1943.8,71.36,True,"SYNTHETIC - generated, not a business source: utilisation curve grown in proportion to observed request volume"
2026-01-26,westus2,AMD-standard,2724.0,2055.2,75.45,True,"SYNTHETIC - generated, not a business source: utilisation curve grown in proportion to observed request volume"
2026-01-27,westus2,AMD-standard,2724.0,1989.0,73.02,True,"SYNTHETIC - generated, not a business source: utilisation curve grown in proportion to observed request volume"
2026-01-28,westus2,AMD-standard,2724.0,1962.5,72.04,True,"SYNTHETIC - generated, not a business source: utilisation curve grown in proportion to observed request volume"
2025-09-01,eastus,AMD-highmem,3192.0,1753.1,54.92,True,"SYNTHETIC - generated, not a business source: utilisation curve grown in proportion to observed request volume"
2025-09-02,eastus,AMD-highmem,3192.0,1792.7,56.16,True,"SYNTHETIC - generated, not a business source: utilisation curve grown in proportion to observed request volume"
2025-09-03,eastus,AMD-highmem,3192.0,1732.9,54.29,True,"SYNTHETIC - generated, not a business source: utilisation curve grown in proportion to observed request volume"
2025-09-04,eastus,AMD-highmem,3192.0,1781.8,55.82,True,"SYNTHETIC - generated, not a business source: utilisation curve grown in proportion to observed request volume"
2025-09-05,eastus,AMD-highmem,3192.0,1746.1,54.7,True,"SYNTHETIC - generated, not a business source: utilisation curve grown in proportion to observed request volume"
2025-09-06,eastus,AMD-highmem,3192.0,1641.8,51.44,True,"SYNTHETIC - generated, not a business source: utilisation curve grown in proportion to observed request volume"
2025-09-07,eastus,AMD-highmem,3192.0,1728.4,54.15,True,"SYNTHETIC - generated, not a business source: utilisation curve grown in proportion to observed request volume"
2025-09-08,eastus,AMD-highmem,3192.0,1788.0,56.02,True,"SYNTHETIC - generated, not a business source: utilisation curve grown in proportion to observed request volume"
2025-09-09,eastus,AMD-highmem,3192.0,1776.5,55.65,True,"SYNTHETIC - generated, not a business source: utilisation curve grown in proportion to observed request volume"
2025-09-10,eastus,AMD-highmem,3192.0,1763.1,55.23,True,"SYNTHETIC - generated, not a business source: utilisation curve grown in proportion to observed request volume"
2025-09-11,eastus,AMD-highmem,3192.0,1739.7,54.5,True,"SYNTHETIC - generated, not a business source: utilisation curve grown in proportion to observed request volume"
2025-09-12,eastus,AMD-highmem,3192.0,1780.5,55.78,True,"SYNTHETIC - generated, not a business source: utilisation curve grown in proportion to observed request volume"
2025-09-13,eastus,AMD-highmem,3192.0,1754.9,54.98,True,"SYNTHETIC - generated, not a business source: utilisation curve grown in proportion to observed request volume"
2025-09-14,eastus,AMD-highmem,3192.0,1689.1,52.92,True,"SYNTHETIC - generated, not a business source: utilisation curve grown in proportion to observed request volume"
2025-09-15,eastus,AMD-highmem,3192.0,1830.0,57.33,True,"SYNTHETIC - generated, not a business source: utilisation curve grown in proportion to observed request volume"
2025-09-16,eastus,AMD-highmem,3192.0,1797.8,56.32,True,"SYNTHETIC - generated, not a business source: utilisation curve grown in proportion to observed request volume"
2025-09-17,eastus,AMD-highmem,3192.0,1776.8,55.66,True,"SYNTHETIC - generated, not a business source: utilisation curve grown in proportion to observed request volume"
2025-09-18,eastus,AMD-highmem,3192.0,1790.8,56.1,True,"SYNTHETIC - generated, not a business source: utilisation curve grown in proportion to observed request volume"
2025-09-19,eastus,AMD-highmem,3192.0,1820.1,57.02,True,"SYNTHETIC - generated, not a business source: utilisation curve grown in proportion to observed request volume"
2025-09-20,eastus,AMD-highmem,3192.0,1680.8,52.66,True,"SYNTHETIC - generated, not a business source: utilisation curve grown in proportion to observed request volume"
2025-09-21,eastus,AMD-highmem,3192.0,1707.5,53.49,True,"SYNTHETIC - generated, not a business source: utilisation curve grown in proportion to observed request volume"
2025-09-22,eastus,AMD-highmem,3192.0,1826.7,57.23,True,"SYNTHETIC - generated, not a business source: utilisation curve grown in proportion to observed request volume"
2025-09-23,eastus,AMD-highmem,3192.0,1812.9,56.8,True,"SYNTHETIC - generated, not a business source: utilisation curve grown in proportion to observed request volume"
2025-09-24,eastus,AMD-highmem,3192.0,1800.8,56.41,True,"SYNTHETIC - generated, not a business source: utilisation curve grown in proportion to observed request volume"
2025-09-25,eastus,AMD-highmem,3192.0,1841.2,57.68,True,"SYNTHETIC - generated, not a business source: utilisation curve grown in proportion to observed request volume"
2025-09-26,eastus,AMD-highmem,3192.0,1768.1,55.39,True,"SYNTHETIC - generated, not a business source: utilisation curve grown in proportion to observed request volume"
2025-09-27,eastus,AMD-highmem,3192.0,1723.7,54.0,True,"SYNTHETIC - generated, not a business source: utilisation curve grown in proportion to observed request volume"
2025-09-28,eastus,AMD-highmem,3192.0,1812.5,56.78,True,"SYNTHETIC - generated, not a business source: utilisation curve grown in proportion to observed request volume"
2025-09-29,eastus,AMD-highmem,3192.0,1781.0,55.79,True,"SYNTHETIC - generated, not a business source: utilisation curve grown in proportion to observed request volume"
2025-09-30,eastus,AMD-highmem,3192.0,1854.8,58.11,True,"SYNTHETIC - generated, not a business source: utilisation curve grown in proportion to observed request volume"
2025-10-01,eastus,AMD-highmem,3192.0,1815.2,56.87,True,"SYNTHETIC - generated, not a business source: utilisation curve grown in proportion to observed request volume"
2025-10-02,eastus,AMD-highmem,3192.0,1755.5,55.0,True,"SYNTHETIC - generated, not a business source: utilisation curve grown in proportion to observed request volume"
2025-10-03,eastus,AMD-highmem,3192.0,1754.1,54.95,True,"SYNTHETIC - generated, not a business source: utilisation curve grown in proportion to observed request volume"
2025-10-04,eastus,AMD-highmem,3192.0,1800.0,56.39,True,"SYNTHETIC - generated, not a business source: utilisation curve grown in proportion to observed request volume"
2025-10-05,eastus,AMD-highmem,3192.0,1784.3,55.9,True,"SYNTHETIC - generated, not a business source: utilisation curve grown in proportion to observed request volume"
2025-10-06,eastus,AMD-highmem,3192.0,1880.9,58.93,True,"SYNTHETIC - generated, not a business source: utilisation curve grown in proportion to observed request volume"
2025-10-07,eastus,AMD-highmem,3192.0,1802.8,56.48,True,"SYNTHETIC - generated, not a business source: utilisation curve grown in proportion to observed request volume"
2025-10-08,eastus,AMD-highmem,3192.0,1811.8,56.76,True,"SYNTHETIC - generated, not a business source: utilisation curve grown in proportion to observed request volume"
2025-10-09,eastus,AMD-highmem,3192.0,1841.9,57.7,True,"SYNTHETIC - generated, not a business source: utilisation curve grown in proportion to observed request volume"
2025-10-10,eastus,AMD-highmem,3192.0,1874.3,58.72,True,"SYNTHETIC - generated, not a business source: utilisation curve grown in proportion to observed request volume"
2025-10-11,eastus,AMD-highmem,3192.0,1754.8,54.97,True,"SYNTHETIC - generated, not a business source: utilisation curve grown in proportion to observed request volume"
2025-10-12,eastus,AMD-highmem,3192.0,1749.6,54.81,True,"SYNTHETIC - generated, not a business source: utilisation curve grown in proportion to observed request volume"
2025-10-13,eastus,AMD-highmem,3192.0,1847.5,57.88,True,"SYNTHETIC - generated, not a business source: utilisation curve grown in proportion to observed request volume"
2025-10-14,eastus,AMD-highmem,3192.0,1884.4,59.04,True,"SYNTHETIC - generated, not a business source: utilisation curve grown in proportion to observed request volume"
2025-10-15,eastus,AMD-highmem,3192.0,1939.1,60.75,True,"SYNTHETIC - generated, not a business source: utilisation curve grown in proportion to observed request volume"
2025-10-16,eastus,AMD-highmem,3192.0,1879.9,58.89,True,"SYNTHETIC - generated, not a business source: utilisation curve grown in proportion to observed request volume"
2025-10-17,eastus,AMD-highmem,3192.0,1834.2,57.46,True,"SYNTHETIC - generated, not a business source: utilisation curve grown in proportion to observed request volume"
2025-10-18,eastus,AMD-highmem,3192.0,1799.4,56.37,True,"SYNTHETIC - generated, not a business source: utilisation curve grown in proportion to observed request volume"
2025-10-19,eastus,AMD-highmem,3192.0,1833.2,57.43,True,"SYNTHETIC - generated, not a business source: utilisation curve grown in proportion to observed request volume"
2025-10-20,eastus,AMD-highmem,3192.0,1903.2,59.62,True,"SYNTHETIC - generated, not a business source: utilisation curve grown in proportion to observed request volume"
2025-10-21,eastus,AMD-highmem,3192.0,1882.4,58.97,True,"SYNTHETIC - generated, not a business source: utilisation curve grown in proportion to observed request volume"
2025-10-22,eastus,AMD-highmem,3192.0,1901.2,59.56,True,"SYNTHETIC - generated, not a business source: utilisation curve grown in proportion to observed request volume"
2025-10-23,eastus,AMD-highmem,3192.0,1852.1,58.02,True,"SYNTHETIC - generated, not a business source: utilisation curve grown in proportion to observed request volume"
2025-10-24,eastus,AMD-highmem,3192.0,1869.1,58.55,True,"SYNTHETIC - generated, not a business source: utilisation curve grown in proportion to observed request volume"
2025-10-25,eastus,AMD-highmem,3192.0,1755.8,55.01,True,"SYNTHETIC - generated, not a business source: utilisation curve grown in proportion to observed request volume"
2025-10-26,eastus,AMD-highmem,3192.0,1782.7,55.85,True,"SYNTHETIC - generated, not a business source: utilisation curve grown in proportion to observed request volume"
2025-10-27,eastus,AMD-highmem,3192.0,1872.4,58.66,True,"SYNTHETIC - generated, not a business source: utilisation curve grown in proportion to observed request volume"
2025-10-28,eastus,AMD-highmem,3192.0,1884.0,59.02,True,"SYNTHETIC - generated, not a business source: utilisation curve grown in proportion to observed request volume"
2025-10-29,eastus,AMD-highmem,3192.0,1907.8,59.77,True,"SYNTHETIC - generated, not a business source: utilisation curve grown in proportion to observed request volume"
2025-10-30,eastus,AMD-highmem,3192.0,1884.5,59.04,True,"SYNTHETIC - generated, not a business source: utilisation curve grown in proportion to observed request volume"
2025-10-31,eastus,AMD-highmem,3192.0,1931.9,60.52,True,"SYNTHETIC - generated, not a business source: utilisation curve grown in proportion to observed request volume"
2025-11-01,eastus,AMD-highmem,3192.0,1883.4,59.0,True,"SYNTHETIC - generated, not a business source: utilisation curve grown in proportion to observed request volume"
2025-11-02,eastus,AMD-highmem,3192.0,1802.7,56.47,True,"SYNTHETIC - generated, not a business source: utilisation curve grown in proportion to observed request volume"
2025-11-03,eastus,AMD-highmem,3192.0,1849.7,57.95,True,"SYNTHETIC - generated, not a business source: utilisation curve grown in proportion to observed request volume"
2025-11-04,eastus,AMD-highmem,3192.0,1931.8,60.52,True,"SYNTHETIC - generated, not a business source: utilisation curve grown in proportion to observed request volume"
2025-11-05,eastus,AMD-highmem,3192.0,1900.3,59.53,True,"SYNTHETIC - generated, not a business source: utilisation curve grown in proportion to observed request volume"
2025-11-06,eastus,AMD-highmem,3192.0,1865.7,58.45,True,"SYNTHETIC - generated, not a business source: utilisation curve grown in proportion to observed request volume"
2025-11-07,eastus,AMD-highmem,3192.0,1962.7,61.49,True,"SYNTHETIC - generated, not a business source: utilisation curve grown in proportion to observed request volume"
2025-11-08,eastus,AMD-highmem,3192.0,1838.5,57.6,True,"SYNTHETIC - generated, not a business source: utilisation curve grown in proportion to observed request volume"
2025-11-09,eastus,AMD-highmem,3192.0,1873.1,58.68,True,"SYNTHETIC - generated, not a business source: utilisation curve grown in proportion to observed request volume"
2025-11-10,eastus,AMD-highmem,3192.0,1926.6,60.36,True,"SYNTHETIC - generated, not a business source: utilisation curve grown in proportion to observed request volume"
2025-11-11,eastus,AMD-highmem,3192.0,1892.0,59.27,True,"SYNTHETIC - generated, not a business source: utilisation curve grown in proportion to observed request volume"
2025-11-12,eastus,AMD-highmem,3192.0,1963.8,61.52,True,"SYNTHETIC - generated, not a business source: utilisation curve grown in proportion to observed request volume"
2025-11-13,eastus,AMD-highmem,3192.0,1862.5,58.35,True,"SYNTHETIC - generated, not a business source: utilisation curve grown in proportion to observed request volume"
2025-11-14,eastus,AMD-highmem,3192.0,1948.4,61.04,True,"SYNTHETIC - generated, not a business source: utilisation curve grown in proportion to observed request volume"
2025-11-15,eastus,AMD-highmem,3192.0,1804.1,56.52,True,"SYNTHETIC - generated, not a business source: utilisation curve grown in proportion to observed request volume"
2025-11-16,eastus,AMD-highmem,3192.0,1883.3,59.0,True,"SYNTHETIC - generated, not a business source: utilisation curve grown in proportion to observed request volume"
2025-11-17,eastus,AMD-highmem,3192.0,1927.9,60.4,True,"SYNTHETIC - generated, not a business source: utilisation curve grown in proportion to observed request volume"
2025-11-18,eastus,AMD-highmem,3192.0,1926.5,60.35,True,"SYNTHETIC - generated, not a business source: utilisation curve grown in proportion to observed request volume"
2025-11-19,eastus,AMD-highmem,3192.0,1979.2,62.01,True,"SYNTHETIC - generated, not a business source: utilisation curve grown in proportion to observed request volume"
2025-11-20,eastus,AMD-highmem,3192.0,1925.0,60.31,True,"SYNTHETIC - generated, not a business source: utilisation curve grown in proportion to observed request volume"
2025-11-21,eastus,AMD-highmem,3192.0,1950.9,61.12,True,"SYNTHETIC - generated, not a business source: utilisation curve grown in proportion to observed request volume"
2025-11-22,eastus,AMD-highmem,3192.0,1831.6,57.38,True,"SYNTHETIC - generated, not a business source: utilisation curve grown in proportion to observed request volume"
2025-11-23,eastus,AMD-highmem,3192.0,1935.9,60.65,True,"SYNTHETIC - generated, not a business source: utilisation curve grown in proportion to observed request volume"
2025-11-24,eastus,AMD-highmem,3192.0,1914.2,59.97,True,"SYNTHETIC - generated, not a business source: utilisation curve grown in proportion to observed request volume"
2025-11-25,eastus,AMD-highmem,3192.0,1948.6,61.05,True,"SYNTHETIC - generated, not a business source: utilisation curve grown in proportion to observed request volume"
2025-11-26,eastus,AMD-highmem,3192.0,1980.7,62.05,True,"SYNTHETIC - generated, not a business source: utilisation curve grown in proportion to observed request volume"
2025-11-27,eastus,AMD-highmem,3192.0,2063.7,64.65,True,"SYNTHETIC - generated, not a business source: utilisation curve grown in proportion to observed request volume"
2025-11-28,eastus,AMD-highmem,3192.0,1943.7,60.89,True,"SYNTHETIC - generated, not a business source: utilisation curve grown in proportion to observed request volume"
2025-11-29,eastus,AMD-highmem,3192.0,1909.7,59.83,True,"SYNTHETIC - generated, not a business source: utilisation curve grown in proportion to observed request volume"
2025-11-30,eastus,AMD-highmem,3192.0,1886.7,59.11,True,"SYNTHETIC - generated, not a business source: utilisation curve grown in proportion to observed request volume"
2025-12-01,eastus,AMD-highmem,3192.0,1957.3,61.32,True,"SYNTHETIC - generated, not a business source: utilisation curve grown in proportion to observed request volume"
2025-12-02,eastus,AMD-highmem,3192.0,2030.5,63.61,True,"SYNTHETIC - generated, not a business source: utilisation curve grown in proportion to observed request volume"
2025-12-03,eastus,AMD-highmem,3192.0,1999.5,62.64,True,"SYNTHETIC - generated, not a business source: utilisation curve grown in proportion to observed request volume"
2025-12-04,eastus,AMD-highmem,3192.0,1988.3,62.29,True,"SYNTHETIC - generated, not a business source: utilisation curve grown in proportion to observed request volume"
2025-12-05,eastus,AMD-highmem,3192.0,2033.7,63.71,True,"SYNTHETIC - generated, not a business source: utilisation curve grown in proportion to observed request volume"
2025-12-06,eastus,AMD-highmem,3192.0,1869.5,58.57,True,"SYNTHETIC - generated, not a business source: utilisation curve grown in proportion to observed request volume"
2025-12-07,eastus,AMD-highmem,3192.0,1940.0,60.78,True,"SYNTHETIC - generated, not a business source: utilisation curve grown in proportion to observed request volume"
2025-12-08,eastus,AMD-highmem,3192.0,2062.1,64.6,True,"SYNTHETIC - generated, not a business source: utilisation curve grown in proportion to observed request volume"
2025-12-09,eastus,AMD-highmem,3192.0,2005.6,62.83,True,"SYNTHETIC - generated, not a business source: utilisation curve grown in proportion to observed request volume"
2025-12-10,eastus,AMD-highmem,3192.0,2032.5,63.68,True,"SYNTHETIC - generated, not a business source: utilisation curve grown in proportion to observed request volume"
2025-12-11,eastus,AMD-highmem,3192.0,1982.0,62.09,True,"SYNTHETIC - generated, not a business source: utilisation curve grown in proportion to observed request volume"
2025-12-12,eastus,AMD-highmem,3192.0,1975.2,61.88,True,"SYNTHETIC - generated, not a business source: utilisation curve grown in proportion to observed request volume"
2025-12-13,eastus,AMD-highmem,3192.0,1937.9,60.71,True,"SYNTHETIC - generated, not a business source: utilisation curve grown in proportion to observed request volume"
2025-12-14,eastus,AMD-highmem,3192.0,1991.7,62.4,True,"SYNTHETIC - generated, not a business source: utilisation curve grown in proportion to observed request volume"
2025-12-15,eastus,AMD-highmem,3192.0,1981.6,62.08,True,"SYNTHETIC - generated, not a business source: utilisation curve grown in proportion to observed request volume"
2025-12-16,eastus,AMD-highmem,3192.0,2003.4,62.76,True,"SYNTHETIC - generated, not a business source: utilisation curve grown in proportion to observed request volume"
2025-12-17,eastus,AMD-highmem,3192.0,2067.7,64.78,True,"SYNTHETIC - generated, not a business source: utilisation curve grown in proportion to observed request volume"
2025-12-18,eastus,AMD-highmem,3192.0,2060.7,64.56,True,"SYNTHETIC - generated, not a business source: utilisation curve grown in proportion to observed request volume"
2025-12-19,eastus,AMD-highmem,3192.0,1989.6,62.33,True,"SYNTHETIC - generated, not a business source: utilisation curve grown in proportion to observed request volume"
2025-12-20,eastus,AMD-highmem,3192.0,1962.2,61.47,True,"SYNTHETIC - generated, not a business source: utilisation curve grown in proportion to observed request volume"
2025-12-21,eastus,AMD-highmem,3192.0,1976.7,61.93,True,"SYNTHETIC - generated, not a business source: utilisation curve grown in proportion to observed request volume"
2025-12-22,eastus,AMD-highmem,3192.0,2111.3,66.14,True,"SYNTHETIC - generated, not a business source: utilisation curve grown in proportion to observed request volume"
2025-12-23,eastus,AMD-highmem,3192.0,2069.8,64.84,True,"SYNTHETIC - generated, not a business source: utilisation curve grown in proportion to observed request volume"
2025-12-24,eastus,AMD-highmem,3192.0,2090.4,65.49,True,"SYNTHETIC - generated, not a business source: utilisation curve grown in proportion to observed request volume"
2025-12-25,eastus,AMD-highmem,3192.0,2080.5,65.18,True,"SYNTHETIC - generated, not a business source: utilisation curve grown in proportion to observed request volume"
2025-12-26,eastus,AMD-highmem,3192.0,2101.0,65.82,True,"SYNTHETIC - generated, not a business source: utilisation curve grown in proportion to observed request volume"
2025-12-27,eastus,AMD-highmem,3192.0,1971.4,61.76,True,"SYNTHETIC - generated, not a business source: utilisation curve grown in proportion to observed request volume"
2025-12-28,eastus,AMD-highmem,3192.0,1947.6,61.01,True,"SYNTHETIC - generated, not a business source: utilisation curve grown in proportion to observed request volume"
2025-12-29,eastus,AMD-highmem,3192.0,2115.3,66.27,True,"SYNTHETIC - generated, not a business source: utilisation curve grown in proportion to observed request volume"
2025-12-30,eastus,AMD-highmem,3192.0,2065.2,64.7,True,"SYNTHETIC - generated, not a business source: utilisation curve grown in proportion to observed request volume"
2025-12-31,eastus,AMD-highmem,3192.0,2050.7,64.24,True,"SYNTHETIC - generated, not a business source: utilisation curve grown in proportion to observed request volume"
2026-01-01,eastus,AMD-highmem,3192.0,2043.0,64.0,True,"SYNTHETIC - generated, not a business source: utilisation curve grown in proportion to observed request volume"
2026-01-02,eastus,AMD-highmem,3192.0,2109.1,66.08,True,"SYNTHETIC - generated, not a business source: utilisation curve grown in proportion to observed request volume"
2026-01-03,eastus,AMD-highmem,3192.0,1976.3,61.91,True,"SYNTHETIC - generated, not a business source: utilisation curve grown in proportion to observed request volume"
2026-01-04,eastus,AMD-highmem,3192.0,1997.3,62.57,True,"SYNTHETIC - generated, not a business source: utilisation curve grown in proportion to observed request volume"
2026-01-05,eastus,AMD-highmem,3192.0,2133.9,66.85,True,"SYNTHETIC - generated, not a business source: utilisation curve grown in proportion to observed request volume"
2026-01-06,eastus,AMD-highmem,3192.0,2086.1,65.35,True,"SYNTHETIC - generated, not a business source: utilisation curve grown in proportion to observed request volume"
2026-01-07,eastus,AMD-highmem,3192.0,2120.1,66.42,True,"SYNTHETIC - generated, not a business source: utilisation curve grown in proportion to observed request volume"
2026-01-08,eastus,AMD-highmem,3192.0,2099.1,65.76,True,"SYNTHETIC - generated, not a business source: utilisation curve grown in proportion to observed request volume"
2026-01-09,eastus,AMD-highmem,3192.0,2071.8,64.91,True,"SYNTHETIC - generated, not a business source: utilisation curve grown in proportion to observed request volume"
2026-01-10,eastus,AMD-highmem,3192.0,2037.0,63.82,True,"SYNTHETIC - generated, not a business source: utilisation curve grown in proportion to observed request volume"
2026-01-11,eastus,AMD-highmem,3192.0,2048.1,64.16,True,"SYNTHETIC - generated, not a business source: utilisation curve grown in proportion to observed request volume"
2026-01-12,eastus,AMD-highmem,3192.0,2100.8,65.82,True,"SYNTHETIC - generated, not a business source: utilisation curve grown in proportion to observed request volume"
2026-01-13,eastus,AMD-highmem,3192.0,2124.0,66.54,True,"SYNTHETIC - generated, not a business source: utilisation curve grown in proportion to observed request volume"
2026-01-14,eastus,AMD-highmem,3192.0,2069.1,64.82,True,"SYNTHETIC - generated, not a business source: utilisation curve grown in proportion to observed request volume"
2026-01-15,eastus,AMD-highmem,3192.0,2151.6,67.41,True,"SYNTHETIC - generated, not a business source: utilisation curve grown in proportion to observed request volume"
2026-01-16,eastus,AMD-highmem,3192.0,2160.8,67.7,True,"SYNTHETIC - generated, not a business source: utilisation curve grown in proportion to observed request volume"
2026-01-17,eastus,AMD-highmem,3192.0,1993.3,62.45,True,"SYNTHETIC - generated, not a business source: utilisation curve grown in proportion to observed request volume"
2026-01-18,eastus,AMD-highmem,3192.0,2091.8,65.53,True,"SYNTHETIC - generated, not a business source: utilisation curve grown in proportion to observed request volume"
2026-01-19,eastus,AMD-highmem,3192.0,2166.5,67.87,True,"SYNTHETIC - generated, not a business source: utilisation curve grown in proportion to observed request volume"
2026-01-20,eastus,AMD-highmem,3192.0,2107.5,66.02,True,"SYNTHETIC - generated, not a business source: utilisation curve grown in proportion to observed request volume"
2026-01-21,eastus,AMD-highmem,3192.0,2124.4,66.55,True,"SYNTHETIC - generated, not a business source: utilisation curve grown in proportion to observed request volume"
2026-01-22,eastus,AMD-highmem,3192.0,2129.5,66.71,True,"SYNTHETIC - generated, not a business source: utilisation curve grown in proportion to observed request volume"
2026-01-23,eastus,AMD-highmem,3192.0,2108.4,66.05,True,"SYNTHETIC - generated, not a business source: utilisation curve grown in proportion to observed request volume"
2026-01-24,eastus,AMD-highmem,3192.0,2060.1,64.54,True,"SYNTHETIC - generated, not a business source: utilisation curve grown in proportion to observed request volume"
2026-01-25,eastus,AMD-highmem,3192.0,2004.4,62.79,True,"SYNTHETIC - generated, not a business source: utilisation curve grown in proportion to observed request volume"
2026-01-26,eastus,AMD-highmem,3192.0,2099.2,65.76,True,"SYNTHETIC - generated, not a business source: utilisation curve grown in proportion to observed request volume"
2026-01-27,eastus,AMD-highmem,3192.0,2138.8,67.01,True,"SYNTHETIC - generated, not a business source: utilisation curve grown in proportion to observed request volume"
2026-01-28,eastus,AMD-highmem,3192.0,2104.3,65.92,True,"SYNTHETIC - generated, not a business source: utilisation curve grown in proportion to observed request volume"
2025-09-01,northeurope,AMD-standard,2464.0,1367.5,55.5,True,"SYNTHETIC - generated, not a business source: utilisation curve grown in proportion to observed request volume"
2025-09-02,northeurope,AMD-standard,2464.0,1387.3,56.3,True,"SYNTHETIC - generated, not a business source: utilisation curve grown in proportion to observed request volume"
2025-09-03,northeurope,AMD-standard,2464.0,1463.1,59.38,True,"SYNTHETIC - generated, not a business source: utilisation curve grown in proportion to observed request volume"
2025-09-04,northeurope,AMD-standard,2464.0,1402.9,56.93,True,"SYNTHETIC - generated, not a business source: utilisation curve grown in proportion to observed request volume"
2025-09-05,northeurope,AMD-standard,2464.0,1461.7,59.32,True,"SYNTHETIC - generated, not a business source: utilisation curve grown in proportion to observed request volume"
2025-09-06,northeurope,AMD-standard,2464.0,1371.5,55.66,True,"SYNTHETIC - generated, not a business source: utilisation curve grown in proportion to observed request volume"
2025-09-07,northeurope,AMD-standard,2464.0,1310.5,53.19,True,"SYNTHETIC - generated, not a business source: utilisation curve grown in proportion to observed request volume"
2025-09-08,northeurope,AMD-standard,2464.0,1441.8,58.52,True,"SYNTHETIC - generated, not a business source: utilisation curve grown in proportion to observed request volume"
2025-09-09,northeurope,AMD-standard,2464.0,1424.7,57.82,True,"SYNTHETIC - generated, not a business source: utilisation curve grown in proportion to observed request volume"
2025-09-10,northeurope,AMD-standard,2464.0,1405.3,57.04,True,"SYNTHETIC - generated, not a business source: utilisation curve grown in proportion to observed request volume"
2025-09-11,northeurope,AMD-standard,2464.0,1419.5,57.61,True,"SYNTHETIC - generated, not a business source: utilisation curve grown in proportion to observed request volume"
2025-09-12,northeurope,AMD-standard,2464.0,1380.0,56.01,True,"SYNTHETIC - generated, not a business source: utilisation curve grown in proportion to observed request volume"
2025-09-13,northeurope,AMD-standard,2464.0,1302.7,52.87,True,"SYNTHETIC - generated, not a business source: utilisation curve grown in proportion to observed request volume"
2025-09-14,northeurope,AMD-standard,2464.0,1390.0,56.41,True,"SYNTHETIC - generated, not a business source: utilisation curve grown in proportion to observed request volume"
2025-09-15,northeurope,AMD-standard,2464.0,1394.0,56.57,True,"SYNTHETIC - generated, not a business source: utilisation curve grown in proportion to observed request volume"
2025-09-16,northeurope,AMD-standard,2464.0,1409.6,57.21,True,"SYNTHETIC - generated, not a business source: utilisation curve grown in proportion to observed request volume"
2025-09-17,northeurope,AMD-standard,2464.0,1440.7,58.47,True,"SYNTHETIC - generated, not a business source: utilisation curve grown in proportion to observed request volume"
2025-09-18,northeurope,AMD-standard,2464.0,1443.8,58.6,True,"SYNTHETIC - generated, not a business source: utilisation curve grown in proportion to observed request volume"
2025-09-19,northeurope,AMD-standard,2464.0,1422.0,57.71,True,"SYNTHETIC - generated, not a business source: utilisation curve grown in proportion to observed request volume"
2025-09-20,northeurope,AMD-standard,2464.0,1377.4,55.9,True,"SYNTHETIC - generated, not a business source: utilisation curve grown in proportion to observed request volume"
2025-09-21,northeurope,AMD-standard,2464.0,1391.4,56.47,True,"SYNTHETIC - generated, not a business source: utilisation curve grown in proportion to observed request volume"
2025-09-22,northeurope,AMD-standard,2464.0,1443.6,58.59,True,"SYNTHETIC - generated, not a business source: utilisation curve grown in proportion to observed request volume"
2025-09-23,northeurope,AMD-standard,2464.0,1473.6,59.81,True,"SYNTHETIC - generated, not a business source: utilisation curve grown in proportion to observed request volume"
2025-09-24,northeurope,AMD-standard,2464.0,1461.9,59.33,True,"SYNTHETIC - generated, not a business source: utilisation curve grown in proportion to observed request volume"
2025-09-25,northeurope,AMD-standard,2464.0,1447.7,58.76,True,"SYNTHETIC - generated, not a business source: utilisation curve grown in proportion to observed request volume"
2025-09-26,northeurope,AMD-standard,2464.0,1406.8,57.09,True,"SYNTHETIC - generated, not a business source: utilisation curve grown in proportion to observed request volume"
2025-09-27,northeurope,AMD-standard,2464.0,1410.5,57.24,True,"SYNTHETIC - generated, not a business source: utilisation curve grown in proportion to observed request volume"
2025-09-28,northeurope,AMD-standard,2464.0,1393.6,56.56,True,"SYNTHETIC - generated, not a business source: utilisation curve grown in proportion to observed request volume"
2025-09-29,northeurope,AMD-standard,2464.0,1446.9,58.72,True,"SYNTHETIC - generated, not a business source: utilisation curve grown in proportion to observed request volume"
2025-09-30,northeurope,AMD-standard,2464.0,1426.6,57.9,True,"SYNTHETIC - generated, not a business source: utilisation curve grown in proportion to observed request volume"
2025-10-01,northeurope,AMD-standard,2464.0,1425.1,57.84,True,"SYNTHETIC - generated, not a business source: utilisation curve grown in proportion to observed request volume"
2025-10-02,northeurope,AMD-standard,2464.0,1465.3,59.47,True,"SYNTHETIC - generated, not a business source: utilisation curve grown in proportion to observed request volume"
2025-10-03,northeurope,AMD-standard,2464.0,1519.5,61.67,True,"SYNTHETIC - generated, not a business source: utilisation curve grown in proportion to observed request volume"
2025-10-04,northeurope,AMD-standard,2464.0,1399.7,56.81,True,"SYNTHETIC - generated, not a business source: utilisation curve grown in proportion to observed request volume"
2025-10-05,northeurope,AMD-standard,2464.0,1382.1,56.09,True,"SYNTHETIC - generated, not a business source: utilisation curve grown in proportion to observed request volume"
2025-10-06,northeurope,AMD-standard,2464.0,1453.7,59.0,True,"SYNTHETIC - generated, not a business source: utilisation curve grown in proportion to observed request volume"
2025-10-07,northeurope,AMD-standard,2464.0,1474.6,59.85,True,"SYNTHETIC - generated, not a business source: utilisation curve grown in proportion to observed request volume"
2025-10-08,northeurope,AMD-standard,2464.0,1470.9,59.7,True,"SYNTHETIC - generated, not a business source: utilisation curve grown in proportion to observed request volume"
2025-10-09,northeurope,AMD-standard,2464.0,1479.4,60.04,True,"SYNTHETIC - generated, not a business source: utilisation curve grown in proportion to observed request volume"
2025-10-10,northeurope,AMD-standard,2464.0,1467.7,59.56,True,"SYNTHETIC - generated, not a business source: utilisation curve grown in proportion to observed request volume"
2025-10-11,northeurope,AMD-standard,2464.0,1409.8,57.22,True,"SYNTHETIC - generated, not a business source: utilisation curve grown in proportion to observed request volume"
2025-10-12,northeurope,AMD-standard,2464.0,1389.2,56.38,True,"SYNTHETIC - generated, not a business source: utilisation curve grown in proportion to observed request volume"
2025-10-13,northeurope,AMD-standard,2464.0,1475.9,59.9,True,"SYNTHETIC - generated, not a business source: utilisation curve grown in proportion to observed request volume"
2025-10-14,northeurope,AMD-standard,2464.0,1513.9,61.44,True,"SYNTHETIC - generated, not a business source: utilisation curve grown in proportion to observed request volume"
2025-10-15,northeurope,AMD-standard,2464.0,1468.3,59.59,True,"SYNTHETIC - generated, not a business source: utilisation curve grown in proportion to observed request volume"
2025-10-16,northeurope,AMD-standard,2464.0,1468.9,59.62,True,"SYNTHETIC - generated, not a business source: utilisation curve grown in proportion to observed request volume"
2025-10-17,northeurope,AMD-standard,2464.0,1546.7,62.77,True,"SYNTHETIC - generated, not a business source: utilisation curve grown in proportion to observed request volume"
2025-10-18,northeurope,AMD-standard,2464.0,1415.9,57.46,True,"SYNTHETIC - generated, not a business source: utilisation curve grown in proportion to observed request volume"
2025-10-19,northeurope,AMD-standard,2464.0,1398.5,56.76,True,"SYNTHETIC - generated, not a business source: utilisation curve grown in proportion to observed request volume"
2025-10-20,northeurope,AMD-standard,2464.0,1482.2,60.16,True,"SYNTHETIC - generated, not a business source: utilisation curve grown in proportion to observed request volume"
2025-10-21,northeurope,AMD-standard,2464.0,1526.1,61.93,True,"SYNTHETIC - generated, not a business source: utilisation curve grown in proportion to observed request volume"
2025-10-22,northeurope,AMD-standard,2464.0,1516.3,61.54,True,"SYNTHETIC - generated, not a business source: utilisation curve grown in proportion to observed request volume"
2025-10-23,northeurope,AMD-standard,2464.0,1501.9,60.95,True,"SYNTHETIC - generated, not a business source: utilisation curve grown in proportion to observed request volume"
2025-10-24,northeurope,AMD-standard,2464.0,1507.6,61.18,True,"SYNTHETIC - generated, not a business source: utilisation curve grown in proportion to observed request volume"
2025-10-25,northeurope,AMD-standard,2464.0,1428.7,57.98,True,"SYNTHETIC - generated, not a business source: utilisation curve grown in proportion to observed request volume"
2025-10-26,northeurope,AMD-standard,2464.0,1424.1,57.8,True,"SYNTHETIC - generated, not a business source: utilisation curve grown in proportion to observed request volume"
2025-10-27,northeurope,AMD-standard,2464.0,1542.7,62.61,True,"SYNTHETIC - generated, not a business source: utilisation curve grown in proportion to observed request volume"
2025-10-28,northeurope,AMD-standard,2464.0,1502.7,60.99,True,"SYNTHETIC - generated, not a business source: utilisation curve grown in proportion to observed request volume"
2025-10-29,northeurope,AMD-standard,2464.0,1542.8,62.61,True,"SYNTHETIC - generated, not a business source: utilisation curve grown in proportion to observed request volume"
2025-10-30,northeurope,AMD-standard,2464.0,1562.9,63.43,True,"SYNTHETIC - generated, not a business source: utilisation curve grown in proportion to observed request volume"
2025-10-31,northeurope,AMD-standard,2464.0,1531.6,62.16,True,"SYNTHETIC - generated, not a business source: utilisation curve grown in proportion to observed request volume"
2025-11-01,northeurope,AMD-standard,2464.0,1445.8,58.68,True,"SYNTHETIC - generated, not a business source: utilisation curve grown in proportion to observed request volume"
2025-11-02,northeurope,AMD-standard,2464.0,1417.4,57.52,True,"SYNTHETIC - generated, not a business source: utilisation curve grown in proportion to observed request volume"
2025-11-03,northeurope,AMD-standard,2464.0,1511.1,61.33,True,"SYNTHETIC - generated, not a business source: utilisation curve grown in proportion to observed request volume"
2025-11-04,northeurope,AMD-standard,2464.0,1542.8,62.61,True,"SYNTHETIC - generated, not a business source: utilisation curve grown in proportion to observed request volume"
2025-11-05,northeurope,AMD-standard,2464.0,1508.0,61.2,True,"SYNTHETIC - generated, not a business source: utilisation curve grown in proportion to observed request volume"
2025-11-06,northeurope,AMD-standard,2464.0,1574.5,63.9,True,"SYNTHETIC - generated, not a business source: utilisation curve grown in proportion to observed request volume"
2025-11-07,northeurope,AMD-standard,2464.0,1574.8,63.91,True,"SYNTHETIC - generated, not a business source: utilisation curve grown in proportion to observed request volume"
2025-11-08,northeurope,AMD-standard,2464.0,1461.5,59.31,True,"SYNTHETIC - generated, not a business source: utilisation curve grown in proportion to observed request volume"
2025-11-09,northeurope,AMD-standard,2464.0,1475.1,59.87,True,"SYNTHETIC - generated, not a business source: utilisation curve grown in proportion to observed request volume"
2025-11-10,northeurope,AMD-standard,2464.0,1593.4,64.67,True,"SYNTHETIC - generated, not a business source: utilisation curve grown in proportion to observed request volume"
2025-11-11,northeurope,AMD-standard,2464.0,1518.3,61.62,True,"SYNTHETIC - generated, not a business source: utilisation curve grown in proportion to observed request volume"
2025-11-12,northeurope,AMD-standard,2464.0,1530.7,62.12,True,"SYNTHETIC - generated, not a business source: utilisation curve grown in proportion to observed request volume"
2025-11-13,northeurope,AMD-standard,2464.0,1544.2,62.67,True,"SYNTHETIC - generated, not a business source: utilisation curve grown in proportion to observed request volume"
2025-11-14,northeurope,AMD-standard,2464.0,1571.7,63.79,True,"SYNTHETIC - generated, not a business source: utilisation curve grown in proportion to observed request volume"
2025-11-15,northeurope,AMD-standard,2464.0,1421.8,57.7,True,"SYNTHETIC - generated, not a business source: utilisation curve grown in proportion to observed request volume"
2025-11-16,northeurope,AMD-standard,2464.0,1553.3,63.04,True,"SYNTHETIC - generated, not a business source: utilisation curve grown in proportion to observed request volume"
2025-11-17,northeurope,AMD-standard,2464.0,1538.9,62.45,True,"SYNTHETIC - generated, not a business source: utilisation curve grown in proportion to observed request volume"
2025-11-18,northeurope,AMD-standard,2464.0,1562.7,63.42,True,"SYNTHETIC - generated, not a business source: utilisation curve grown in proportion to observed request volume"
2025-11-19,northeurope,AMD-standard,2464.0,1563.8,63.46,True,"SYNTHETIC - generated, not a business source: utilisation curve grown in proportion to observed request volume"
2025-11-20,northeurope,AMD-standard,2464.0,1594.0,64.69,True,"SYNTHETIC - generated, not a business source: utilisation curve grown in proportion to observed request volume"
2025-11-21,northeurope,AMD-standard,2464.0,1549.7,62.89,True,"SYNTHETIC - generated, not a business source: utilisation curve grown in proportion to observed request volume"
2025-11-22,northeurope,AMD-standard,2464.0,1561.9,63.39,True,"SYNTHETIC - generated, not a business source: utilisation curve grown in proportion to observed request volume"
2025-11-23,northeurope,AMD-standard,2464.0,1503.3,61.01,True,"SYNTHETIC - generated, not a business source: utilisation curve grown in proportion to observed request volume"
2025-11-24,northeurope,AMD-standard,2464.0,1568.9,63.67,True,"SYNTHETIC - generated, not a business source: utilisation curve grown in proportion to observed request volume"
2025-11-25,northeurope,AMD-standard,2464.0,1543.9,62.66,True,"SYNTHETIC - generated, not a business source: utilisation curve grown in proportion to observed request volume"
2025-11-26,northeurope,AMD-standard,2464.0,1545.0,62.7,True,"SYNTHETIC - generated, not a business source: utilisation curve grown in proportion to observed request volume"
2025-11-27,northeurope,AMD-standard,2464.0,1588.9,64.49,True,"SYNTHETIC - generated, not a business source: utilisation curve grown in proportion to observed request volume"
2025-11-28,northeurope,AMD-standard,2464.0,1571.2,63.77,True,"SYNTHETIC - generated, not a business source: utilisation curve grown in proportion to observed request volume"
2025-11-29,northeurope,AMD-standard,2464.0,1518.5,61.63,True,"SYNTHETIC - generated, not a business source: utilisation curve grown in proportion to observed request volume"
2025-11-30,northeurope,AMD-standard,2464.0,1497.3,60.77,True,"SYNTHETIC - generated, not a business source: utilisation curve grown in proportion to observed request volume"
2025-12-01,northeurope,AMD-standard,2464.0,1618.6,65.69,True,"SYNTHETIC - generated, not a business source: utilisation curve grown in proportion to observed request volume"
2025-12-02,northeurope,AMD-standard,2464.0,1596.6,64.8,True,"SYNTHETIC - generated, not a business source: utilisation curve grown in proportion to observed request volume"
2025-12-03,northeurope,AMD-standard,2464.0,1603.7,65.09,True,"SYNTHETIC - generated, not a business source: utilisation curve grown in proportion to observed request volume"
2025-12-04,northeurope,AMD-standard,2464.0,1597.8,64.85,True,"SYNTHETIC - generated, not a business source: utilisation curve grown in proportion to observed request volume"
2025-12-05,northeurope,AMD-standard,2464.0,1645.8,66.8,True,"SYNTHETIC - generated, not a business source: utilisation curve grown in proportion to observed request volume"
2025-12-06,northeurope,AMD-standard,2464.0,1570.5,63.74,True,"SYNTHETIC - generated, not a business source: utilisation curve grown in proportion to observed request volume"
2025-12-07,northeurope,AMD-standard,2464.0,1594.0,64.69,True,"SYNTHETIC - generated, not a business source: utilisation curve grown in proportion to observed request volume"
2025-12-08,northeurope,AMD-standard,2464.0,1604.2,65.11,True,"SYNTHETIC - generated, not a business source: utilisation curve grown in proportion to observed request volume"
2025-12-09,northeurope,AMD-standard,2464.0,1559.6,63.3,True,"SYNTHETIC - generated, not a business source: utilisation curve grown in proportion to observed request volume"
2025-12-10,northeurope,AMD-standard,2464.0,1633.1,66.28,True,"SYNTHETIC - generated, not a business source: utilisation curve grown in proportion to observed request volume"
2025-12-11,northeurope,AMD-standard,2464.0,1617.0,65.63,True,"SYNTHETIC - generated, not a business source: utilisation curve grown in proportion to observed request volume"
2025-12-12,northeurope,AMD-standard,2464.0,1622.1,65.83,True,"SYNTHETIC - generated, not a business source: utilisation curve grown in proportion to observed request volume"
2025-12-13,northeurope,AMD-standard,2464.0,1571.8,63.79,True,"SYNTHETIC - generated, not a business source: utilisation curve grown in proportion to observed request volume"
2025-12-14,northeurope,AMD-standard,2464.0,1598.4,64.87,True,"SYNTHETIC - generated, not a business source: utilisation curve grown in proportion to observed request volume"
2025-12-15,northeurope,AMD-standard,2464.0,1605.7,65.16,True,"SYNTHETIC - generated, not a business source: utilisation curve grown in proportion to observed request volume"
2025-12-16,northeurope,AMD-standard,2464.0,1612.9,65.46,True,"SYNTHETIC - generated, not a business source: utilisation curve grown in proportion to observed request volume"
2025-12-17,northeurope,AMD-standard,2464.0,1688.2,68.52,True,"SYNTHETIC - generated, not a business source: utilisation curve grown in proportion to observed request volume"
2025-12-18,northeurope,AMD-standard,2464.0,1591.3,64.58,True,"SYNTHETIC - generated, not a business source: utilisation curve grown in proportion to observed request volume"
2025-12-19,northeurope,AMD-standard,2464.0,1628.9,66.11,True,"SYNTHETIC - generated, not a business source: utilisation curve grown in proportion to observed request volume"
2025-12-20,northeurope,AMD-standard,2464.0,1564.5,63.49,True,"SYNTHETIC - generated, not a business source: utilisation curve grown in proportion to observed request volume"
2025-12-21,northeurope,AMD-standard,2464.0,1582.4,64.22,True,"SYNTHETIC - generated, not a business source: utilisation curve grown in proportion to observed request volume"
2025-12-22,northeurope,AMD-standard,2464.0,1598.3,64.86,True,"SYNTHETIC - generated, not a business source: utilisation curve grown in proportion to observed request volume"
2025-12-23,northeurope,AMD-standard,2464.0,1598.3,64.87,True,"SYNTHETIC - generated, not a business source: utilisation curve grown in proportion to observed request volume"
2025-12-24,northeurope,AMD-standard,2464.0,1649.8,66.96,True,"SYNTHETIC - generated, not a business source: utilisation curve grown in proportion to observed request volume"
2025-12-25,northeurope,AMD-standard,2464.0,1689.7,68.57,True,"SYNTHETIC - generated, not a business source: utilisation curve grown in proportion to observed request volume"
2025-12-26,northeurope,AMD-standard,2464.0,1647.0,66.84,True,"SYNTHETIC - generated, not a business source: utilisation curve grown in proportion to observed request volume"
2025-12-27,northeurope,AMD-standard,2464.0,1616.0,65.58,True,"SYNTHETIC - generated, not a business source: utilisation curve grown in proportion to observed request volume"
2025-12-28,northeurope,AMD-standard,2464.0,1575.0,63.92,True,"SYNTHETIC - generated, not a business source: utilisation curve grown in proportion to observed request volume"
2025-12-29,northeurope,AMD-standard,2464.0,1685.5,68.41,True,"SYNTHETIC - generated, not a business source: utilisation curve grown in proportion to observed request volume"
2025-12-30,northeurope,AMD-standard,2464.0,1637.6,66.46,True,"SYNTHETIC - generated, not a business source: utilisation curve grown in proportion to observed request volume"
2025-12-31,northeurope,AMD-standard,2464.0,1669.5,67.76,True,"SYNTHETIC - generated, not a business source: utilisation curve grown in proportion to observed request volume"
2026-01-01,northeurope,AMD-standard,2464.0,1657.4,67.26,True,"SYNTHETIC - generated, not a business source: utilisation curve grown in proportion to observed request volume"
2026-01-02,northeurope,AMD-standard,2464.0,1650.6,66.99,True,"SYNTHETIC - generated, not a business source: utilisation curve grown in proportion to observed request volume"
2026-01-03,northeurope,AMD-standard,2464.0,1558.4,63.25,True,"SYNTHETIC - generated, not a business source: utilisation curve grown in proportion to observed request volume"
2026-01-04,northeurope,AMD-standard,2464.0,1624.7,65.94,True,"SYNTHETIC - generated, not a business source: utilisation curve grown in proportion to observed request volume"
2026-01-05,northeurope,AMD-standard,2464.0,1667.9,67.69,True,"SYNTHETIC - generated, not a business source: utilisation curve grown in proportion to observed request volume"
2026-01-06,northeurope,AMD-standard,2464.0,1700.2,69.0,True,"SYNTHETIC - generated, not a business source: utilisation curve grown in proportion to observed request volume"
2026-01-07,northeurope,AMD-standard,2464.0,1653.4,67.1,True,"SYNTHETIC - generated, not a business source: utilisation curve grown in proportion to observed request volume"
2026-01-08,northeurope,AMD-standard,2464.0,1648.1,66.89,True,"SYNTHETIC - generated, not a business source: utilisation curve grown in proportion to observed request volume"
2026-01-09,northeurope,AMD-standard,2464.0,1673.3,67.91,True,"SYNTHETIC - generated, not a business source: utilisation curve grown in proportion to observed request volume"
2026-01-10,northeurope,AMD-standard,2464.0,1637.7,66.47,True,"SYNTHETIC - generated, not a business source: utilisation curve grown in proportion to observed request volume"
2026-01-11,northeurope,AMD-standard,2464.0,1603.9,65.09,True,"SYNTHETIC - generated, not a business source: utilisation curve grown in proportion to observed request volume"
2026-01-12,northeurope,AMD-standard,2464.0,1691.5,68.65,True,"SYNTHETIC - generated, not a business source: utilisation curve grown in proportion to observed request volume"
2026-01-13,northeurope,AMD-standard,2464.0,1680.5,68.2,True,"SYNTHETIC - generated, not a business source: utilisation curve grown in proportion to observed request volume"
2026-01-14,northeurope,AMD-standard,2464.0,1656.0,67.21,True,"SYNTHETIC - generated, not a business source: utilisation curve grown in proportion to observed request volume"
2026-01-15,northeurope,AMD-standard,2464.0,1696.4,68.85,True,"SYNTHETIC - generated, not a business source: utilisation curve grown in proportion to observed request volume"
2026-01-16,northeurope,AMD-standard,2464.0,1702.4,69.09,True,"SYNTHETIC - generated, not a business source: utilisation curve grown in proportion to observed request volume"
2026-01-17,northeurope,AMD-standard,2464.0,1631.4,66.21,True,"SYNTHETIC - generated, not a business source: utilisation curve grown in proportion to observed request volume"
2026-01-18,northeurope,AMD-standard,2464.0,1624.6,65.93,True,"SYNTHETIC - generated, not a business source: utilisation curve grown in proportion to observed request volume"
2026-01-19,northeurope,AMD-standard,2464.0,1711.6,69.46,True,"SYNTHETIC - generated, not a business source: utilisation curve grown in proportion to observed request volume"
2026-01-20,northeurope,AMD-standard,2464.0,1709.4,69.37,True,"SYNTHETIC - generated, not a business source: utilisation curve grown in proportion to observed request volume"
2026-01-21,northeurope,AMD-standard,2464.0,1737.3,70.51,True,"SYNTHETIC - generated, not a business source: utilisation curve grown in proportion to observed request volume"
2026-01-22,northeurope,AMD-standard,2464.0,1715.1,69.61,True,"SYNTHETIC - generated, not a business source: utilisation curve grown in proportion to observed request volume"
2026-01-23,northeurope,AMD-standard,2464.0,1772.0,71.91,True,"SYNTHETIC - generated, not a business source: utilisation curve grown in proportion to observed request volume"
2026-01-24,northeurope,AMD-standard,2464.0,1583.0,64.25,True,"SYNTHETIC - generated, not a business source: utilisation curve grown in proportion to observed request volume"
2026-01-25,northeurope,AMD-standard,2464.0,1631.2,66.2,True,"SYNTHETIC - generated, not a business source: utilisation curve grown in proportion to observed request volume"
2026-01-26,northeurope,AMD-standard,2464.0,1722.7,69.91,True,"SYNTHETIC - generated, not a business source: utilisation curve grown in proportion to observed request volume"
2026-01-27,northeurope,AMD-standard,2464.0,1717.9,69.72,True,"SYNTHETIC - generated, not a business source: utilisation curve grown in proportion to observed request volume"
2026-01-28,northeurope,AMD-standard,2464.0,1698.4,68.93,True,"SYNTHETIC - generated, not a business source: utilisation curve grown in proportion to observed request volume"
