WorkspaceId,WorkspaceName,CapacityId,Region,PrimaryWorkload,ShareOfCapacityPct,IsSynthetic,Provenance
southcentralus-dc01-cap01-ws01,Ops-Telemetry,southcentralus-dc01-cap01,southcentralus,Real-Time Intelligence,94.6,True,"SYNTHETIC - generated, not a business source: workspace assignment and consumption share invented; capacities and the SKU ladder are real"
southcentralus-dc01-cap01-ws02,Marketing-Analytics,southcentralus-dc01-cap01,southcentralus,Data Science,4.7,True,"SYNTHETIC - generated, not a business source: workspace assignment and consumption share invented; capacities and the SKU ladder are real"
southcentralus-dc01-cap01-ws03,Field-Ops,southcentralus-dc01-cap01,southcentralus,Real-Time Intelligence,0.7,True,"SYNTHETIC - generated, not a business source: workspace assignment and consumption share invented; capacities and the SKU ladder are real"
southcentralus-dc01-cap02-ws01,Finance-Reporting,southcentralus-dc01-cap02,southcentralus,Data Warehouse,15.4,True,"SYNTHETIC - generated, not a business source: workspace assignment and consumption share invented; capacities and the SKU ladder are real"
southcentralus-dc01-cap02-ws02,Sales-BI,southcentralus-dc01-cap02,southcentralus,Data Warehouse,84.6,True,"SYNTHETIC - generated, not a business source: workspace assignment and consumption share invented; capacities and the SKU ladder are real"
southcentralus-dc01-cap03-ws01,Pricing,southcentralus-dc01-cap03,southcentralus,Data Warehouse,13.9,True,"SYNTHETIC - generated, not a business source: workspace assignment and consumption share invented; capacities and the SKU ladder are real"
southcentralus-dc01-cap03-ws02,Marketing-Analytics,southcentralus-dc01-cap03,southcentralus,Data Warehouse,86.1,True,"SYNTHETIC - generated, not a business source: workspace assignment and consumption share invented; capacities and the SKU ladder are real"
southcentralus-dc01-cap04-ws01,Marketing-Analytics,southcentralus-dc01-cap04,southcentralus,Data Engineering,80.7,True,"SYNTHETIC - generated, not a business source: workspace assignment and consumption share invented; capacities and the SKU ladder are real"
southcentralus-dc01-cap04-ws02,Customer-360,southcentralus-dc01-cap04,southcentralus,Data Factory,19.3,True,"SYNTHETIC - generated, not a business source: workspace assignment and consumption share invented; capacities and the SKU ladder are real"
southcentralus-dc02-cap01-ws01,Product-Analytics,southcentralus-dc02-cap01,southcentralus,Data Science,29.9,True,"SYNTHETIC - generated, not a business source: workspace assignment and consumption share invented; capacities and the SKU ladder are real"
southcentralus-dc02-cap01-ws02,Exec-Dashboards,southcentralus-dc02-cap01,southcentralus,Data Warehouse,24.6,True,"SYNTHETIC - generated, not a business source: workspace assignment and consumption share invented; capacities and the SKU ladder are real"
southcentralus-dc02-cap01-ws03,Field-Ops,southcentralus-dc02-cap01,southcentralus,Data Science,45.5,True,"SYNTHETIC - generated, not a business source: workspace assignment and consumption share invented; capacities and the SKU ladder are real"
southcentralus-dc03-cap01-ws01,Supply-Chain,southcentralus-dc03-cap01,southcentralus,Data Factory,9.8,True,"SYNTHETIC - generated, not a business source: workspace assignment and consumption share invented; capacities and the SKU ladder are real"
southcentralus-dc03-cap01-ws02,Marketing-Analytics,southcentralus-dc03-cap01,southcentralus,Data Factory,46.4,True,"SYNTHETIC - generated, not a business source: workspace assignment and consumption share invented; capacities and the SKU ladder are real"
southcentralus-dc03-cap01-ws03,Supply-Chain,southcentralus-dc03-cap01,southcentralus,Data Science,43.8,True,"SYNTHETIC - generated, not a business source: workspace assignment and consumption share invented; capacities and the SKU ladder are real"
southcentralus-dc03-cap02-ws01,Risk-Models,southcentralus-dc03-cap02,southcentralus,Data Engineering,62.5,True,"SYNTHETIC - generated, not a business source: workspace assignment and consumption share invented; capacities and the SKU ladder are real"
southcentralus-dc03-cap02-ws02,Supply-Chain,southcentralus-dc03-cap02,southcentralus,Data Factory,37.5,True,"SYNTHETIC - generated, not a business source: workspace assignment and consumption share invented; capacities and the SKU ladder are real"
southcentralus-dc03-cap03-ws01,Customer-360,southcentralus-dc03-cap03,southcentralus,Data Factory,65.1,True,"SYNTHETIC - generated, not a business source: workspace assignment and consumption share invented; capacities and the SKU ladder are real"
southcentralus-dc03-cap03-ws02,Sales-BI,southcentralus-dc03-cap03,southcentralus,Data Science,34.9,True,"SYNTHETIC - generated, not a business source: workspace assignment and consumption share invented; capacities and the SKU ladder are real"
southcentralus-dc04-cap01-ws01,Finance-Reporting,southcentralus-dc04-cap01,southcentralus,Data Factory,2.9,True,"SYNTHETIC - generated, not a business source: workspace assignment and consumption share invented; capacities and the SKU ladder are real"
southcentralus-dc04-cap01-ws02,Data-Platform,southcentralus-dc04-cap01,southcentralus,Real-Time Intelligence,55.1,True,"SYNTHETIC - generated, not a business source: workspace assignment and consumption share invented; capacities and the SKU ladder are real"
southcentralus-dc04-cap01-ws03,Risk-Models,southcentralus-dc04-cap01,southcentralus,Data Engineering,36.4,True,"SYNTHETIC - generated, not a business source: workspace assignment and consumption share invented; capacities and the SKU ladder are real"
southcentralus-dc04-cap01-ws04,Field-Ops,southcentralus-dc04-cap01,southcentralus,Data Warehouse,3.3,True,"SYNTHETIC - generated, not a business source: workspace assignment and consumption share invented; capacities and the SKU ladder are real"
southcentralus-dc04-cap01-ws05,Ops-Telemetry,southcentralus-dc04-cap01,southcentralus,Data Engineering,2.3,True,"SYNTHETIC - generated, not a business source: workspace assignment and consumption share invented; capacities and the SKU ladder are real"
southcentralus-dc04-cap02-ws01,Field-Ops,southcentralus-dc04-cap02,southcentralus,Data Factory,100.0,True,"SYNTHETIC - generated, not a business source: workspace assignment and consumption share invented; capacities and the SKU ladder are real"
southcentralus-dc05-cap01-ws01,Data-Platform,southcentralus-dc05-cap01,southcentralus,Real-Time Intelligence,12.4,True,"SYNTHETIC - generated, not a business source: workspace assignment and consumption share invented; capacities and the SKU ladder are real"
southcentralus-dc05-cap01-ws02,Field-Ops,southcentralus-dc05-cap01,southcentralus,Real-Time Intelligence,0.7,True,"SYNTHETIC - generated, not a business source: workspace assignment and consumption share invented; capacities and the SKU ladder are real"
southcentralus-dc05-cap01-ws03,Sales-BI,southcentralus-dc05-cap01,southcentralus,Data Factory,19.8,True,"SYNTHETIC - generated, not a business source: workspace assignment and consumption share invented; capacities and the SKU ladder are real"
southcentralus-dc05-cap01-ws04,Finance-Reporting,southcentralus-dc05-cap01,southcentralus,Data Warehouse,40.7,True,"SYNTHETIC - generated, not a business source: workspace assignment and consumption share invented; capacities and the SKU ladder are real"
southcentralus-dc05-cap01-ws05,Data-Platform,southcentralus-dc05-cap01,southcentralus,Data Science,26.4,True,"SYNTHETIC - generated, not a business source: workspace assignment and consumption share invented; capacities and the SKU ladder are real"
southcentralus-dc05-cap02-ws01,Data-Platform,southcentralus-dc05-cap02,southcentralus,Data Warehouse,100.0,True,"SYNTHETIC - generated, not a business source: workspace assignment and consumption share invented; capacities and the SKU ladder are real"
southcentralus-dc06-cap01-ws01,Finance-Reporting,southcentralus-dc06-cap01,southcentralus,Data Engineering,45.0,True,"SYNTHETIC - generated, not a business source: workspace assignment and consumption share invented; capacities and the SKU ladder are real"
southcentralus-dc06-cap01-ws02,Product-Analytics,southcentralus-dc06-cap01,southcentralus,Data Warehouse,4.7,True,"SYNTHETIC - generated, not a business source: workspace assignment and consumption share invented; capacities and the SKU ladder are real"
southcentralus-dc06-cap01-ws03,Sales-BI,southcentralus-dc06-cap01,southcentralus,Real-Time Intelligence,48.2,True,"SYNTHETIC - generated, not a business source: workspace assignment and consumption share invented; capacities and the SKU ladder are real"
southcentralus-dc06-cap01-ws04,Marketing-Analytics,southcentralus-dc06-cap01,southcentralus,Data Engineering,2.1,True,"SYNTHETIC - generated, not a business source: workspace assignment and consumption share invented; capacities and the SKU ladder are real"
southcentralus-dc06-cap02-ws01,Risk-Models,southcentralus-dc06-cap02,southcentralus,Data Engineering,31.9,True,"SYNTHETIC - generated, not a business source: workspace assignment and consumption share invented; capacities and the SKU ladder are real"
southcentralus-dc06-cap02-ws02,Product-Analytics,southcentralus-dc06-cap02,southcentralus,Data Factory,33.3,True,"SYNTHETIC - generated, not a business source: workspace assignment and consumption share invented; capacities and the SKU ladder are real"
southcentralus-dc06-cap02-ws03,Marketing-Analytics,southcentralus-dc06-cap02,southcentralus,Real-Time Intelligence,34.9,True,"SYNTHETIC - generated, not a business source: workspace assignment and consumption share invented; capacities and the SKU ladder are real"
southcentralus-dc07-cap01-ws01,Product-Analytics,southcentralus-dc07-cap01,southcentralus,Data Science,83.3,True,"SYNTHETIC - generated, not a business source: workspace assignment and consumption share invented; capacities and the SKU ladder are real"
southcentralus-dc07-cap01-ws02,Data-Platform,southcentralus-dc07-cap01,southcentralus,Power BI,16.7,True,"SYNTHETIC - generated, not a business source: workspace assignment and consumption share invented; capacities and the SKU ladder are real"
southcentralus-dc07-cap02-ws01,Supply-Chain,southcentralus-dc07-cap02,southcentralus,Data Warehouse,77.6,True,"SYNTHETIC - generated, not a business source: workspace assignment and consumption share invented; capacities and the SKU ladder are real"
southcentralus-dc07-cap02-ws02,Product-Analytics,southcentralus-dc07-cap02,southcentralus,Real-Time Intelligence,22.4,True,"SYNTHETIC - generated, not a business source: workspace assignment and consumption share invented; capacities and the SKU ladder are real"
southcentralus-dc07-cap03-ws01,Pricing,southcentralus-dc07-cap03,southcentralus,Real-Time Intelligence,100.0,True,"SYNTHETIC - generated, not a business source: workspace assignment and consumption share invented; capacities and the SKU ladder are real"
southcentralus-dc08-cap01-ws01,Ops-Telemetry,southcentralus-dc08-cap01,southcentralus,Power BI,29.9,True,"SYNTHETIC - generated, not a business source: workspace assignment and consumption share invented; capacities and the SKU ladder are real"
southcentralus-dc08-cap01-ws02,Exec-Dashboards,southcentralus-dc08-cap01,southcentralus,Data Engineering,66.3,True,"SYNTHETIC - generated, not a business source: workspace assignment and consumption share invented; capacities and the SKU ladder are real"
southcentralus-dc08-cap01-ws03,Risk-Models,southcentralus-dc08-cap01,southcentralus,Power BI,3.8,True,"SYNTHETIC - generated, not a business source: workspace assignment and consumption share invented; capacities and the SKU ladder are real"
southcentralus-dc08-cap02-ws01,Field-Ops,southcentralus-dc08-cap02,southcentralus,Real-Time Intelligence,100.0,True,"SYNTHETIC - generated, not a business source: workspace assignment and consumption share invented; capacities and the SKU ladder are real"
southcentralus-dc08-cap03-ws01,Product-Analytics,southcentralus-dc08-cap03,southcentralus,Real-Time Intelligence,100.0,True,"SYNTHETIC - generated, not a business source: workspace assignment and consumption share invented; capacities and the SKU ladder are real"
southcentralus-dc09-cap01-ws01,Product-Analytics,southcentralus-dc09-cap01,southcentralus,Data Warehouse,81.2,True,"SYNTHETIC - generated, not a business source: workspace assignment and consumption share invented; capacities and the SKU ladder are real"
southcentralus-dc09-cap01-ws02,Exec-Dashboards,southcentralus-dc09-cap01,southcentralus,Data Science,14.0,True,"SYNTHETIC - generated, not a business source: workspace assignment and consumption share invented; capacities and the SKU ladder are real"
southcentralus-dc09-cap01-ws03,Finance-Reporting,southcentralus-dc09-cap01,southcentralus,Data Engineering,1.0,True,"SYNTHETIC - generated, not a business source: workspace assignment and consumption share invented; capacities and the SKU ladder are real"
southcentralus-dc09-cap01-ws04,Sales-BI,southcentralus-dc09-cap01,southcentralus,Data Science,3.8,True,"SYNTHETIC - generated, not a business source: workspace assignment and consumption share invented; capacities and the SKU ladder are real"
southcentralus-dc09-cap02-ws01,Customer-360,southcentralus-dc09-cap02,southcentralus,Power BI,70.6,True,"SYNTHETIC - generated, not a business source: workspace assignment and consumption share invented; capacities and the SKU ladder are real"
southcentralus-dc09-cap02-ws02,Supply-Chain,southcentralus-dc09-cap02,southcentralus,Data Warehouse,9.9,True,"SYNTHETIC - generated, not a business source: workspace assignment and consumption share invented; capacities and the SKU ladder are real"
southcentralus-dc09-cap02-ws03,Ops-Telemetry,southcentralus-dc09-cap02,southcentralus,Data Science,19.5,True,"SYNTHETIC - generated, not a business source: workspace assignment and consumption share invented; capacities and the SKU ladder are real"
southcentralus-dc09-cap03-ws01,Marketing-Analytics,southcentralus-dc09-cap03,southcentralus,Power BI,48.9,True,"SYNTHETIC - generated, not a business source: workspace assignment and consumption share invented; capacities and the SKU ladder are real"
southcentralus-dc09-cap03-ws02,Sales-BI,southcentralus-dc09-cap03,southcentralus,Data Engineering,51.1,True,"SYNTHETIC - generated, not a business source: workspace assignment and consumption share invented; capacities and the SKU ladder are real"
southcentralus-dc10-cap01-ws01,Supply-Chain,southcentralus-dc10-cap01,southcentralus,Data Warehouse,69.3,True,"SYNTHETIC - generated, not a business source: workspace assignment and consumption share invented; capacities and the SKU ladder are real"
southcentralus-dc10-cap01-ws02,Product-Analytics,southcentralus-dc10-cap01,southcentralus,Data Factory,15.4,True,"SYNTHETIC - generated, not a business source: workspace assignment and consumption share invented; capacities and the SKU ladder are real"
southcentralus-dc10-cap01-ws03,Field-Ops,southcentralus-dc10-cap01,southcentralus,Data Warehouse,15.3,True,"SYNTHETIC - generated, not a business source: workspace assignment and consumption share invented; capacities and the SKU ladder are real"
southcentralus-dc10-cap02-ws01,Customer-360,southcentralus-dc10-cap02,southcentralus,Data Engineering,46.6,True,"SYNTHETIC - generated, not a business source: workspace assignment and consumption share invented; capacities and the SKU ladder are real"
southcentralus-dc10-cap02-ws02,Customer-360,southcentralus-dc10-cap02,southcentralus,Data Warehouse,10.9,True,"SYNTHETIC - generated, not a business source: workspace assignment and consumption share invented; capacities and the SKU ladder are real"
southcentralus-dc10-cap02-ws03,Data-Platform,southcentralus-dc10-cap02,southcentralus,Data Factory,42.4,True,"SYNTHETIC - generated, not a business source: workspace assignment and consumption share invented; capacities and the SKU ladder are real"
southcentralus-dc10-cap03-ws01,Product-Analytics,southcentralus-dc10-cap03,southcentralus,Data Warehouse,100.0,True,"SYNTHETIC - generated, not a business source: workspace assignment and consumption share invented; capacities and the SKU ladder are real"
southcentralus-dc10-cap04-ws01,Field-Ops,southcentralus-dc10-cap04,southcentralus,Data Engineering,38.6,True,"SYNTHETIC - generated, not a business source: workspace assignment and consumption share invented; capacities and the SKU ladder are real"
southcentralus-dc10-cap04-ws02,Field-Ops,southcentralus-dc10-cap04,southcentralus,Real-Time Intelligence,61.4,True,"SYNTHETIC - generated, not a business source: workspace assignment and consumption share invented; capacities and the SKU ladder are real"
centralindia-dc01-cap01-ws01,Finance-Reporting,centralindia-dc01-cap01,centralindia,Power BI,5.8,True,"SYNTHETIC - generated, not a business source: workspace assignment and consumption share invented; capacities and the SKU ladder are real"
centralindia-dc01-cap01-ws02,Supply-Chain,centralindia-dc01-cap01,centralindia,Data Science,59.1,True,"SYNTHETIC - generated, not a business source: workspace assignment and consumption share invented; capacities and the SKU ladder are real"
centralindia-dc01-cap01-ws03,Marketing-Analytics,centralindia-dc01-cap01,centralindia,Data Science,35.1,True,"SYNTHETIC - generated, not a business source: workspace assignment and consumption share invented; capacities and the SKU ladder are real"
centralindia-dc01-cap02-ws01,Customer-360,centralindia-dc01-cap02,centralindia,Data Warehouse,74.2,True,"SYNTHETIC - generated, not a business source: workspace assignment and consumption share invented; capacities and the SKU ladder are real"
centralindia-dc01-cap02-ws02,Risk-Models,centralindia-dc01-cap02,centralindia,Power BI,25.6,True,"SYNTHETIC - generated, not a business source: workspace assignment and consumption share invented; capacities and the SKU ladder are real"
centralindia-dc01-cap02-ws03,Sales-BI,centralindia-dc01-cap02,centralindia,Power BI,0.2,True,"SYNTHETIC - generated, not a business source: workspace assignment and consumption share invented; capacities and the SKU ladder are real"
centralindia-dc01-cap03-ws01,Pricing,centralindia-dc01-cap03,centralindia,Data Warehouse,37.0,True,"SYNTHETIC - generated, not a business source: workspace assignment and consumption share invented; capacities and the SKU ladder are real"
centralindia-dc01-cap03-ws02,Product-Analytics,centralindia-dc01-cap03,centralindia,Power BI,63.0,True,"SYNTHETIC - generated, not a business source: workspace assignment and consumption share invented; capacities and the SKU ladder are real"
centralindia-dc02-cap01-ws01,Supply-Chain,centralindia-dc02-cap01,centralindia,Data Warehouse,25.8,True,"SYNTHETIC - generated, not a business source: workspace assignment and consumption share invented; capacities and the SKU ladder are real"
centralindia-dc02-cap01-ws02,Customer-360,centralindia-dc02-cap01,centralindia,Data Science,51.9,True,"SYNTHETIC - generated, not a business source: workspace assignment and consumption share invented; capacities and the SKU ladder are real"
centralindia-dc02-cap01-ws03,Ops-Telemetry,centralindia-dc02-cap01,centralindia,Real-Time Intelligence,22.3,True,"SYNTHETIC - generated, not a business source: workspace assignment and consumption share invented; capacities and the SKU ladder are real"
centralindia-dc02-cap02-ws01,Pricing,centralindia-dc02-cap02,centralindia,Power BI,77.5,True,"SYNTHETIC - generated, not a business source: workspace assignment and consumption share invented; capacities and the SKU ladder are real"
centralindia-dc02-cap02-ws02,Exec-Dashboards,centralindia-dc02-cap02,centralindia,Data Engineering,22.5,True,"SYNTHETIC - generated, not a business source: workspace assignment and consumption share invented; capacities and the SKU ladder are real"
centralindia-dc03-cap01-ws01,Field-Ops,centralindia-dc03-cap01,centralindia,Power BI,60.8,True,"SYNTHETIC - generated, not a business source: workspace assignment and consumption share invented; capacities and the SKU ladder are real"
centralindia-dc03-cap01-ws02,Finance-Reporting,centralindia-dc03-cap01,centralindia,Data Engineering,39.2,True,"SYNTHETIC - generated, not a business source: workspace assignment and consumption share invented; capacities and the SKU ladder are real"
centralindia-dc04-cap01-ws01,Risk-Models,centralindia-dc04-cap01,centralindia,Data Science,20.8,True,"SYNTHETIC - generated, not a business source: workspace assignment and consumption share invented; capacities and the SKU ladder are real"
centralindia-dc04-cap01-ws02,Sales-BI,centralindia-dc04-cap01,centralindia,Power BI,30.3,True,"SYNTHETIC - generated, not a business source: workspace assignment and consumption share invented; capacities and the SKU ladder are real"
centralindia-dc04-cap01-ws03,Ops-Telemetry,centralindia-dc04-cap01,centralindia,Data Engineering,30.8,True,"SYNTHETIC - generated, not a business source: workspace assignment and consumption share invented; capacities and the SKU ladder are real"
centralindia-dc04-cap01-ws04,Marketing-Analytics,centralindia-dc04-cap01,centralindia,Data Warehouse,18.0,True,"SYNTHETIC - generated, not a business source: workspace assignment and consumption share invented; capacities and the SKU ladder are real"
centralindia-dc04-cap02-ws01,Ops-Telemetry,centralindia-dc04-cap02,centralindia,Data Engineering,76.4,True,"SYNTHETIC - generated, not a business source: workspace assignment and consumption share invented; capacities and the SKU ladder are real"
centralindia-dc04-cap02-ws02,Sales-BI,centralindia-dc04-cap02,centralindia,Data Engineering,23.6,True,"SYNTHETIC - generated, not a business source: workspace assignment and consumption share invented; capacities and the SKU ladder are real"
centralindia-dc04-cap03-ws01,Risk-Models,centralindia-dc04-cap03,centralindia,Power BI,100.0,True,"SYNTHETIC - generated, not a business source: workspace assignment and consumption share invented; capacities and the SKU ladder are real"
centralindia-dc05-cap01-ws01,Exec-Dashboards,centralindia-dc05-cap01,centralindia,Data Engineering,1.7,True,"SYNTHETIC - generated, not a business source: workspace assignment and consumption share invented; capacities and the SKU ladder are real"
centralindia-dc05-cap01-ws02,Product-Analytics,centralindia-dc05-cap01,centralindia,Data Factory,37.4,True,"SYNTHETIC - generated, not a business source: workspace assignment and consumption share invented; capacities and the SKU ladder are real"
centralindia-dc05-cap01-ws03,Data-Platform,centralindia-dc05-cap01,centralindia,Data Science,60.9,True,"SYNTHETIC - generated, not a business source: workspace assignment and consumption share invented; capacities and the SKU ladder are real"
centralindia-dc05-cap02-ws01,Risk-Models,centralindia-dc05-cap02,centralindia,Data Warehouse,2.4,True,"SYNTHETIC - generated, not a business source: workspace assignment and consumption share invented; capacities and the SKU ladder are real"
centralindia-dc05-cap02-ws02,Field-Ops,centralindia-dc05-cap02,centralindia,Data Engineering,97.6,True,"SYNTHETIC - generated, not a business source: workspace assignment and consumption share invented; capacities and the SKU ladder are real"
centralindia-dc05-cap03-ws01,Ops-Telemetry,centralindia-dc05-cap03,centralindia,Data Science,31.2,True,"SYNTHETIC - generated, not a business source: workspace assignment and consumption share invented; capacities and the SKU ladder are real"
centralindia-dc05-cap03-ws02,Risk-Models,centralindia-dc05-cap03,centralindia,Data Factory,0.5,True,"SYNTHETIC - generated, not a business source: workspace assignment and consumption share invented; capacities and the SKU ladder are real"
centralindia-dc05-cap03-ws03,Data-Platform,centralindia-dc05-cap03,centralindia,Data Science,68.3,True,"SYNTHETIC - generated, not a business source: workspace assignment and consumption share invented; capacities and the SKU ladder are real"
centralindia-dc06-cap01-ws01,Supply-Chain,centralindia-dc06-cap01,centralindia,Power BI,10.4,True,"SYNTHETIC - generated, not a business source: workspace assignment and consumption share invented; capacities and the SKU ladder are real"
centralindia-dc06-cap01-ws02,Supply-Chain,centralindia-dc06-cap01,centralindia,Data Factory,4.9,True,"SYNTHETIC - generated, not a business source: workspace assignment and consumption share invented; capacities and the SKU ladder are real"
centralindia-dc06-cap01-ws03,Marketing-Analytics,centralindia-dc06-cap01,centralindia,Power BI,14.3,True,"SYNTHETIC - generated, not a business source: workspace assignment and consumption share invented; capacities and the SKU ladder are real"
centralindia-dc06-cap01-ws04,Supply-Chain,centralindia-dc06-cap01,centralindia,Power BI,6.3,True,"SYNTHETIC - generated, not a business source: workspace assignment and consumption share invented; capacities and the SKU ladder are real"
centralindia-dc06-cap01-ws05,Risk-Models,centralindia-dc06-cap01,centralindia,Data Science,64.1,True,"SYNTHETIC - generated, not a business source: workspace assignment and consumption share invented; capacities and the SKU ladder are real"
centralindia-dc06-cap02-ws01,Supply-Chain,centralindia-dc06-cap02,centralindia,Real-Time Intelligence,73.2,True,"SYNTHETIC - generated, not a business source: workspace assignment and consumption share invented; capacities and the SKU ladder are real"
centralindia-dc06-cap02-ws02,Sales-BI,centralindia-dc06-cap02,centralindia,Data Engineering,26.8,True,"SYNTHETIC - generated, not a business source: workspace assignment and consumption share invented; capacities and the SKU ladder are real"
centralindia-dc06-cap03-ws01,Exec-Dashboards,centralindia-dc06-cap03,centralindia,Data Engineering,85.8,True,"SYNTHETIC - generated, not a business source: workspace assignment and consumption share invented; capacities and the SKU ladder are real"
centralindia-dc06-cap03-ws02,Customer-360,centralindia-dc06-cap03,centralindia,Data Warehouse,14.2,True,"SYNTHETIC - generated, not a business source: workspace assignment and consumption share invented; capacities and the SKU ladder are real"
centralindia-dc07-cap01-ws01,Product-Analytics,centralindia-dc07-cap01,centralindia,Data Warehouse,45.9,True,"SYNTHETIC - generated, not a business source: workspace assignment and consumption share invented; capacities and the SKU ladder are real"
centralindia-dc07-cap01-ws02,Data-Platform,centralindia-dc07-cap01,centralindia,Data Warehouse,11.8,True,"SYNTHETIC - generated, not a business source: workspace assignment and consumption share invented; capacities and the SKU ladder are real"
centralindia-dc07-cap01-ws03,Supply-Chain,centralindia-dc07-cap01,centralindia,Data Warehouse,0.8,True,"SYNTHETIC - generated, not a business source: workspace assignment and consumption share invented; capacities and the SKU ladder are real"
centralindia-dc07-cap01-ws04,Supply-Chain,centralindia-dc07-cap01,centralindia,Real-Time Intelligence,41.5,True,"SYNTHETIC - generated, not a business source: workspace assignment and consumption share invented; capacities and the SKU ladder are real"
centralindia-dc07-cap02-ws01,Pricing,centralindia-dc07-cap02,centralindia,Data Engineering,53.0,True,"SYNTHETIC - generated, not a business source: workspace assignment and consumption share invented; capacities and the SKU ladder are real"
centralindia-dc07-cap02-ws02,Ops-Telemetry,centralindia-dc07-cap02,centralindia,Data Science,47.0,True,"SYNTHETIC - generated, not a business source: workspace assignment and consumption share invented; capacities and the SKU ladder are real"
centralindia-dc07-cap03-ws01,Field-Ops,centralindia-dc07-cap03,centralindia,Real-Time Intelligence,98.2,True,"SYNTHETIC - generated, not a business source: workspace assignment and consumption share invented; capacities and the SKU ladder are real"
centralindia-dc07-cap03-ws02,Data-Platform,centralindia-dc07-cap03,centralindia,Data Factory,1.8,True,"SYNTHETIC - generated, not a business source: workspace assignment and consumption share invented; capacities and the SKU ladder are real"
centralindia-dc08-cap01-ws01,Pricing,centralindia-dc08-cap01,centralindia,Data Science,96.4,True,"SYNTHETIC - generated, not a business source: workspace assignment and consumption share invented; capacities and the SKU ladder are real"
centralindia-dc08-cap01-ws02,Supply-Chain,centralindia-dc08-cap01,centralindia,Data Engineering,3.6,True,"SYNTHETIC - generated, not a business source: workspace assignment and consumption share invented; capacities and the SKU ladder are real"
centralindia-dc08-cap02-ws01,Supply-Chain,centralindia-dc08-cap02,centralindia,Data Warehouse,100.0,True,"SYNTHETIC - generated, not a business source: workspace assignment and consumption share invented; capacities and the SKU ladder are real"
centralindia-dc09-cap01-ws01,Finance-Reporting,centralindia-dc09-cap01,centralindia,Data Engineering,100.0,True,"SYNTHETIC - generated, not a business source: workspace assignment and consumption share invented; capacities and the SKU ladder are real"
centralindia-dc09-cap02-ws01,Data-Platform,centralindia-dc09-cap02,centralindia,Data Science,83.8,True,"SYNTHETIC - generated, not a business source: workspace assignment and consumption share invented; capacities and the SKU ladder are real"
centralindia-dc09-cap02-ws02,Supply-Chain,centralindia-dc09-cap02,centralindia,Power BI,16.2,True,"SYNTHETIC - generated, not a business source: workspace assignment and consumption share invented; capacities and the SKU ladder are real"
centralindia-dc10-cap01-ws01,Sales-BI,centralindia-dc10-cap01,centralindia,Data Science,18.3,True,"SYNTHETIC - generated, not a business source: workspace assignment and consumption share invented; capacities and the SKU ladder are real"
centralindia-dc10-cap01-ws02,Data-Platform,centralindia-dc10-cap01,centralindia,Data Factory,7.1,True,"SYNTHETIC - generated, not a business source: workspace assignment and consumption share invented; capacities and the SKU ladder are real"
centralindia-dc10-cap01-ws03,Supply-Chain,centralindia-dc10-cap01,centralindia,Real-Time Intelligence,55.2,True,"SYNTHETIC - generated, not a business source: workspace assignment and consumption share invented; capacities and the SKU ladder are real"
centralindia-dc10-cap01-ws04,Customer-360,centralindia-dc10-cap01,centralindia,Data Engineering,19.4,True,"SYNTHETIC - generated, not a business source: workspace assignment and consumption share invented; capacities and the SKU ladder are real"
centralindia-dc10-cap02-ws01,Marketing-Analytics,centralindia-dc10-cap02,centralindia,Data Factory,94.7,True,"SYNTHETIC - generated, not a business source: workspace assignment and consumption share invented; capacities and the SKU ladder are real"
centralindia-dc10-cap02-ws02,Field-Ops,centralindia-dc10-cap02,centralindia,Real-Time Intelligence,5.3,True,"SYNTHETIC - generated, not a business source: workspace assignment and consumption share invented; capacities and the SKU ladder are real"
centralindia-dc10-cap03-ws01,Marketing-Analytics,centralindia-dc10-cap03,centralindia,Data Factory,86.8,True,"SYNTHETIC - generated, not a business source: workspace assignment and consumption share invented; capacities and the SKU ladder are real"
centralindia-dc10-cap03-ws02,Data-Platform,centralindia-dc10-cap03,centralindia,Data Factory,13.2,True,"SYNTHETIC - generated, not a business source: workspace assignment and consumption share invented; capacities and the SKU ladder are real"
westeurope-dc01-cap01-ws01,Finance-Reporting,westeurope-dc01-cap01,westeurope,Real-Time Intelligence,4.9,True,"SYNTHETIC - generated, not a business source: workspace assignment and consumption share invented; capacities and the SKU ladder are real"
westeurope-dc01-cap01-ws02,Product-Analytics,westeurope-dc01-cap01,westeurope,Data Factory,88.9,True,"SYNTHETIC - generated, not a business source: workspace assignment and consumption share invented; capacities and the SKU ladder are real"
westeurope-dc01-cap01-ws03,Finance-Reporting,westeurope-dc01-cap01,westeurope,Power BI,6.2,True,"SYNTHETIC - generated, not a business source: workspace assignment and consumption share invented; capacities and the SKU ladder are real"
westeurope-dc01-cap02-ws01,Data-Platform,westeurope-dc01-cap02,westeurope,Data Engineering,1.5,True,"SYNTHETIC - generated, not a business source: workspace assignment and consumption share invented; capacities and the SKU ladder are real"
westeurope-dc01-cap02-ws02,Ops-Telemetry,westeurope-dc01-cap02,westeurope,Data Science,78.2,True,"SYNTHETIC - generated, not a business source: workspace assignment and consumption share invented; capacities and the SKU ladder are real"
westeurope-dc01-cap02-ws03,Ops-Telemetry,westeurope-dc01-cap02,westeurope,Data Science,20.2,True,"SYNTHETIC - generated, not a business source: workspace assignment and consumption share invented; capacities and the SKU ladder are real"
westeurope-dc01-cap03-ws01,Risk-Models,westeurope-dc01-cap03,westeurope,Data Science,33.6,True,"SYNTHETIC - generated, not a business source: workspace assignment and consumption share invented; capacities and the SKU ladder are real"
westeurope-dc01-cap03-ws02,Customer-360,westeurope-dc01-cap03,westeurope,Power BI,66.4,True,"SYNTHETIC - generated, not a business source: workspace assignment and consumption share invented; capacities and the SKU ladder are real"
westeurope-dc01-cap04-ws01,Pricing,westeurope-dc01-cap04,westeurope,Data Engineering,100.0,True,"SYNTHETIC - generated, not a business source: workspace assignment and consumption share invented; capacities and the SKU ladder are real"
westeurope-dc02-cap01-ws01,Risk-Models,westeurope-dc02-cap01,westeurope,Data Warehouse,21.9,True,"SYNTHETIC - generated, not a business source: workspace assignment and consumption share invented; capacities and the SKU ladder are real"
westeurope-dc02-cap01-ws02,Pricing,westeurope-dc02-cap01,westeurope,Data Factory,5.6,True,"SYNTHETIC - generated, not a business source: workspace assignment and consumption share invented; capacities and the SKU ladder are real"
westeurope-dc02-cap01-ws03,Supply-Chain,westeurope-dc02-cap01,westeurope,Data Science,25.9,True,"SYNTHETIC - generated, not a business source: workspace assignment and consumption share invented; capacities and the SKU ladder are real"
westeurope-dc02-cap01-ws04,Ops-Telemetry,westeurope-dc02-cap01,westeurope,Data Factory,21.1,True,"SYNTHETIC - generated, not a business source: workspace assignment and consumption share invented; capacities and the SKU ladder are real"
westeurope-dc02-cap01-ws05,Pricing,westeurope-dc02-cap01,westeurope,Data Science,25.4,True,"SYNTHETIC - generated, not a business source: workspace assignment and consumption share invented; capacities and the SKU ladder are real"
westeurope-dc03-cap01-ws01,Product-Analytics,westeurope-dc03-cap01,westeurope,Real-Time Intelligence,13.2,True,"SYNTHETIC - generated, not a business source: workspace assignment and consumption share invented; capacities and the SKU ladder are real"
westeurope-dc03-cap01-ws02,Sales-BI,westeurope-dc03-cap01,westeurope,Real-Time Intelligence,86.8,True,"SYNTHETIC - generated, not a business source: workspace assignment and consumption share invented; capacities and the SKU ladder are real"
westeurope-dc03-cap02-ws01,Pricing,westeurope-dc03-cap02,westeurope,Data Engineering,21.1,True,"SYNTHETIC - generated, not a business source: workspace assignment and consumption share invented; capacities and the SKU ladder are real"
westeurope-dc03-cap02-ws02,Sales-BI,westeurope-dc03-cap02,westeurope,Data Warehouse,76.3,True,"SYNTHETIC - generated, not a business source: workspace assignment and consumption share invented; capacities and the SKU ladder are real"
westeurope-dc03-cap02-ws03,Product-Analytics,westeurope-dc03-cap02,westeurope,Data Warehouse,2.6,True,"SYNTHETIC - generated, not a business source: workspace assignment and consumption share invented; capacities and the SKU ladder are real"
westeurope-dc03-cap03-ws01,Customer-360,westeurope-dc03-cap03,westeurope,Data Science,61.9,True,"SYNTHETIC - generated, not a business source: workspace assignment and consumption share invented; capacities and the SKU ladder are real"
westeurope-dc03-cap03-ws02,Data-Platform,westeurope-dc03-cap03,westeurope,Data Factory,38.1,True,"SYNTHETIC - generated, not a business source: workspace assignment and consumption share invented; capacities and the SKU ladder are real"
westeurope-dc04-cap01-ws01,Risk-Models,westeurope-dc04-cap01,westeurope,Power BI,32.3,True,"SYNTHETIC - generated, not a business source: workspace assignment and consumption share invented; capacities and the SKU ladder are real"
westeurope-dc04-cap01-ws02,Finance-Reporting,westeurope-dc04-cap01,westeurope,Data Warehouse,29.7,True,"SYNTHETIC - generated, not a business source: workspace assignment and consumption share invented; capacities and the SKU ladder are real"
westeurope-dc04-cap01-ws03,Supply-Chain,westeurope-dc04-cap01,westeurope,Data Engineering,38.0,True,"SYNTHETIC - generated, not a business source: workspace assignment and consumption share invented; capacities and the SKU ladder are real"
westeurope-dc05-cap01-ws01,Supply-Chain,westeurope-dc05-cap01,westeurope,Data Factory,18.5,True,"SYNTHETIC - generated, not a business source: workspace assignment and consumption share invented; capacities and the SKU ladder are real"
westeurope-dc05-cap01-ws02,Finance-Reporting,westeurope-dc05-cap01,westeurope,Power BI,27.5,True,"SYNTHETIC - generated, not a business source: workspace assignment and consumption share invented; capacities and the SKU ladder are real"
westeurope-dc05-cap01-ws03,Field-Ops,westeurope-dc05-cap01,westeurope,Data Factory,12.5,True,"SYNTHETIC - generated, not a business source: workspace assignment and consumption share invented; capacities and the SKU ladder are real"
westeurope-dc05-cap01-ws04,Pricing,westeurope-dc05-cap01,westeurope,Data Engineering,34.2,True,"SYNTHETIC - generated, not a business source: workspace assignment and consumption share invented; capacities and the SKU ladder are real"
westeurope-dc05-cap01-ws05,Supply-Chain,westeurope-dc05-cap01,westeurope,Data Engineering,7.3,True,"SYNTHETIC - generated, not a business source: workspace assignment and consumption share invented; capacities and the SKU ladder are real"
westeurope-dc06-cap01-ws01,Customer-360,westeurope-dc06-cap01,westeurope,Power BI,100.0,True,"SYNTHETIC - generated, not a business source: workspace assignment and consumption share invented; capacities and the SKU ladder are real"
westeurope-dc06-cap02-ws01,Finance-Reporting,westeurope-dc06-cap02,westeurope,Data Engineering,70.8,True,"SYNTHETIC - generated, not a business source: workspace assignment and consumption share invented; capacities and the SKU ladder are real"
westeurope-dc06-cap02-ws02,Customer-360,westeurope-dc06-cap02,westeurope,Data Warehouse,12.9,True,"SYNTHETIC - generated, not a business source: workspace assignment and consumption share invented; capacities and the SKU ladder are real"
westeurope-dc06-cap02-ws03,Product-Analytics,westeurope-dc06-cap02,westeurope,Data Engineering,16.3,True,"SYNTHETIC - generated, not a business source: workspace assignment and consumption share invented; capacities and the SKU ladder are real"
westeurope-dc07-cap01-ws01,Exec-Dashboards,westeurope-dc07-cap01,westeurope,Power BI,18.0,True,"SYNTHETIC - generated, not a business source: workspace assignment and consumption share invented; capacities and the SKU ladder are real"
westeurope-dc07-cap01-ws02,Risk-Models,westeurope-dc07-cap01,westeurope,Data Warehouse,82.0,True,"SYNTHETIC - generated, not a business source: workspace assignment and consumption share invented; capacities and the SKU ladder are real"
westeurope-dc07-cap02-ws01,Customer-360,westeurope-dc07-cap02,westeurope,Data Science,100.0,True,"SYNTHETIC - generated, not a business source: workspace assignment and consumption share invented; capacities and the SKU ladder are real"
westeurope-dc08-cap01-ws01,Risk-Models,westeurope-dc08-cap01,westeurope,Data Factory,9.4,True,"SYNTHETIC - generated, not a business source: workspace assignment and consumption share invented; capacities and the SKU ladder are real"
westeurope-dc08-cap01-ws02,Ops-Telemetry,westeurope-dc08-cap01,westeurope,Power BI,27.8,True,"SYNTHETIC - generated, not a business source: workspace assignment and consumption share invented; capacities and the SKU ladder are real"
westeurope-dc08-cap01-ws03,Exec-Dashboards,westeurope-dc08-cap01,westeurope,Data Engineering,56.6,True,"SYNTHETIC - generated, not a business source: workspace assignment and consumption share invented; capacities and the SKU ladder are real"
westeurope-dc08-cap01-ws04,Data-Platform,westeurope-dc08-cap01,westeurope,Data Factory,6.2,True,"SYNTHETIC - generated, not a business source: workspace assignment and consumption share invented; capacities and the SKU ladder are real"
westeurope-dc08-cap02-ws01,Product-Analytics,westeurope-dc08-cap02,westeurope,Data Warehouse,100.0,True,"SYNTHETIC - generated, not a business source: workspace assignment and consumption share invented; capacities and the SKU ladder are real"
westeurope-dc09-cap01-ws01,Pricing,westeurope-dc09-cap01,westeurope,Data Science,1.3,True,"SYNTHETIC - generated, not a business source: workspace assignment and consumption share invented; capacities and the SKU ladder are real"
westeurope-dc09-cap01-ws02,Ops-Telemetry,westeurope-dc09-cap01,westeurope,Data Factory,17.7,True,"SYNTHETIC - generated, not a business source: workspace assignment and consumption share invented; capacities and the SKU ladder are real"
westeurope-dc09-cap01-ws03,Ops-Telemetry,westeurope-dc09-cap01,westeurope,Real-Time Intelligence,18.5,True,"SYNTHETIC - generated, not a business source: workspace assignment and consumption share invented; capacities and the SKU ladder are real"
westeurope-dc09-cap01-ws04,Field-Ops,westeurope-dc09-cap01,westeurope,Real-Time Intelligence,62.5,True,"SYNTHETIC - generated, not a business source: workspace assignment and consumption share invented; capacities and the SKU ladder are real"
westeurope-dc09-cap02-ws01,Pricing,westeurope-dc09-cap02,westeurope,Data Science,100.0,True,"SYNTHETIC - generated, not a business source: workspace assignment and consumption share invented; capacities and the SKU ladder are real"
westeurope-dc09-cap03-ws01,Data-Platform,westeurope-dc09-cap03,westeurope,Data Factory,65.8,True,"SYNTHETIC - generated, not a business source: workspace assignment and consumption share invented; capacities and the SKU ladder are real"
westeurope-dc09-cap03-ws02,Marketing-Analytics,westeurope-dc09-cap03,westeurope,Data Science,34.2,True,"SYNTHETIC - generated, not a business source: workspace assignment and consumption share invented; capacities and the SKU ladder are real"
westeurope-dc10-cap01-ws01,Marketing-Analytics,westeurope-dc10-cap01,westeurope,Real-Time Intelligence,49.1,True,"SYNTHETIC - generated, not a business source: workspace assignment and consumption share invented; capacities and the SKU ladder are real"
westeurope-dc10-cap01-ws02,Sales-BI,westeurope-dc10-cap01,westeurope,Data Factory,5.5,True,"SYNTHETIC - generated, not a business source: workspace assignment and consumption share invented; capacities and the SKU ladder are real"
westeurope-dc10-cap01-ws03,Risk-Models,westeurope-dc10-cap01,westeurope,Data Warehouse,4.6,True,"SYNTHETIC - generated, not a business source: workspace assignment and consumption share invented; capacities and the SKU ladder are real"
westeurope-dc10-cap01-ws04,Product-Analytics,westeurope-dc10-cap01,westeurope,Data Science,40.8,True,"SYNTHETIC - generated, not a business source: workspace assignment and consumption share invented; capacities and the SKU ladder are real"
westeurope-dc10-cap02-ws01,Finance-Reporting,westeurope-dc10-cap02,westeurope,Data Factory,32.4,True,"SYNTHETIC - generated, not a business source: workspace assignment and consumption share invented; capacities and the SKU ladder are real"
westeurope-dc10-cap02-ws02,Pricing,westeurope-dc10-cap02,westeurope,Power BI,59.0,True,"SYNTHETIC - generated, not a business source: workspace assignment and consumption share invented; capacities and the SKU ladder are real"
westeurope-dc10-cap02-ws03,Data-Platform,westeurope-dc10-cap02,westeurope,Data Factory,4.5,True,"SYNTHETIC - generated, not a business source: workspace assignment and consumption share invented; capacities and the SKU ladder are real"
westeurope-dc10-cap02-ws04,Risk-Models,westeurope-dc10-cap02,westeurope,Data Engineering,4.2,True,"SYNTHETIC - generated, not a business source: workspace assignment and consumption share invented; capacities and the SKU ladder are real"
westeurope-dc10-cap03-ws01,Sales-BI,westeurope-dc10-cap03,westeurope,Power BI,10.3,True,"SYNTHETIC - generated, not a business source: workspace assignment and consumption share invented; capacities and the SKU ladder are real"
westeurope-dc10-cap03-ws02,Data-Platform,westeurope-dc10-cap03,westeurope,Data Science,1.0,True,"SYNTHETIC - generated, not a business source: workspace assignment and consumption share invented; capacities and the SKU ladder are real"
westeurope-dc10-cap03-ws03,Finance-Reporting,westeurope-dc10-cap03,westeurope,Real-Time Intelligence,88.7,True,"SYNTHETIC - generated, not a business source: workspace assignment and consumption share invented; capacities and the SKU ladder are real"
westeurope-dc10-cap04-ws01,Risk-Models,westeurope-dc10-cap04,westeurope,Data Factory,26.9,True,"SYNTHETIC - generated, not a business source: workspace assignment and consumption share invented; capacities and the SKU ladder are real"
westeurope-dc10-cap04-ws02,Risk-Models,westeurope-dc10-cap04,westeurope,Data Factory,73.1,True,"SYNTHETIC - generated, not a business source: workspace assignment and consumption share invented; capacities and the SKU ladder are real"
westeurope-dc10-cap05-ws01,Product-Analytics,westeurope-dc10-cap05,westeurope,Data Science,100.0,True,"SYNTHETIC - generated, not a business source: workspace assignment and consumption share invented; capacities and the SKU ladder are real"
northcentralus-dc01-cap01-ws01,Sales-BI,northcentralus-dc01-cap01,northcentralus,Data Warehouse,6.6,True,"SYNTHETIC - generated, not a business source: workspace assignment and consumption share invented; capacities and the SKU ladder are real"
northcentralus-dc01-cap01-ws02,Sales-BI,northcentralus-dc01-cap01,northcentralus,Data Engineering,4.1,True,"SYNTHETIC - generated, not a business source: workspace assignment and consumption share invented; capacities and the SKU ladder are real"
northcentralus-dc01-cap01-ws03,Risk-Models,northcentralus-dc01-cap01,northcentralus,Data Science,89.2,True,"SYNTHETIC - generated, not a business source: workspace assignment and consumption share invented; capacities and the SKU ladder are real"
northcentralus-dc01-cap01-ws04,Field-Ops,northcentralus-dc01-cap01,northcentralus,Data Engineering,0.0,True,"SYNTHETIC - generated, not a business source: workspace assignment and consumption share invented; capacities and the SKU ladder are real"
northcentralus-dc01-cap02-ws01,Product-Analytics,northcentralus-dc01-cap02,northcentralus,Data Warehouse,1.9,True,"SYNTHETIC - generated, not a business source: workspace assignment and consumption share invented; capacities and the SKU ladder are real"
northcentralus-dc01-cap02-ws02,Supply-Chain,northcentralus-dc01-cap02,northcentralus,Data Warehouse,98.1,True,"SYNTHETIC - generated, not a business source: workspace assignment and consumption share invented; capacities and the SKU ladder are real"
northcentralus-dc01-cap03-ws01,Risk-Models,northcentralus-dc01-cap03,northcentralus,Power BI,100.0,True,"SYNTHETIC - generated, not a business source: workspace assignment and consumption share invented; capacities and the SKU ladder are real"
northcentralus-dc02-cap01-ws01,Data-Platform,northcentralus-dc02-cap01,northcentralus,Data Warehouse,45.7,True,"SYNTHETIC - generated, not a business source: workspace assignment and consumption share invented; capacities and the SKU ladder are real"
northcentralus-dc02-cap01-ws02,Data-Platform,northcentralus-dc02-cap01,northcentralus,Real-Time Intelligence,32.5,True,"SYNTHETIC - generated, not a business source: workspace assignment and consumption share invented; capacities and the SKU ladder are real"
northcentralus-dc02-cap01-ws03,Sales-BI,northcentralus-dc02-cap01,northcentralus,Power BI,21.8,True,"SYNTHETIC - generated, not a business source: workspace assignment and consumption share invented; capacities and the SKU ladder are real"
northcentralus-dc02-cap02-ws01,Supply-Chain,northcentralus-dc02-cap02,northcentralus,Power BI,99.2,True,"SYNTHETIC - generated, not a business source: workspace assignment and consumption share invented; capacities and the SKU ladder are real"
northcentralus-dc02-cap02-ws02,Risk-Models,northcentralus-dc02-cap02,northcentralus,Data Engineering,0.8,True,"SYNTHETIC - generated, not a business source: workspace assignment and consumption share invented; capacities and the SKU ladder are real"
northcentralus-dc02-cap03-ws01,Marketing-Analytics,northcentralus-dc02-cap03,northcentralus,Data Factory,100.0,True,"SYNTHETIC - generated, not a business source: workspace assignment and consumption share invented; capacities and the SKU ladder are real"
northcentralus-dc02-cap04-ws01,Product-Analytics,northcentralus-dc02-cap04,northcentralus,Data Factory,100.0,True,"SYNTHETIC - generated, not a business source: workspace assignment and consumption share invented; capacities and the SKU ladder are real"
northcentralus-dc03-cap01-ws01,Finance-Reporting,northcentralus-dc03-cap01,northcentralus,Power BI,19.1,True,"SYNTHETIC - generated, not a business source: workspace assignment and consumption share invented; capacities and the SKU ladder are real"
northcentralus-dc03-cap01-ws02,Marketing-Analytics,northcentralus-dc03-cap01,northcentralus,Data Warehouse,0.2,True,"SYNTHETIC - generated, not a business source: workspace assignment and consumption share invented; capacities and the SKU ladder are real"
northcentralus-dc03-cap01-ws03,Exec-Dashboards,northcentralus-dc03-cap01,northcentralus,Data Factory,20.3,True,"SYNTHETIC - generated, not a business source: workspace assignment and consumption share invented; capacities and the SKU ladder are real"
northcentralus-dc03-cap01-ws04,Customer-360,northcentralus-dc03-cap01,northcentralus,Data Engineering,3.8,True,"SYNTHETIC - generated, not a business source: workspace assignment and consumption share invented; capacities and the SKU ladder are real"
northcentralus-dc03-cap01-ws05,Ops-Telemetry,northcentralus-dc03-cap01,northcentralus,Data Factory,56.6,True,"SYNTHETIC - generated, not a business source: workspace assignment and consumption share invented; capacities and the SKU ladder are real"
northcentralus-dc03-cap02-ws01,Supply-Chain,northcentralus-dc03-cap02,northcentralus,Data Warehouse,100.0,True,"SYNTHETIC - generated, not a business source: workspace assignment and consumption share invented; capacities and the SKU ladder are real"
northcentralus-dc03-cap03-ws01,Risk-Models,northcentralus-dc03-cap03,northcentralus,Data Factory,2.1,True,"SYNTHETIC - generated, not a business source: workspace assignment and consumption share invented; capacities and the SKU ladder are real"
northcentralus-dc03-cap03-ws02,Field-Ops,northcentralus-dc03-cap03,northcentralus,Real-Time Intelligence,7.6,True,"SYNTHETIC - generated, not a business source: workspace assignment and consumption share invented; capacities and the SKU ladder are real"
northcentralus-dc03-cap03-ws03,Product-Analytics,northcentralus-dc03-cap03,northcentralus,Data Factory,90.3,True,"SYNTHETIC - generated, not a business source: workspace assignment and consumption share invented; capacities and the SKU ladder are real"
northcentralus-dc03-cap04-ws01,Marketing-Analytics,northcentralus-dc03-cap04,northcentralus,Data Warehouse,72.9,True,"SYNTHETIC - generated, not a business source: workspace assignment and consumption share invented; capacities and the SKU ladder are real"
northcentralus-dc03-cap04-ws02,Risk-Models,northcentralus-dc03-cap04,northcentralus,Data Engineering,27.1,True,"SYNTHETIC - generated, not a business source: workspace assignment and consumption share invented; capacities and the SKU ladder are real"
northcentralus-dc04-cap01-ws01,Ops-Telemetry,northcentralus-dc04-cap01,northcentralus,Data Engineering,0.8,True,"SYNTHETIC - generated, not a business source: workspace assignment and consumption share invented; capacities and the SKU ladder are real"
northcentralus-dc04-cap01-ws02,Pricing,northcentralus-dc04-cap01,northcentralus,Data Warehouse,57.5,True,"SYNTHETIC - generated, not a business source: workspace assignment and consumption share invented; capacities and the SKU ladder are real"
northcentralus-dc04-cap01-ws03,Data-Platform,northcentralus-dc04-cap01,northcentralus,Data Warehouse,5.0,True,"SYNTHETIC - generated, not a business source: workspace assignment and consumption share invented; capacities and the SKU ladder are real"
northcentralus-dc04-cap01-ws04,Supply-Chain,northcentralus-dc04-cap01,northcentralus,Data Warehouse,26.3,True,"SYNTHETIC - generated, not a business source: workspace assignment and consumption share invented; capacities and the SKU ladder are real"
northcentralus-dc04-cap01-ws05,Customer-360,northcentralus-dc04-cap01,northcentralus,Data Engineering,10.3,True,"SYNTHETIC - generated, not a business source: workspace assignment and consumption share invented; capacities and the SKU ladder are real"
northcentralus-dc04-cap02-ws01,Pricing,northcentralus-dc04-cap02,northcentralus,Power BI,50.4,True,"SYNTHETIC - generated, not a business source: workspace assignment and consumption share invented; capacities and the SKU ladder are real"
northcentralus-dc04-cap02-ws02,Field-Ops,northcentralus-dc04-cap02,northcentralus,Data Warehouse,6.2,True,"SYNTHETIC - generated, not a business source: workspace assignment and consumption share invented; capacities and the SKU ladder are real"
northcentralus-dc04-cap02-ws03,Product-Analytics,northcentralus-dc04-cap02,northcentralus,Data Engineering,43.4,True,"SYNTHETIC - generated, not a business source: workspace assignment and consumption share invented; capacities and the SKU ladder are real"
northcentralus-dc04-cap03-ws01,Product-Analytics,northcentralus-dc04-cap03,northcentralus,Data Warehouse,100.0,True,"SYNTHETIC - generated, not a business source: workspace assignment and consumption share invented; capacities and the SKU ladder are real"
northcentralus-dc04-cap04-ws01,Data-Platform,northcentralus-dc04-cap04,northcentralus,Real-Time Intelligence,79.1,True,"SYNTHETIC - generated, not a business source: workspace assignment and consumption share invented; capacities and the SKU ladder are real"
northcentralus-dc04-cap04-ws02,Finance-Reporting,northcentralus-dc04-cap04,northcentralus,Power BI,20.9,True,"SYNTHETIC - generated, not a business source: workspace assignment and consumption share invented; capacities and the SKU ladder are real"
northcentralus-dc05-cap01-ws01,Ops-Telemetry,northcentralus-dc05-cap01,northcentralus,Real-Time Intelligence,13.7,True,"SYNTHETIC - generated, not a business source: workspace assignment and consumption share invented; capacities and the SKU ladder are real"
northcentralus-dc05-cap01-ws02,Product-Analytics,northcentralus-dc05-cap01,northcentralus,Power BI,10.5,True,"SYNTHETIC - generated, not a business source: workspace assignment and consumption share invented; capacities and the SKU ladder are real"
northcentralus-dc05-cap01-ws03,Field-Ops,northcentralus-dc05-cap01,northcentralus,Real-Time Intelligence,58.2,True,"SYNTHETIC - generated, not a business source: workspace assignment and consumption share invented; capacities and the SKU ladder are real"
northcentralus-dc05-cap01-ws04,Pricing,northcentralus-dc05-cap01,northcentralus,Power BI,17.2,True,"SYNTHETIC - generated, not a business source: workspace assignment and consumption share invented; capacities and the SKU ladder are real"
northcentralus-dc05-cap01-ws05,Sales-BI,northcentralus-dc05-cap01,northcentralus,Power BI,0.4,True,"SYNTHETIC - generated, not a business source: workspace assignment and consumption share invented; capacities and the SKU ladder are real"
northcentralus-dc05-cap02-ws01,Risk-Models,northcentralus-dc05-cap02,northcentralus,Data Science,25.7,True,"SYNTHETIC - generated, not a business source: workspace assignment and consumption share invented; capacities and the SKU ladder are real"
northcentralus-dc05-cap02-ws02,Marketing-Analytics,northcentralus-dc05-cap02,northcentralus,Data Science,33.4,True,"SYNTHETIC - generated, not a business source: workspace assignment and consumption share invented; capacities and the SKU ladder are real"
northcentralus-dc05-cap02-ws03,Field-Ops,northcentralus-dc05-cap02,northcentralus,Data Warehouse,8.9,True,"SYNTHETIC - generated, not a business source: workspace assignment and consumption share invented; capacities and the SKU ladder are real"
northcentralus-dc05-cap02-ws04,Marketing-Analytics,northcentralus-dc05-cap02,northcentralus,Data Factory,27.3,True,"SYNTHETIC - generated, not a business source: workspace assignment and consumption share invented; capacities and the SKU ladder are real"
northcentralus-dc05-cap02-ws05,Marketing-Analytics,northcentralus-dc05-cap02,northcentralus,Power BI,4.6,True,"SYNTHETIC - generated, not a business source: workspace assignment and consumption share invented; capacities and the SKU ladder are real"
northcentralus-dc06-cap01-ws01,Pricing,northcentralus-dc06-cap01,northcentralus,Data Engineering,14.4,True,"SYNTHETIC - generated, not a business source: workspace assignment and consumption share invented; capacities and the SKU ladder are real"
northcentralus-dc06-cap01-ws02,Ops-Telemetry,northcentralus-dc06-cap01,northcentralus,Data Engineering,24.7,True,"SYNTHETIC - generated, not a business source: workspace assignment and consumption share invented; capacities and the SKU ladder are real"
northcentralus-dc06-cap01-ws03,Customer-360,northcentralus-dc06-cap01,northcentralus,Real-Time Intelligence,5.7,True,"SYNTHETIC - generated, not a business source: workspace assignment and consumption share invented; capacities and the SKU ladder are real"
northcentralus-dc06-cap01-ws04,Pricing,northcentralus-dc06-cap01,northcentralus,Power BI,3.6,True,"SYNTHETIC - generated, not a business source: workspace assignment and consumption share invented; capacities and the SKU ladder are real"
northcentralus-dc06-cap01-ws05,Ops-Telemetry,northcentralus-dc06-cap01,northcentralus,Data Engineering,51.7,True,"SYNTHETIC - generated, not a business source: workspace assignment and consumption share invented; capacities and the SKU ladder are real"
northcentralus-dc07-cap01-ws01,Sales-BI,northcentralus-dc07-cap01,northcentralus,Real-Time Intelligence,10.7,True,"SYNTHETIC - generated, not a business source: workspace assignment and consumption share invented; capacities and the SKU ladder are real"
northcentralus-dc07-cap01-ws02,Ops-Telemetry,northcentralus-dc07-cap01,northcentralus,Data Warehouse,13.5,True,"SYNTHETIC - generated, not a business source: workspace assignment and consumption share invented; capacities and the SKU ladder are real"
northcentralus-dc07-cap01-ws03,Marketing-Analytics,northcentralus-dc07-cap01,northcentralus,Data Engineering,10.7,True,"SYNTHETIC - generated, not a business source: workspace assignment and consumption share invented; capacities and the SKU ladder are real"
northcentralus-dc07-cap01-ws04,Exec-Dashboards,northcentralus-dc07-cap01,northcentralus,Power BI,65.1,True,"SYNTHETIC - generated, not a business source: workspace assignment and consumption share invented; capacities and the SKU ladder are real"
northcentralus-dc08-cap01-ws01,Field-Ops,northcentralus-dc08-cap01,northcentralus,Real-Time Intelligence,5.7,True,"SYNTHETIC - generated, not a business source: workspace assignment and consumption share invented; capacities and the SKU ladder are real"
northcentralus-dc08-cap01-ws02,Customer-360,northcentralus-dc08-cap01,northcentralus,Power BI,58.3,True,"SYNTHETIC - generated, not a business source: workspace assignment and consumption share invented; capacities and the SKU ladder are real"
northcentralus-dc08-cap01-ws03,Field-Ops,northcentralus-dc08-cap01,northcentralus,Data Warehouse,26.0,True,"SYNTHETIC - generated, not a business source: workspace assignment and consumption share invented; capacities and the SKU ladder are real"
northcentralus-dc08-cap01-ws04,Sales-BI,northcentralus-dc08-cap01,northcentralus,Data Science,10.1,True,"SYNTHETIC - generated, not a business source: workspace assignment and consumption share invented; capacities and the SKU ladder are real"
northcentralus-dc08-cap02-ws01,Product-Analytics,northcentralus-dc08-cap02,northcentralus,Data Engineering,100.0,True,"SYNTHETIC - generated, not a business source: workspace assignment and consumption share invented; capacities and the SKU ladder are real"
northcentralus-dc09-cap01-ws01,Ops-Telemetry,northcentralus-dc09-cap01,northcentralus,Real-Time Intelligence,4.1,True,"SYNTHETIC - generated, not a business source: workspace assignment and consumption share invented; capacities and the SKU ladder are real"
northcentralus-dc09-cap01-ws02,Field-Ops,northcentralus-dc09-cap01,northcentralus,Data Warehouse,53.5,True,"SYNTHETIC - generated, not a business source: workspace assignment and consumption share invented; capacities and the SKU ladder are real"
northcentralus-dc09-cap01-ws03,Product-Analytics,northcentralus-dc09-cap01,northcentralus,Data Engineering,0.5,True,"SYNTHETIC - generated, not a business source: workspace assignment and consumption share invented; capacities and the SKU ladder are real"
northcentralus-dc09-cap01-ws04,Marketing-Analytics,northcentralus-dc09-cap01,northcentralus,Data Warehouse,4.7,True,"SYNTHETIC - generated, not a business source: workspace assignment and consumption share invented; capacities and the SKU ladder are real"
northcentralus-dc09-cap01-ws05,Exec-Dashboards,northcentralus-dc09-cap01,northcentralus,Data Engineering,37.3,True,"SYNTHETIC - generated, not a business source: workspace assignment and consumption share invented; capacities and the SKU ladder are real"
northcentralus-dc09-cap02-ws01,Marketing-Analytics,northcentralus-dc09-cap02,northcentralus,Data Science,41.7,True,"SYNTHETIC - generated, not a business source: workspace assignment and consumption share invented; capacities and the SKU ladder are real"
northcentralus-dc09-cap02-ws02,Ops-Telemetry,northcentralus-dc09-cap02,northcentralus,Data Factory,50.9,True,"SYNTHETIC - generated, not a business source: workspace assignment and consumption share invented; capacities and the SKU ladder are real"
northcentralus-dc09-cap02-ws03,Customer-360,northcentralus-dc09-cap02,northcentralus,Real-Time Intelligence,4.0,True,"SYNTHETIC - generated, not a business source: workspace assignment and consumption share invented; capacities and the SKU ladder are real"
northcentralus-dc09-cap02-ws04,Product-Analytics,northcentralus-dc09-cap02,northcentralus,Real-Time Intelligence,1.3,True,"SYNTHETIC - generated, not a business source: workspace assignment and consumption share invented; capacities and the SKU ladder are real"
northcentralus-dc09-cap02-ws05,Field-Ops,northcentralus-dc09-cap02,northcentralus,Data Warehouse,2.2,True,"SYNTHETIC - generated, not a business source: workspace assignment and consumption share invented; capacities and the SKU ladder are real"
northcentralus-dc09-cap03-ws01,Supply-Chain,northcentralus-dc09-cap03,northcentralus,Data Engineering,12.7,True,"SYNTHETIC - generated, not a business source: workspace assignment and consumption share invented; capacities and the SKU ladder are real"
northcentralus-dc09-cap03-ws02,Customer-360,northcentralus-dc09-cap03,northcentralus,Real-Time Intelligence,87.3,True,"SYNTHETIC - generated, not a business source: workspace assignment and consumption share invented; capacities and the SKU ladder are real"
northcentralus-dc10-cap01-ws01,Marketing-Analytics,northcentralus-dc10-cap01,northcentralus,Power BI,16.0,True,"SYNTHETIC - generated, not a business source: workspace assignment and consumption share invented; capacities and the SKU ladder are real"
northcentralus-dc10-cap01-ws02,Sales-BI,northcentralus-dc10-cap01,northcentralus,Power BI,18.5,True,"SYNTHETIC - generated, not a business source: workspace assignment and consumption share invented; capacities and the SKU ladder are real"
northcentralus-dc10-cap01-ws03,Marketing-Analytics,northcentralus-dc10-cap01,northcentralus,Data Factory,31.9,True,"SYNTHETIC - generated, not a business source: workspace assignment and consumption share invented; capacities and the SKU ladder are real"
northcentralus-dc10-cap01-ws04,Pricing,northcentralus-dc10-cap01,northcentralus,Data Warehouse,1.0,True,"SYNTHETIC - generated, not a business source: workspace assignment and consumption share invented; capacities and the SKU ladder are real"
northcentralus-dc10-cap01-ws05,Marketing-Analytics,northcentralus-dc10-cap01,northcentralus,Data Factory,31.3,True,"SYNTHETIC - generated, not a business source: workspace assignment and consumption share invented; capacities and the SKU ladder are real"
northcentralus-dc10-cap01-ws06,Exec-Dashboards,northcentralus-dc10-cap01,northcentralus,Real-Time Intelligence,1.3,True,"SYNTHETIC - generated, not a business source: workspace assignment and consumption share invented; capacities and the SKU ladder are real"
northcentralus-dc10-cap02-ws01,Sales-BI,northcentralus-dc10-cap02,northcentralus,Data Science,49.1,True,"SYNTHETIC - generated, not a business source: workspace assignment and consumption share invented; capacities and the SKU ladder are real"
northcentralus-dc10-cap02-ws02,Pricing,northcentralus-dc10-cap02,northcentralus,Real-Time Intelligence,50.9,True,"SYNTHETIC - generated, not a business source: workspace assignment and consumption share invented; capacities and the SKU ladder are real"
canadacentral-dc01-cap01-ws01,Supply-Chain,canadacentral-dc01-cap01,canadacentral,Data Engineering,0.0,True,"SYNTHETIC - generated, not a business source: workspace assignment and consumption share invented; capacities and the SKU ladder are real"
canadacentral-dc01-cap01-ws02,Risk-Models,canadacentral-dc01-cap01,canadacentral,Data Factory,1.0,True,"SYNTHETIC - generated, not a business source: workspace assignment and consumption share invented; capacities and the SKU ladder are real"
canadacentral-dc01-cap01-ws03,Data-Platform,canadacentral-dc01-cap01,canadacentral,Data Engineering,22.6,True,"SYNTHETIC - generated, not a business source: workspace assignment and consumption share invented; capacities and the SKU ladder are real"
canadacentral-dc01-cap01-ws04,Exec-Dashboards,canadacentral-dc01-cap01,canadacentral,Data Science,13.9,True,"SYNTHETIC - generated, not a business source: workspace assignment and consumption share invented; capacities and the SKU ladder are real"
canadacentral-dc01-cap01-ws05,Finance-Reporting,canadacentral-dc01-cap01,canadacentral,Data Warehouse,50.3,True,"SYNTHETIC - generated, not a business source: workspace assignment and consumption share invented; capacities and the SKU ladder are real"
canadacentral-dc01-cap01-ws06,Customer-360,canadacentral-dc01-cap01,canadacentral,Power BI,12.1,True,"SYNTHETIC - generated, not a business source: workspace assignment and consumption share invented; capacities and the SKU ladder are real"
canadacentral-dc01-cap02-ws01,Product-Analytics,canadacentral-dc01-cap02,canadacentral,Power BI,63.1,True,"SYNTHETIC - generated, not a business source: workspace assignment and consumption share invented; capacities and the SKU ladder are real"
canadacentral-dc01-cap02-ws02,Field-Ops,canadacentral-dc01-cap02,canadacentral,Power BI,27.8,True,"SYNTHETIC - generated, not a business source: workspace assignment and consumption share invented; capacities and the SKU ladder are real"
canadacentral-dc01-cap02-ws03,Pricing,canadacentral-dc01-cap02,canadacentral,Data Science,9.2,True,"SYNTHETIC - generated, not a business source: workspace assignment and consumption share invented; capacities and the SKU ladder are real"
canadacentral-dc01-cap03-ws01,Field-Ops,canadacentral-dc01-cap03,canadacentral,Data Engineering,72.0,True,"SYNTHETIC - generated, not a business source: workspace assignment and consumption share invented; capacities and the SKU ladder are real"
canadacentral-dc01-cap03-ws02,Exec-Dashboards,canadacentral-dc01-cap03,canadacentral,Real-Time Intelligence,28.0,True,"SYNTHETIC - generated, not a business source: workspace assignment and consumption share invented; capacities and the SKU ladder are real"
canadacentral-dc01-cap04-ws01,Finance-Reporting,canadacentral-dc01-cap04,canadacentral,Real-Time Intelligence,100.0,True,"SYNTHETIC - generated, not a business source: workspace assignment and consumption share invented; capacities and the SKU ladder are real"
canadacentral-dc02-cap01-ws01,Supply-Chain,canadacentral-dc02-cap01,canadacentral,Data Factory,0.2,True,"SYNTHETIC - generated, not a business source: workspace assignment and consumption share invented; capacities and the SKU ladder are real"
canadacentral-dc02-cap01-ws02,Marketing-Analytics,canadacentral-dc02-cap01,canadacentral,Data Factory,26.3,True,"SYNTHETIC - generated, not a business source: workspace assignment and consumption share invented; capacities and the SKU ladder are real"
canadacentral-dc02-cap01-ws03,Marketing-Analytics,canadacentral-dc02-cap01,canadacentral,Data Engineering,12.1,True,"SYNTHETIC - generated, not a business source: workspace assignment and consumption share invented; capacities and the SKU ladder are real"
canadacentral-dc02-cap01-ws04,Marketing-Analytics,canadacentral-dc02-cap01,canadacentral,Data Science,51.2,True,"SYNTHETIC - generated, not a business source: workspace assignment and consumption share invented; capacities and the SKU ladder are real"
canadacentral-dc02-cap01-ws05,Supply-Chain,canadacentral-dc02-cap01,canadacentral,Data Science,10.2,True,"SYNTHETIC - generated, not a business source: workspace assignment and consumption share invented; capacities and the SKU ladder are real"
canadacentral-dc02-cap02-ws01,Risk-Models,canadacentral-dc02-cap02,canadacentral,Real-Time Intelligence,12.5,True,"SYNTHETIC - generated, not a business source: workspace assignment and consumption share invented; capacities and the SKU ladder are real"
canadacentral-dc02-cap02-ws02,Data-Platform,canadacentral-dc02-cap02,canadacentral,Data Factory,5.0,True,"SYNTHETIC - generated, not a business source: workspace assignment and consumption share invented; capacities and the SKU ladder are real"
canadacentral-dc02-cap02-ws03,Customer-360,canadacentral-dc02-cap02,canadacentral,Data Engineering,2.8,True,"SYNTHETIC - generated, not a business source: workspace assignment and consumption share invented; capacities and the SKU ladder are real"
canadacentral-dc02-cap02-ws04,Ops-Telemetry,canadacentral-dc02-cap02,canadacentral,Data Factory,79.8,True,"SYNTHETIC - generated, not a business source: workspace assignment and consumption share invented; capacities and the SKU ladder are real"
canadacentral-dc02-cap03-ws01,Product-Analytics,canadacentral-dc02-cap03,canadacentral,Real-Time Intelligence,43.1,True,"SYNTHETIC - generated, not a business source: workspace assignment and consumption share invented; capacities and the SKU ladder are real"
canadacentral-dc02-cap03-ws02,Risk-Models,canadacentral-dc02-cap03,canadacentral,Data Engineering,37.1,True,"SYNTHETIC - generated, not a business source: workspace assignment and consumption share invented; capacities and the SKU ladder are real"
canadacentral-dc02-cap03-ws03,Sales-BI,canadacentral-dc02-cap03,canadacentral,Real-Time Intelligence,19.7,True,"SYNTHETIC - generated, not a business source: workspace assignment and consumption share invented; capacities and the SKU ladder are real"
canadacentral-dc02-cap04-ws01,Sales-BI,canadacentral-dc02-cap04,canadacentral,Real-Time Intelligence,100.0,True,"SYNTHETIC - generated, not a business source: workspace assignment and consumption share invented; capacities and the SKU ladder are real"
canadacentral-dc02-cap05-ws01,Customer-360,canadacentral-dc02-cap05,canadacentral,Data Science,17.5,True,"SYNTHETIC - generated, not a business source: workspace assignment and consumption share invented; capacities and the SKU ladder are real"
canadacentral-dc02-cap05-ws02,Exec-Dashboards,canadacentral-dc02-cap05,canadacentral,Data Science,82.5,True,"SYNTHETIC - generated, not a business source: workspace assignment and consumption share invented; capacities and the SKU ladder are real"
canadacentral-dc03-cap01-ws01,Supply-Chain,canadacentral-dc03-cap01,canadacentral,Data Engineering,3.6,True,"SYNTHETIC - generated, not a business source: workspace assignment and consumption share invented; capacities and the SKU ladder are real"
canadacentral-dc03-cap01-ws02,Pricing,canadacentral-dc03-cap01,canadacentral,Data Science,0.6,True,"SYNTHETIC - generated, not a business source: workspace assignment and consumption share invented; capacities and the SKU ladder are real"
canadacentral-dc03-cap01-ws03,Marketing-Analytics,canadacentral-dc03-cap01,canadacentral,Data Engineering,13.8,True,"SYNTHETIC - generated, not a business source: workspace assignment and consumption share invented; capacities and the SKU ladder are real"
canadacentral-dc03-cap01-ws04,Customer-360,canadacentral-dc03-cap01,canadacentral,Power BI,1.9,True,"SYNTHETIC - generated, not a business source: workspace assignment and consumption share invented; capacities and the SKU ladder are real"
canadacentral-dc03-cap01-ws05,Product-Analytics,canadacentral-dc03-cap01,canadacentral,Data Factory,46.8,True,"SYNTHETIC - generated, not a business source: workspace assignment and consumption share invented; capacities and the SKU ladder are real"
canadacentral-dc03-cap01-ws06,Supply-Chain,canadacentral-dc03-cap01,canadacentral,Data Warehouse,33.3,True,"SYNTHETIC - generated, not a business source: workspace assignment and consumption share invented; capacities and the SKU ladder are real"
canadacentral-dc03-cap02-ws01,Product-Analytics,canadacentral-dc03-cap02,canadacentral,Data Warehouse,40.2,True,"SYNTHETIC - generated, not a business source: workspace assignment and consumption share invented; capacities and the SKU ladder are real"
canadacentral-dc03-cap02-ws02,Marketing-Analytics,canadacentral-dc03-cap02,canadacentral,Data Factory,2.8,True,"SYNTHETIC - generated, not a business source: workspace assignment and consumption share invented; capacities and the SKU ladder are real"
canadacentral-dc03-cap02-ws03,Exec-Dashboards,canadacentral-dc03-cap02,canadacentral,Power BI,38.3,True,"SYNTHETIC - generated, not a business source: workspace assignment and consumption share invented; capacities and the SKU ladder are real"
canadacentral-dc03-cap02-ws04,Exec-Dashboards,canadacentral-dc03-cap02,canadacentral,Data Science,18.8,True,"SYNTHETIC - generated, not a business source: workspace assignment and consumption share invented; capacities and the SKU ladder are real"
canadacentral-dc04-cap01-ws01,Finance-Reporting,canadacentral-dc04-cap01,canadacentral,Data Engineering,0.1,True,"SYNTHETIC - generated, not a business source: workspace assignment and consumption share invented; capacities and the SKU ladder are real"
canadacentral-dc04-cap01-ws02,Finance-Reporting,canadacentral-dc04-cap01,canadacentral,Data Engineering,70.3,True,"SYNTHETIC - generated, not a business source: workspace assignment and consumption share invented; capacities and the SKU ladder are real"
canadacentral-dc04-cap01-ws03,Risk-Models,canadacentral-dc04-cap01,canadacentral,Power BI,8.3,True,"SYNTHETIC - generated, not a business source: workspace assignment and consumption share invented; capacities and the SKU ladder are real"
canadacentral-dc04-cap01-ws04,Sales-BI,canadacentral-dc04-cap01,canadacentral,Real-Time Intelligence,1.0,True,"SYNTHETIC - generated, not a business source: workspace assignment and consumption share invented; capacities and the SKU ladder are real"
canadacentral-dc04-cap01-ws05,Data-Platform,canadacentral-dc04-cap01,canadacentral,Data Factory,7.5,True,"SYNTHETIC - generated, not a business source: workspace assignment and consumption share invented; capacities and the SKU ladder are real"
canadacentral-dc04-cap01-ws06,Field-Ops,canadacentral-dc04-cap01,canadacentral,Real-Time Intelligence,12.8,True,"SYNTHETIC - generated, not a business source: workspace assignment and consumption share invented; capacities and the SKU ladder are real"
canadacentral-dc04-cap02-ws01,Product-Analytics,canadacentral-dc04-cap02,canadacentral,Real-Time Intelligence,47.3,True,"SYNTHETIC - generated, not a business source: workspace assignment and consumption share invented; capacities and the SKU ladder are real"
canadacentral-dc04-cap02-ws02,Finance-Reporting,canadacentral-dc04-cap02,canadacentral,Data Warehouse,1.4,True,"SYNTHETIC - generated, not a business source: workspace assignment and consumption share invented; capacities and the SKU ladder are real"
canadacentral-dc04-cap02-ws03,Ops-Telemetry,canadacentral-dc04-cap02,canadacentral,Data Science,43.0,True,"SYNTHETIC - generated, not a business source: workspace assignment and consumption share invented; capacities and the SKU ladder are real"
canadacentral-dc04-cap02-ws04,Exec-Dashboards,canadacentral-dc04-cap02,canadacentral,Data Factory,8.3,True,"SYNTHETIC - generated, not a business source: workspace assignment and consumption share invented; capacities and the SKU ladder are real"
canadacentral-dc04-cap03-ws01,Marketing-Analytics,canadacentral-dc04-cap03,canadacentral,Power BI,76.7,True,"SYNTHETIC - generated, not a business source: workspace assignment and consumption share invented; capacities and the SKU ladder are real"
canadacentral-dc04-cap03-ws02,Finance-Reporting,canadacentral-dc04-cap03,canadacentral,Data Engineering,0.9,True,"SYNTHETIC - generated, not a business source: workspace assignment and consumption share invented; capacities and the SKU ladder are real"
canadacentral-dc04-cap03-ws03,Sales-BI,canadacentral-dc04-cap03,canadacentral,Data Warehouse,22.4,True,"SYNTHETIC - generated, not a business source: workspace assignment and consumption share invented; capacities and the SKU ladder are real"
canadacentral-dc05-cap01-ws01,Exec-Dashboards,canadacentral-dc05-cap01,canadacentral,Data Warehouse,27.5,True,"SYNTHETIC - generated, not a business source: workspace assignment and consumption share invented; capacities and the SKU ladder are real"
canadacentral-dc05-cap01-ws02,Supply-Chain,canadacentral-dc05-cap01,canadacentral,Data Science,57.1,True,"SYNTHETIC - generated, not a business source: workspace assignment and consumption share invented; capacities and the SKU ladder are real"
canadacentral-dc05-cap01-ws03,Ops-Telemetry,canadacentral-dc05-cap01,canadacentral,Data Science,15.3,True,"SYNTHETIC - generated, not a business source: workspace assignment and consumption share invented; capacities and the SKU ladder are real"
canadacentral-dc05-cap01-ws04,Marketing-Analytics,canadacentral-dc05-cap01,canadacentral,Data Science,0.1,True,"SYNTHETIC - generated, not a business source: workspace assignment and consumption share invented; capacities and the SKU ladder are real"
canadacentral-dc05-cap02-ws01,Field-Ops,canadacentral-dc05-cap02,canadacentral,Real-Time Intelligence,100.0,True,"SYNTHETIC - generated, not a business source: workspace assignment and consumption share invented; capacities and the SKU ladder are real"
canadacentral-dc06-cap01-ws01,Exec-Dashboards,canadacentral-dc06-cap01,canadacentral,Data Factory,74.3,True,"SYNTHETIC - generated, not a business source: workspace assignment and consumption share invented; capacities and the SKU ladder are real"
canadacentral-dc06-cap01-ws02,Supply-Chain,canadacentral-dc06-cap01,canadacentral,Power BI,15.6,True,"SYNTHETIC - generated, not a business source: workspace assignment and consumption share invented; capacities and the SKU ladder are real"
canadacentral-dc06-cap01-ws03,Risk-Models,canadacentral-dc06-cap01,canadacentral,Power BI,10.1,True,"SYNTHETIC - generated, not a business source: workspace assignment and consumption share invented; capacities and the SKU ladder are real"
canadacentral-dc06-cap02-ws01,Customer-360,canadacentral-dc06-cap02,canadacentral,Data Science,3.3,True,"SYNTHETIC - generated, not a business source: workspace assignment and consumption share invented; capacities and the SKU ladder are real"
canadacentral-dc06-cap02-ws02,Exec-Dashboards,canadacentral-dc06-cap02,canadacentral,Real-Time Intelligence,45.7,True,"SYNTHETIC - generated, not a business source: workspace assignment and consumption share invented; capacities and the SKU ladder are real"
canadacentral-dc06-cap02-ws03,Supply-Chain,canadacentral-dc06-cap02,canadacentral,Data Warehouse,46.6,True,"SYNTHETIC - generated, not a business source: workspace assignment and consumption share invented; capacities and the SKU ladder are real"
canadacentral-dc06-cap02-ws04,Field-Ops,canadacentral-dc06-cap02,canadacentral,Power BI,4.3,True,"SYNTHETIC - generated, not a business source: workspace assignment and consumption share invented; capacities and the SKU ladder are real"
canadacentral-dc06-cap03-ws01,Data-Platform,canadacentral-dc06-cap03,canadacentral,Data Science,36.1,True,"SYNTHETIC - generated, not a business source: workspace assignment and consumption share invented; capacities and the SKU ladder are real"
canadacentral-dc06-cap03-ws02,Exec-Dashboards,canadacentral-dc06-cap03,canadacentral,Real-Time Intelligence,63.9,True,"SYNTHETIC - generated, not a business source: workspace assignment and consumption share invented; capacities and the SKU ladder are real"
canadacentral-dc06-cap04-ws01,Finance-Reporting,canadacentral-dc06-cap04,canadacentral,Data Engineering,90.8,True,"SYNTHETIC - generated, not a business source: workspace assignment and consumption share invented; capacities and the SKU ladder are real"
canadacentral-dc06-cap04-ws02,Pricing,canadacentral-dc06-cap04,canadacentral,Data Science,9.2,True,"SYNTHETIC - generated, not a business source: workspace assignment and consumption share invented; capacities and the SKU ladder are real"
canadacentral-dc07-cap01-ws01,Customer-360,canadacentral-dc07-cap01,canadacentral,Data Science,1.6,True,"SYNTHETIC - generated, not a business source: workspace assignment and consumption share invented; capacities and the SKU ladder are real"
canadacentral-dc07-cap01-ws02,Field-Ops,canadacentral-dc07-cap01,canadacentral,Real-Time Intelligence,8.4,True,"SYNTHETIC - generated, not a business source: workspace assignment and consumption share invented; capacities and the SKU ladder are real"
canadacentral-dc07-cap01-ws03,Customer-360,canadacentral-dc07-cap01,canadacentral,Data Science,3.0,True,"SYNTHETIC - generated, not a business source: workspace assignment and consumption share invented; capacities and the SKU ladder are real"
canadacentral-dc07-cap01-ws04,Supply-Chain,canadacentral-dc07-cap01,canadacentral,Data Engineering,56.1,True,"SYNTHETIC - generated, not a business source: workspace assignment and consumption share invented; capacities and the SKU ladder are real"
canadacentral-dc07-cap01-ws05,Customer-360,canadacentral-dc07-cap01,canadacentral,Data Warehouse,30.8,True,"SYNTHETIC - generated, not a business source: workspace assignment and consumption share invented; capacities and the SKU ladder are real"
canadacentral-dc07-cap02-ws01,Field-Ops,canadacentral-dc07-cap02,canadacentral,Data Warehouse,21.2,True,"SYNTHETIC - generated, not a business source: workspace assignment and consumption share invented; capacities and the SKU ladder are real"
canadacentral-dc07-cap02-ws02,Product-Analytics,canadacentral-dc07-cap02,canadacentral,Real-Time Intelligence,0.8,True,"SYNTHETIC - generated, not a business source: workspace assignment and consumption share invented; capacities and the SKU ladder are real"
canadacentral-dc07-cap02-ws03,Pricing,canadacentral-dc07-cap02,canadacentral,Real-Time Intelligence,15.8,True,"SYNTHETIC - generated, not a business source: workspace assignment and consumption share invented; capacities and the SKU ladder are real"
canadacentral-dc07-cap02-ws04,Sales-BI,canadacentral-dc07-cap02,canadacentral,Data Warehouse,27.8,True,"SYNTHETIC - generated, not a business source: workspace assignment and consumption share invented; capacities and the SKU ladder are real"
canadacentral-dc07-cap02-ws05,Customer-360,canadacentral-dc07-cap02,canadacentral,Data Science,34.4,True,"SYNTHETIC - generated, not a business source: workspace assignment and consumption share invented; capacities and the SKU ladder are real"
canadacentral-dc07-cap03-ws01,Supply-Chain,canadacentral-dc07-cap03,canadacentral,Real-Time Intelligence,8.3,True,"SYNTHETIC - generated, not a business source: workspace assignment and consumption share invented; capacities and the SKU ladder are real"
canadacentral-dc07-cap03-ws02,Data-Platform,canadacentral-dc07-cap03,canadacentral,Data Engineering,85.6,True,"SYNTHETIC - generated, not a business source: workspace assignment and consumption share invented; capacities and the SKU ladder are real"
canadacentral-dc07-cap03-ws03,Pricing,canadacentral-dc07-cap03,canadacentral,Power BI,6.1,True,"SYNTHETIC - generated, not a business source: workspace assignment and consumption share invented; capacities and the SKU ladder are real"
canadacentral-dc07-cap04-ws01,Risk-Models,canadacentral-dc07-cap04,canadacentral,Data Factory,50.5,True,"SYNTHETIC - generated, not a business source: workspace assignment and consumption share invented; capacities and the SKU ladder are real"
canadacentral-dc07-cap04-ws02,Risk-Models,canadacentral-dc07-cap04,canadacentral,Real-Time Intelligence,2.1,True,"SYNTHETIC - generated, not a business source: workspace assignment and consumption share invented; capacities and the SKU ladder are real"
canadacentral-dc07-cap04-ws03,Data-Platform,canadacentral-dc07-cap04,canadacentral,Power BI,47.4,True,"SYNTHETIC - generated, not a business source: workspace assignment and consumption share invented; capacities and the SKU ladder are real"
canadacentral-dc08-cap01-ws01,Marketing-Analytics,canadacentral-dc08-cap01,canadacentral,Data Engineering,3.3,True,"SYNTHETIC - generated, not a business source: workspace assignment and consumption share invented; capacities and the SKU ladder are real"
canadacentral-dc08-cap01-ws02,Risk-Models,canadacentral-dc08-cap01,canadacentral,Power BI,94.0,True,"SYNTHETIC - generated, not a business source: workspace assignment and consumption share invented; capacities and the SKU ladder are real"
canadacentral-dc08-cap01-ws03,Risk-Models,canadacentral-dc08-cap01,canadacentral,Data Factory,0.8,True,"SYNTHETIC - generated, not a business source: workspace assignment and consumption share invented; capacities and the SKU ladder are real"
canadacentral-dc08-cap01-ws04,Supply-Chain,canadacentral-dc08-cap01,canadacentral,Data Warehouse,1.8,True,"SYNTHETIC - generated, not a business source: workspace assignment and consumption share invented; capacities and the SKU ladder are real"
canadacentral-dc08-cap02-ws01,Ops-Telemetry,canadacentral-dc08-cap02,canadacentral,Data Warehouse,45.2,True,"SYNTHETIC - generated, not a business source: workspace assignment and consumption share invented; capacities and the SKU ladder are real"
canadacentral-dc08-cap02-ws02,Supply-Chain,canadacentral-dc08-cap02,canadacentral,Data Factory,52.3,True,"SYNTHETIC - generated, not a business source: workspace assignment and consumption share invented; capacities and the SKU ladder are real"
canadacentral-dc08-cap02-ws03,Customer-360,canadacentral-dc08-cap02,canadacentral,Real-Time Intelligence,2.6,True,"SYNTHETIC - generated, not a business source: workspace assignment and consumption share invented; capacities and the SKU ladder are real"
canadacentral-dc08-cap03-ws01,Risk-Models,canadacentral-dc08-cap03,canadacentral,Data Factory,19.6,True,"SYNTHETIC - generated, not a business source: workspace assignment and consumption share invented; capacities and the SKU ladder are real"
canadacentral-dc08-cap03-ws02,Finance-Reporting,canadacentral-dc08-cap03,canadacentral,Data Engineering,59.0,True,"SYNTHETIC - generated, not a business source: workspace assignment and consumption share invented; capacities and the SKU ladder are real"
canadacentral-dc08-cap03-ws03,Data-Platform,canadacentral-dc08-cap03,canadacentral,Data Warehouse,21.4,True,"SYNTHETIC - generated, not a business source: workspace assignment and consumption share invented; capacities and the SKU ladder are real"
canadacentral-dc08-cap04-ws01,Field-Ops,canadacentral-dc08-cap04,canadacentral,Real-Time Intelligence,14.3,True,"SYNTHETIC - generated, not a business source: workspace assignment and consumption share invented; capacities and the SKU ladder are real"
canadacentral-dc08-cap04-ws02,Ops-Telemetry,canadacentral-dc08-cap04,canadacentral,Data Engineering,85.7,True,"SYNTHETIC - generated, not a business source: workspace assignment and consumption share invented; capacities and the SKU ladder are real"
canadacentral-dc08-cap05-ws01,Risk-Models,canadacentral-dc08-cap05,canadacentral,Power BI,68.2,True,"SYNTHETIC - generated, not a business source: workspace assignment and consumption share invented; capacities and the SKU ladder are real"
canadacentral-dc08-cap05-ws02,Exec-Dashboards,canadacentral-dc08-cap05,canadacentral,Data Science,31.8,True,"SYNTHETIC - generated, not a business source: workspace assignment and consumption share invented; capacities and the SKU ladder are real"
canadacentral-dc09-cap01-ws01,Marketing-Analytics,canadacentral-dc09-cap01,canadacentral,Power BI,3.3,True,"SYNTHETIC - generated, not a business source: workspace assignment and consumption share invented; capacities and the SKU ladder are real"
canadacentral-dc09-cap01-ws02,Risk-Models,canadacentral-dc09-cap01,canadacentral,Data Engineering,62.4,True,"SYNTHETIC - generated, not a business source: workspace assignment and consumption share invented; capacities and the SKU ladder are real"
canadacentral-dc09-cap01-ws03,Data-Platform,canadacentral-dc09-cap01,canadacentral,Power BI,29.9,True,"SYNTHETIC - generated, not a business source: workspace assignment and consumption share invented; capacities and the SKU ladder are real"
canadacentral-dc09-cap01-ws04,Risk-Models,canadacentral-dc09-cap01,canadacentral,Power BI,4.4,True,"SYNTHETIC - generated, not a business source: workspace assignment and consumption share invented; capacities and the SKU ladder are real"
canadacentral-dc09-cap02-ws01,Customer-360,canadacentral-dc09-cap02,canadacentral,Data Science,100.0,True,"SYNTHETIC - generated, not a business source: workspace assignment and consumption share invented; capacities and the SKU ladder are real"
canadacentral-dc10-cap01-ws01,Exec-Dashboards,canadacentral-dc10-cap01,canadacentral,Data Factory,9.8,True,"SYNTHETIC - generated, not a business source: workspace assignment and consumption share invented; capacities and the SKU ladder are real"
canadacentral-dc10-cap01-ws02,Sales-BI,canadacentral-dc10-cap01,canadacentral,Data Warehouse,1.2,True,"SYNTHETIC - generated, not a business source: workspace assignment and consumption share invented; capacities and the SKU ladder are real"
canadacentral-dc10-cap01-ws03,Marketing-Analytics,canadacentral-dc10-cap01,canadacentral,Data Engineering,3.3,True,"SYNTHETIC - generated, not a business source: workspace assignment and consumption share invented; capacities and the SKU ladder are real"
canadacentral-dc10-cap01-ws04,Risk-Models,canadacentral-dc10-cap01,canadacentral,Data Engineering,16.1,True,"SYNTHETIC - generated, not a business source: workspace assignment and consumption share invented; capacities and the SKU ladder are real"
canadacentral-dc10-cap01-ws05,Field-Ops,canadacentral-dc10-cap01,canadacentral,Real-Time Intelligence,42.2,True,"SYNTHETIC - generated, not a business source: workspace assignment and consumption share invented; capacities and the SKU ladder are real"
canadacentral-dc10-cap01-ws06,Customer-360,canadacentral-dc10-cap01,canadacentral,Data Engineering,27.4,True,"SYNTHETIC - generated, not a business source: workspace assignment and consumption share invented; capacities and the SKU ladder are real"
canadacentral-dc10-cap02-ws01,Marketing-Analytics,canadacentral-dc10-cap02,canadacentral,Data Warehouse,57.9,True,"SYNTHETIC - generated, not a business source: workspace assignment and consumption share invented; capacities and the SKU ladder are real"
canadacentral-dc10-cap02-ws02,Exec-Dashboards,canadacentral-dc10-cap02,canadacentral,Real-Time Intelligence,17.7,True,"SYNTHETIC - generated, not a business source: workspace assignment and consumption share invented; capacities and the SKU ladder are real"
canadacentral-dc10-cap02-ws03,Data-Platform,canadacentral-dc10-cap02,canadacentral,Data Factory,17.4,True,"SYNTHETIC - generated, not a business source: workspace assignment and consumption share invented; capacities and the SKU ladder are real"
canadacentral-dc10-cap02-ws04,Finance-Reporting,canadacentral-dc10-cap02,canadacentral,Data Engineering,7.1,True,"SYNTHETIC - generated, not a business source: workspace assignment and consumption share invented; capacities and the SKU ladder are real"
canadacentral-dc10-cap03-ws01,Sales-BI,canadacentral-dc10-cap03,canadacentral,Data Warehouse,100.0,True,"SYNTHETIC - generated, not a business source: workspace assignment and consumption share invented; capacities and the SKU ladder are real"
canadaeast-dc01-cap01-ws01,Marketing-Analytics,canadaeast-dc01-cap01,canadaeast,Data Engineering,85.5,True,"SYNTHETIC - generated, not a business source: workspace assignment and consumption share invented; capacities and the SKU ladder are real"
canadaeast-dc01-cap01-ws02,Supply-Chain,canadaeast-dc01-cap01,canadaeast,Data Factory,0.6,True,"SYNTHETIC - generated, not a business source: workspace assignment and consumption share invented; capacities and the SKU ladder are real"
canadaeast-dc01-cap01-ws03,Customer-360,canadaeast-dc01-cap01,canadaeast,Data Engineering,0.4,True,"SYNTHETIC - generated, not a business source: workspace assignment and consumption share invented; capacities and the SKU ladder are real"
canadaeast-dc01-cap01-ws04,Data-Platform,canadaeast-dc01-cap01,canadaeast,Data Engineering,13.5,True,"SYNTHETIC - generated, not a business source: workspace assignment and consumption share invented; capacities and the SKU ladder are real"
canadaeast-dc01-cap02-ws01,Customer-360,canadaeast-dc01-cap02,canadaeast,Data Engineering,55.5,True,"SYNTHETIC - generated, not a business source: workspace assignment and consumption share invented; capacities and the SKU ladder are real"
canadaeast-dc01-cap02-ws02,Exec-Dashboards,canadaeast-dc01-cap02,canadaeast,Data Engineering,4.3,True,"SYNTHETIC - generated, not a business source: workspace assignment and consumption share invented; capacities and the SKU ladder are real"
canadaeast-dc01-cap02-ws03,Pricing,canadaeast-dc01-cap02,canadaeast,Real-Time Intelligence,1.6,True,"SYNTHETIC - generated, not a business source: workspace assignment and consumption share invented; capacities and the SKU ladder are real"
canadaeast-dc01-cap02-ws04,Product-Analytics,canadaeast-dc01-cap02,canadaeast,Data Science,38.6,True,"SYNTHETIC - generated, not a business source: workspace assignment and consumption share invented; capacities and the SKU ladder are real"
canadaeast-dc01-cap03-ws01,Marketing-Analytics,canadaeast-dc01-cap03,canadaeast,Data Factory,100.0,True,"SYNTHETIC - generated, not a business source: workspace assignment and consumption share invented; capacities and the SKU ladder are real"
canadaeast-dc01-cap04-ws01,Marketing-Analytics,canadaeast-dc01-cap04,canadaeast,Data Science,100.0,True,"SYNTHETIC - generated, not a business source: workspace assignment and consumption share invented; capacities and the SKU ladder are real"
canadaeast-dc02-cap01-ws01,Supply-Chain,canadaeast-dc02-cap01,canadaeast,Power BI,5.4,True,"SYNTHETIC - generated, not a business source: workspace assignment and consumption share invented; capacities and the SKU ladder are real"
canadaeast-dc02-cap01-ws02,Data-Platform,canadaeast-dc02-cap01,canadaeast,Data Science,1.6,True,"SYNTHETIC - generated, not a business source: workspace assignment and consumption share invented; capacities and the SKU ladder are real"
canadaeast-dc02-cap01-ws03,Exec-Dashboards,canadaeast-dc02-cap01,canadaeast,Data Factory,9.4,True,"SYNTHETIC - generated, not a business source: workspace assignment and consumption share invented; capacities and the SKU ladder are real"
canadaeast-dc02-cap01-ws04,Product-Analytics,canadaeast-dc02-cap01,canadaeast,Data Engineering,83.7,True,"SYNTHETIC - generated, not a business source: workspace assignment and consumption share invented; capacities and the SKU ladder are real"
canadaeast-dc02-cap02-ws01,Exec-Dashboards,canadaeast-dc02-cap02,canadaeast,Power BI,17.8,True,"SYNTHETIC - generated, not a business source: workspace assignment and consumption share invented; capacities and the SKU ladder are real"
canadaeast-dc02-cap02-ws02,Pricing,canadaeast-dc02-cap02,canadaeast,Data Science,6.3,True,"SYNTHETIC - generated, not a business source: workspace assignment and consumption share invented; capacities and the SKU ladder are real"
canadaeast-dc02-cap02-ws03,Supply-Chain,canadaeast-dc02-cap02,canadaeast,Data Warehouse,75.9,True,"SYNTHETIC - generated, not a business source: workspace assignment and consumption share invented; capacities and the SKU ladder are real"
canadaeast-dc03-cap01-ws01,Exec-Dashboards,canadaeast-dc03-cap01,canadaeast,Data Engineering,17.7,True,"SYNTHETIC - generated, not a business source: workspace assignment and consumption share invented; capacities and the SKU ladder are real"
canadaeast-dc03-cap01-ws02,Pricing,canadaeast-dc03-cap01,canadaeast,Data Science,39.9,True,"SYNTHETIC - generated, not a business source: workspace assignment and consumption share invented; capacities and the SKU ladder are real"
canadaeast-dc03-cap01-ws03,Product-Analytics,canadaeast-dc03-cap01,canadaeast,Power BI,6.6,True,"SYNTHETIC - generated, not a business source: workspace assignment and consumption share invented; capacities and the SKU ladder are real"
canadaeast-dc03-cap01-ws04,Pricing,canadaeast-dc03-cap01,canadaeast,Data Science,17.7,True,"SYNTHETIC - generated, not a business source: workspace assignment and consumption share invented; capacities and the SKU ladder are real"
canadaeast-dc03-cap01-ws05,Risk-Models,canadaeast-dc03-cap01,canadaeast,Power BI,18.0,True,"SYNTHETIC - generated, not a business source: workspace assignment and consumption share invented; capacities and the SKU ladder are real"
canadaeast-dc03-cap02-ws01,Field-Ops,canadaeast-dc03-cap02,canadaeast,Data Factory,100.0,True,"SYNTHETIC - generated, not a business source: workspace assignment and consumption share invented; capacities and the SKU ladder are real"
canadaeast-dc04-cap01-ws01,Finance-Reporting,canadaeast-dc04-cap01,canadaeast,Data Engineering,45.0,True,"SYNTHETIC - generated, not a business source: workspace assignment and consumption share invented; capacities and the SKU ladder are real"
canadaeast-dc04-cap01-ws02,Supply-Chain,canadaeast-dc04-cap01,canadaeast,Data Warehouse,49.6,True,"SYNTHETIC - generated, not a business source: workspace assignment and consumption share invented; capacities and the SKU ladder are real"
canadaeast-dc04-cap01-ws03,Data-Platform,canadaeast-dc04-cap01,canadaeast,Data Factory,1.1,True,"SYNTHETIC - generated, not a business source: workspace assignment and consumption share invented; capacities and the SKU ladder are real"
canadaeast-dc04-cap01-ws04,Customer-360,canadaeast-dc04-cap01,canadaeast,Data Warehouse,4.3,True,"SYNTHETIC - generated, not a business source: workspace assignment and consumption share invented; capacities and the SKU ladder are real"
canadaeast-dc04-cap02-ws01,Ops-Telemetry,canadaeast-dc04-cap02,canadaeast,Data Science,99.8,True,"SYNTHETIC - generated, not a business source: workspace assignment and consumption share invented; capacities and the SKU ladder are real"
canadaeast-dc04-cap02-ws02,Risk-Models,canadaeast-dc04-cap02,canadaeast,Data Science,0.2,True,"SYNTHETIC - generated, not a business source: workspace assignment and consumption share invented; capacities and the SKU ladder are real"
canadaeast-dc05-cap01-ws01,Product-Analytics,canadaeast-dc05-cap01,canadaeast,Data Factory,44.3,True,"SYNTHETIC - generated, not a business source: workspace assignment and consumption share invented; capacities and the SKU ladder are real"
canadaeast-dc05-cap01-ws02,Data-Platform,canadaeast-dc05-cap01,canadaeast,Data Engineering,25.4,True,"SYNTHETIC - generated, not a business source: workspace assignment and consumption share invented; capacities and the SKU ladder are real"
canadaeast-dc05-cap01-ws03,Sales-BI,canadaeast-dc05-cap01,canadaeast,Data Science,30.2,True,"SYNTHETIC - generated, not a business source: workspace assignment and consumption share invented; capacities and the SKU ladder are real"
canadaeast-dc05-cap02-ws01,Risk-Models,canadaeast-dc05-cap02,canadaeast,Power BI,31.8,True,"SYNTHETIC - generated, not a business source: workspace assignment and consumption share invented; capacities and the SKU ladder are real"
canadaeast-dc05-cap02-ws02,Risk-Models,canadaeast-dc05-cap02,canadaeast,Data Factory,23.0,True,"SYNTHETIC - generated, not a business source: workspace assignment and consumption share invented; capacities and the SKU ladder are real"
canadaeast-dc05-cap02-ws03,Field-Ops,canadaeast-dc05-cap02,canadaeast,Real-Time Intelligence,42.3,True,"SYNTHETIC - generated, not a business source: workspace assignment and consumption share invented; capacities and the SKU ladder are real"
canadaeast-dc05-cap02-ws04,Data-Platform,canadaeast-dc05-cap02,canadaeast,Data Factory,2.9,True,"SYNTHETIC - generated, not a business source: workspace assignment and consumption share invented; capacities and the SKU ladder are real"
canadaeast-dc05-cap03-ws01,Data-Platform,canadaeast-dc05-cap03,canadaeast,Power BI,34.6,True,"SYNTHETIC - generated, not a business source: workspace assignment and consumption share invented; capacities and the SKU ladder are real"
canadaeast-dc05-cap03-ws02,Customer-360,canadaeast-dc05-cap03,canadaeast,Data Science,13.0,True,"SYNTHETIC - generated, not a business source: workspace assignment and consumption share invented; capacities and the SKU ladder are real"
canadaeast-dc05-cap03-ws03,Product-Analytics,canadaeast-dc05-cap03,canadaeast,Data Warehouse,52.5,True,"SYNTHETIC - generated, not a business source: workspace assignment and consumption share invented; capacities and the SKU ladder are real"
canadaeast-dc06-cap01-ws01,Risk-Models,canadaeast-dc06-cap01,canadaeast,Data Engineering,63.8,True,"SYNTHETIC - generated, not a business source: workspace assignment and consumption share invented; capacities and the SKU ladder are real"
canadaeast-dc06-cap01-ws02,Pricing,canadaeast-dc06-cap01,canadaeast,Data Science,7.2,True,"SYNTHETIC - generated, not a business source: workspace assignment and consumption share invented; capacities and the SKU ladder are real"
canadaeast-dc06-cap01-ws03,Customer-360,canadaeast-dc06-cap01,canadaeast,Data Factory,0.0,True,"SYNTHETIC - generated, not a business source: workspace assignment and consumption share invented; capacities and the SKU ladder are real"
canadaeast-dc06-cap01-ws04,Customer-360,canadaeast-dc06-cap01,canadaeast,Data Science,0.0,True,"SYNTHETIC - generated, not a business source: workspace assignment and consumption share invented; capacities and the SKU ladder are real"
canadaeast-dc06-cap01-ws05,Finance-Reporting,canadaeast-dc06-cap01,canadaeast,Data Factory,14.0,True,"SYNTHETIC - generated, not a business source: workspace assignment and consumption share invented; capacities and the SKU ladder are real"
canadaeast-dc06-cap01-ws06,Field-Ops,canadaeast-dc06-cap01,canadaeast,Power BI,15.0,True,"SYNTHETIC - generated, not a business source: workspace assignment and consumption share invented; capacities and the SKU ladder are real"
canadaeast-dc06-cap02-ws01,Pricing,canadaeast-dc06-cap02,canadaeast,Data Factory,7.2,True,"SYNTHETIC - generated, not a business source: workspace assignment and consumption share invented; capacities and the SKU ladder are real"
canadaeast-dc06-cap02-ws02,Marketing-Analytics,canadaeast-dc06-cap02,canadaeast,Real-Time Intelligence,32.3,True,"SYNTHETIC - generated, not a business source: workspace assignment and consumption share invented; capacities and the SKU ladder are real"
canadaeast-dc06-cap02-ws03,Customer-360,canadaeast-dc06-cap02,canadaeast,Data Warehouse,27.7,True,"SYNTHETIC - generated, not a business source: workspace assignment and consumption share invented; capacities and the SKU ladder are real"
canadaeast-dc06-cap02-ws04,Exec-Dashboards,canadaeast-dc06-cap02,canadaeast,Data Factory,23.9,True,"SYNTHETIC - generated, not a business source: workspace assignment and consumption share invented; capacities and the SKU ladder are real"
canadaeast-dc06-cap02-ws05,Field-Ops,canadaeast-dc06-cap02,canadaeast,Real-Time Intelligence,8.9,True,"SYNTHETIC - generated, not a business source: workspace assignment and consumption share invented; capacities and the SKU ladder are real"
canadaeast-dc06-cap03-ws01,Customer-360,canadaeast-dc06-cap03,canadaeast,Data Factory,79.7,True,"SYNTHETIC - generated, not a business source: workspace assignment and consumption share invented; capacities and the SKU ladder are real"
canadaeast-dc06-cap03-ws02,Pricing,canadaeast-dc06-cap03,canadaeast,Data Science,20.3,True,"SYNTHETIC - generated, not a business source: workspace assignment and consumption share invented; capacities and the SKU ladder are real"
canadaeast-dc06-cap04-ws01,Exec-Dashboards,canadaeast-dc06-cap04,canadaeast,Data Science,100.0,True,"SYNTHETIC - generated, not a business source: workspace assignment and consumption share invented; capacities and the SKU ladder are real"
canadaeast-dc06-cap05-ws01,Finance-Reporting,canadaeast-dc06-cap05,canadaeast,Data Factory,100.0,True,"SYNTHETIC - generated, not a business source: workspace assignment and consumption share invented; capacities and the SKU ladder are real"
canadaeast-dc06-cap06-ws01,Ops-Telemetry,canadaeast-dc06-cap06,canadaeast,Data Science,100.0,True,"SYNTHETIC - generated, not a business source: workspace assignment and consumption share invented; capacities and the SKU ladder are real"
canadaeast-dc07-cap01-ws01,Ops-Telemetry,canadaeast-dc07-cap01,canadaeast,Data Engineering,17.1,True,"SYNTHETIC - generated, not a business source: workspace assignment and consumption share invented; capacities and the SKU ladder are real"
canadaeast-dc07-cap01-ws02,Product-Analytics,canadaeast-dc07-cap01,canadaeast,Data Warehouse,2.0,True,"SYNTHETIC - generated, not a business source: workspace assignment and consumption share invented; capacities and the SKU ladder are real"
canadaeast-dc07-cap01-ws03,Risk-Models,canadaeast-dc07-cap01,canadaeast,Real-Time Intelligence,65.5,True,"SYNTHETIC - generated, not a business source: workspace assignment and consumption share invented; capacities and the SKU ladder are real"
canadaeast-dc07-cap01-ws04,Sales-BI,canadaeast-dc07-cap01,canadaeast,Real-Time Intelligence,15.3,True,"SYNTHETIC - generated, not a business source: workspace assignment and consumption share invented; capacities and the SKU ladder are real"
canadaeast-dc08-cap01-ws01,Exec-Dashboards,canadaeast-dc08-cap01,canadaeast,Data Warehouse,26.8,True,"SYNTHETIC - generated, not a business source: workspace assignment and consumption share invented; capacities and the SKU ladder are real"
canadaeast-dc08-cap01-ws02,Finance-Reporting,canadaeast-dc08-cap01,canadaeast,Data Science,54.7,True,"SYNTHETIC - generated, not a business source: workspace assignment and consumption share invented; capacities and the SKU ladder are real"
canadaeast-dc08-cap01-ws03,Ops-Telemetry,canadaeast-dc08-cap01,canadaeast,Real-Time Intelligence,17.0,True,"SYNTHETIC - generated, not a business source: workspace assignment and consumption share invented; capacities and the SKU ladder are real"
canadaeast-dc08-cap01-ws04,Risk-Models,canadaeast-dc08-cap01,canadaeast,Real-Time Intelligence,1.5,True,"SYNTHETIC - generated, not a business source: workspace assignment and consumption share invented; capacities and the SKU ladder are real"
canadaeast-dc08-cap02-ws01,Exec-Dashboards,canadaeast-dc08-cap02,canadaeast,Data Engineering,35.6,True,"SYNTHETIC - generated, not a business source: workspace assignment and consumption share invented; capacities and the SKU ladder are real"
canadaeast-dc08-cap02-ws02,Pricing,canadaeast-dc08-cap02,canadaeast,Data Science,7.9,True,"SYNTHETIC - generated, not a business source: workspace assignment and consumption share invented; capacities and the SKU ladder are real"
canadaeast-dc08-cap02-ws03,Marketing-Analytics,canadaeast-dc08-cap02,canadaeast,Data Factory,52.2,True,"SYNTHETIC - generated, not a business source: workspace assignment and consumption share invented; capacities and the SKU ladder are real"
canadaeast-dc08-cap02-ws04,Pricing,canadaeast-dc08-cap02,canadaeast,Data Science,4.3,True,"SYNTHETIC - generated, not a business source: workspace assignment and consumption share invented; capacities and the SKU ladder are real"
canadaeast-dc08-cap03-ws01,Sales-BI,canadaeast-dc08-cap03,canadaeast,Data Engineering,10.8,True,"SYNTHETIC - generated, not a business source: workspace assignment and consumption share invented; capacities and the SKU ladder are real"
canadaeast-dc08-cap03-ws02,Pricing,canadaeast-dc08-cap03,canadaeast,Data Warehouse,39.0,True,"SYNTHETIC - generated, not a business source: workspace assignment and consumption share invented; capacities and the SKU ladder are real"
canadaeast-dc08-cap03-ws03,Data-Platform,canadaeast-dc08-cap03,canadaeast,Data Engineering,50.2,True,"SYNTHETIC - generated, not a business source: workspace assignment and consumption share invented; capacities and the SKU ladder are real"
canadaeast-dc08-cap04-ws01,Finance-Reporting,canadaeast-dc08-cap04,canadaeast,Data Engineering,100.0,True,"SYNTHETIC - generated, not a business source: workspace assignment and consumption share invented; capacities and the SKU ladder are real"
canadaeast-dc09-cap01-ws01,Pricing,canadaeast-dc09-cap01,canadaeast,Real-Time Intelligence,1.3,True,"SYNTHETIC - generated, not a business source: workspace assignment and consumption share invented; capacities and the SKU ladder are real"
canadaeast-dc09-cap01-ws02,Field-Ops,canadaeast-dc09-cap01,canadaeast,Data Engineering,42.6,True,"SYNTHETIC - generated, not a business source: workspace assignment and consumption share invented; capacities and the SKU ladder are real"
canadaeast-dc09-cap01-ws03,Customer-360,canadaeast-dc09-cap01,canadaeast,Data Warehouse,26.6,True,"SYNTHETIC - generated, not a business source: workspace assignment and consumption share invented; capacities and the SKU ladder are real"
canadaeast-dc09-cap01-ws04,Data-Platform,canadaeast-dc09-cap01,canadaeast,Real-Time Intelligence,23.9,True,"SYNTHETIC - generated, not a business source: workspace assignment and consumption share invented; capacities and the SKU ladder are real"
canadaeast-dc09-cap01-ws05,Marketing-Analytics,canadaeast-dc09-cap01,canadaeast,Data Factory,5.7,True,"SYNTHETIC - generated, not a business source: workspace assignment and consumption share invented; capacities and the SKU ladder are real"
canadaeast-dc09-cap02-ws01,Field-Ops,canadaeast-dc09-cap02,canadaeast,Power BI,3.4,True,"SYNTHETIC - generated, not a business source: workspace assignment and consumption share invented; capacities and the SKU ladder are real"
canadaeast-dc09-cap02-ws02,Risk-Models,canadaeast-dc09-cap02,canadaeast,Power BI,67.7,True,"SYNTHETIC - generated, not a business source: workspace assignment and consumption share invented; capacities and the SKU ladder are real"
canadaeast-dc09-cap02-ws03,Pricing,canadaeast-dc09-cap02,canadaeast,Data Engineering,28.9,True,"SYNTHETIC - generated, not a business source: workspace assignment and consumption share invented; capacities and the SKU ladder are real"
canadaeast-dc09-cap03-ws01,Sales-BI,canadaeast-dc09-cap03,canadaeast,Data Factory,25.6,True,"SYNTHETIC - generated, not a business source: workspace assignment and consumption share invented; capacities and the SKU ladder are real"
canadaeast-dc09-cap03-ws02,Risk-Models,canadaeast-dc09-cap03,canadaeast,Data Factory,17.6,True,"SYNTHETIC - generated, not a business source: workspace assignment and consumption share invented; capacities and the SKU ladder are real"
canadaeast-dc09-cap03-ws03,Customer-360,canadaeast-dc09-cap03,canadaeast,Real-Time Intelligence,14.0,True,"SYNTHETIC - generated, not a business source: workspace assignment and consumption share invented; capacities and the SKU ladder are real"
canadaeast-dc09-cap03-ws04,Marketing-Analytics,canadaeast-dc09-cap03,canadaeast,Power BI,42.7,True,"SYNTHETIC - generated, not a business source: workspace assignment and consumption share invented; capacities and the SKU ladder are real"
canadaeast-dc09-cap04-ws01,Marketing-Analytics,canadaeast-dc09-cap04,canadaeast,Real-Time Intelligence,100.0,True,"SYNTHETIC - generated, not a business source: workspace assignment and consumption share invented; capacities and the SKU ladder are real"
canadaeast-dc09-cap05-ws01,Pricing,canadaeast-dc09-cap05,canadaeast,Power BI,11.0,True,"SYNTHETIC - generated, not a business source: workspace assignment and consumption share invented; capacities and the SKU ladder are real"
canadaeast-dc09-cap05-ws02,Supply-Chain,canadaeast-dc09-cap05,canadaeast,Power BI,89.0,True,"SYNTHETIC - generated, not a business source: workspace assignment and consumption share invented; capacities and the SKU ladder are real"
canadaeast-dc10-cap01-ws01,Finance-Reporting,canadaeast-dc10-cap01,canadaeast,Data Factory,16.5,True,"SYNTHETIC - generated, not a business source: workspace assignment and consumption share invented; capacities and the SKU ladder are real"
canadaeast-dc10-cap01-ws02,Marketing-Analytics,canadaeast-dc10-cap01,canadaeast,Data Factory,3.3,True,"SYNTHETIC - generated, not a business source: workspace assignment and consumption share invented; capacities and the SKU ladder are real"
canadaeast-dc10-cap01-ws03,Pricing,canadaeast-dc10-cap01,canadaeast,Data Engineering,20.3,True,"SYNTHETIC - generated, not a business source: workspace assignment and consumption share invented; capacities and the SKU ladder are real"
canadaeast-dc10-cap01-ws04,Ops-Telemetry,canadaeast-dc10-cap01,canadaeast,Power BI,13.6,True,"SYNTHETIC - generated, not a business source: workspace assignment and consumption share invented; capacities and the SKU ladder are real"
canadaeast-dc10-cap01-ws05,Supply-Chain,canadaeast-dc10-cap01,canadaeast,Data Warehouse,16.8,True,"SYNTHETIC - generated, not a business source: workspace assignment and consumption share invented; capacities and the SKU ladder are real"
canadaeast-dc10-cap01-ws06,Ops-Telemetry,canadaeast-dc10-cap01,canadaeast,Real-Time Intelligence,29.6,True,"SYNTHETIC - generated, not a business source: workspace assignment and consumption share invented; capacities and the SKU ladder are real"
canadaeast-dc10-cap02-ws01,Exec-Dashboards,canadaeast-dc10-cap02,canadaeast,Data Warehouse,23.9,True,"SYNTHETIC - generated, not a business source: workspace assignment and consumption share invented; capacities and the SKU ladder are real"
canadaeast-dc10-cap02-ws02,Ops-Telemetry,canadaeast-dc10-cap02,canadaeast,Data Factory,17.9,True,"SYNTHETIC - generated, not a business source: workspace assignment and consumption share invented; capacities and the SKU ladder are real"
canadaeast-dc10-cap02-ws03,Data-Platform,canadaeast-dc10-cap02,canadaeast,Data Factory,56.6,True,"SYNTHETIC - generated, not a business source: workspace assignment and consumption share invented; capacities and the SKU ladder are real"
canadaeast-dc10-cap02-ws04,Exec-Dashboards,canadaeast-dc10-cap02,canadaeast,Data Factory,1.6,True,"SYNTHETIC - generated, not a business source: workspace assignment and consumption share invented; capacities and the SKU ladder are real"
canadaeast-dc10-cap03-ws01,Risk-Models,canadaeast-dc10-cap03,canadaeast,Data Engineering,53.9,True,"SYNTHETIC - generated, not a business source: workspace assignment and consumption share invented; capacities and the SKU ladder are real"
canadaeast-dc10-cap03-ws02,Data-Platform,canadaeast-dc10-cap03,canadaeast,Data Factory,41.7,True,"SYNTHETIC - generated, not a business source: workspace assignment and consumption share invented; capacities and the SKU ladder are real"
canadaeast-dc10-cap03-ws03,Customer-360,canadaeast-dc10-cap03,canadaeast,Data Engineering,4.0,True,"SYNTHETIC - generated, not a business source: workspace assignment and consumption share invented; capacities and the SKU ladder are real"
canadaeast-dc10-cap03-ws04,Risk-Models,canadaeast-dc10-cap03,canadaeast,Real-Time Intelligence,0.3,True,"SYNTHETIC - generated, not a business source: workspace assignment and consumption share invented; capacities and the SKU ladder are real"
canadaeast-dc10-cap03-ws05,Pricing,canadaeast-dc10-cap03,canadaeast,Data Science,0.1,True,"SYNTHETIC - generated, not a business source: workspace assignment and consumption share invented; capacities and the SKU ladder are real"
canadaeast-dc10-cap04-ws01,Marketing-Analytics,canadaeast-dc10-cap04,canadaeast,Power BI,90.9,True,"SYNTHETIC - generated, not a business source: workspace assignment and consumption share invented; capacities and the SKU ladder are real"
canadaeast-dc10-cap04-ws02,Supply-Chain,canadaeast-dc10-cap04,canadaeast,Real-Time Intelligence,9.1,True,"SYNTHETIC - generated, not a business source: workspace assignment and consumption share invented; capacities and the SKU ladder are real"
canadaeast-dc10-cap05-ws01,Sales-BI,canadaeast-dc10-cap05,canadaeast,Data Engineering,69.4,True,"SYNTHETIC - generated, not a business source: workspace assignment and consumption share invented; capacities and the SKU ladder are real"
canadaeast-dc10-cap05-ws02,Field-Ops,canadaeast-dc10-cap05,canadaeast,Real-Time Intelligence,15.4,True,"SYNTHETIC - generated, not a business source: workspace assignment and consumption share invented; capacities and the SKU ladder are real"
canadaeast-dc10-cap05-ws03,Product-Analytics,canadaeast-dc10-cap05,canadaeast,Data Warehouse,15.2,True,"SYNTHETIC - generated, not a business source: workspace assignment and consumption share invented; capacities and the SKU ladder are real"
canadaeast-dc10-cap06-ws01,Risk-Models,canadaeast-dc10-cap06,canadaeast,Data Engineering,100.0,True,"SYNTHETIC - generated, not a business source: workspace assignment and consumption share invented; capacities and the SKU ladder are real"
eastus2-dc01-cap01-ws01,Sales-BI,eastus2-dc01-cap01,eastus2,Power BI,3.1,True,"SYNTHETIC - generated, not a business source: workspace assignment and consumption share invented; capacities and the SKU ladder are real"
eastus2-dc01-cap01-ws02,Field-Ops,eastus2-dc01-cap01,eastus2,Data Science,19.0,True,"SYNTHETIC - generated, not a business source: workspace assignment and consumption share invented; capacities and the SKU ladder are real"
eastus2-dc01-cap01-ws03,Ops-Telemetry,eastus2-dc01-cap01,eastus2,Data Engineering,20.8,True,"SYNTHETIC - generated, not a business source: workspace assignment and consumption share invented; capacities and the SKU ladder are real"
eastus2-dc01-cap01-ws04,Finance-Reporting,eastus2-dc01-cap01,eastus2,Data Engineering,0.0,True,"SYNTHETIC - generated, not a business source: workspace assignment and consumption share invented; capacities and the SKU ladder are real"
eastus2-dc01-cap01-ws05,Product-Analytics,eastus2-dc01-cap01,eastus2,Data Science,6.8,True,"SYNTHETIC - generated, not a business source: workspace assignment and consumption share invented; capacities and the SKU ladder are real"
eastus2-dc01-cap01-ws06,Customer-360,eastus2-dc01-cap01,eastus2,Data Science,42.8,True,"SYNTHETIC - generated, not a business source: workspace assignment and consumption share invented; capacities and the SKU ladder are real"
eastus2-dc01-cap01-ws07,Ops-Telemetry,eastus2-dc01-cap01,eastus2,Power BI,7.4,True,"SYNTHETIC - generated, not a business source: workspace assignment and consumption share invented; capacities and the SKU ladder are real"
eastus2-dc01-cap02-ws01,Data-Platform,eastus2-dc01-cap02,eastus2,Data Warehouse,24.7,True,"SYNTHETIC - generated, not a business source: workspace assignment and consumption share invented; capacities and the SKU ladder are real"
eastus2-dc01-cap02-ws02,Marketing-Analytics,eastus2-dc01-cap02,eastus2,Data Warehouse,15.8,True,"SYNTHETIC - generated, not a business source: workspace assignment and consumption share invented; capacities and the SKU ladder are real"
eastus2-dc01-cap02-ws03,Marketing-Analytics,eastus2-dc01-cap02,eastus2,Power BI,51.1,True,"SYNTHETIC - generated, not a business source: workspace assignment and consumption share invented; capacities and the SKU ladder are real"
eastus2-dc01-cap02-ws04,Field-Ops,eastus2-dc01-cap02,eastus2,Data Factory,4.1,True,"SYNTHETIC - generated, not a business source: workspace assignment and consumption share invented; capacities and the SKU ladder are real"
eastus2-dc01-cap02-ws05,Supply-Chain,eastus2-dc01-cap02,eastus2,Data Warehouse,4.4,True,"SYNTHETIC - generated, not a business source: workspace assignment and consumption share invented; capacities and the SKU ladder are real"
eastus2-dc01-cap03-ws01,Exec-Dashboards,eastus2-dc01-cap03,eastus2,Power BI,3.5,True,"SYNTHETIC - generated, not a business source: workspace assignment and consumption share invented; capacities and the SKU ladder are real"
eastus2-dc01-cap03-ws02,Data-Platform,eastus2-dc01-cap03,eastus2,Data Science,35.8,True,"SYNTHETIC - generated, not a business source: workspace assignment and consumption share invented; capacities and the SKU ladder are real"
eastus2-dc01-cap03-ws03,Supply-Chain,eastus2-dc01-cap03,eastus2,Data Warehouse,27.8,True,"SYNTHETIC - generated, not a business source: workspace assignment and consumption share invented; capacities and the SKU ladder are real"
eastus2-dc01-cap03-ws04,Customer-360,eastus2-dc01-cap03,eastus2,Real-Time Intelligence,32.9,True,"SYNTHETIC - generated, not a business source: workspace assignment and consumption share invented; capacities and the SKU ladder are real"
eastus2-dc01-cap04-ws01,Exec-Dashboards,eastus2-dc01-cap04,eastus2,Real-Time Intelligence,4.9,True,"SYNTHETIC - generated, not a business source: workspace assignment and consumption share invented; capacities and the SKU ladder are real"
eastus2-dc01-cap04-ws02,Customer-360,eastus2-dc01-cap04,eastus2,Data Engineering,4.7,True,"SYNTHETIC - generated, not a business source: workspace assignment and consumption share invented; capacities and the SKU ladder are real"
eastus2-dc01-cap04-ws03,Customer-360,eastus2-dc01-cap04,eastus2,Power BI,90.4,True,"SYNTHETIC - generated, not a business source: workspace assignment and consumption share invented; capacities and the SKU ladder are real"
eastus2-dc01-cap05-ws01,Product-Analytics,eastus2-dc01-cap05,eastus2,Data Warehouse,23.4,True,"SYNTHETIC - generated, not a business source: workspace assignment and consumption share invented; capacities and the SKU ladder are real"
eastus2-dc01-cap05-ws02,Sales-BI,eastus2-dc01-cap05,eastus2,Real-Time Intelligence,76.6,True,"SYNTHETIC - generated, not a business source: workspace assignment and consumption share invented; capacities and the SKU ladder are real"
eastus2-dc02-cap01-ws01,Field-Ops,eastus2-dc02-cap01,eastus2,Real-Time Intelligence,5.3,True,"SYNTHETIC - generated, not a business source: workspace assignment and consumption share invented; capacities and the SKU ladder are real"
eastus2-dc02-cap01-ws02,Pricing,eastus2-dc02-cap01,eastus2,Data Science,49.6,True,"SYNTHETIC - generated, not a business source: workspace assignment and consumption share invented; capacities and the SKU ladder are real"
eastus2-dc02-cap01-ws03,Supply-Chain,eastus2-dc02-cap01,eastus2,Power BI,8.3,True,"SYNTHETIC - generated, not a business source: workspace assignment and consumption share invented; capacities and the SKU ladder are real"
eastus2-dc02-cap01-ws04,Exec-Dashboards,eastus2-dc02-cap01,eastus2,Data Factory,9.9,True,"SYNTHETIC - generated, not a business source: workspace assignment and consumption share invented; capacities and the SKU ladder are real"
eastus2-dc02-cap01-ws05,Pricing,eastus2-dc02-cap01,eastus2,Real-Time Intelligence,26.9,True,"SYNTHETIC - generated, not a business source: workspace assignment and consumption share invented; capacities and the SKU ladder are real"
eastus2-dc02-cap02-ws01,Sales-BI,eastus2-dc02-cap02,eastus2,Data Science,46.3,True,"SYNTHETIC - generated, not a business source: workspace assignment and consumption share invented; capacities and the SKU ladder are real"
eastus2-dc02-cap02-ws02,Exec-Dashboards,eastus2-dc02-cap02,eastus2,Real-Time Intelligence,53.7,True,"SYNTHETIC - generated, not a business source: workspace assignment and consumption share invented; capacities and the SKU ladder are real"
eastus2-dc02-cap03-ws01,Pricing,eastus2-dc02-cap03,eastus2,Data Science,99.8,True,"SYNTHETIC - generated, not a business source: workspace assignment and consumption share invented; capacities and the SKU ladder are real"
eastus2-dc02-cap03-ws02,Customer-360,eastus2-dc02-cap03,eastus2,Real-Time Intelligence,0.2,True,"SYNTHETIC - generated, not a business source: workspace assignment and consumption share invented; capacities and the SKU ladder are real"
eastus2-dc03-cap01-ws01,Exec-Dashboards,eastus2-dc03-cap01,eastus2,Data Science,15.3,True,"SYNTHETIC - generated, not a business source: workspace assignment and consumption share invented; capacities and the SKU ladder are real"
eastus2-dc03-cap01-ws02,Customer-360,eastus2-dc03-cap01,eastus2,Data Warehouse,4.9,True,"SYNTHETIC - generated, not a business source: workspace assignment and consumption share invented; capacities and the SKU ladder are real"
eastus2-dc03-cap01-ws03,Exec-Dashboards,eastus2-dc03-cap01,eastus2,Real-Time Intelligence,79.8,True,"SYNTHETIC - generated, not a business source: workspace assignment and consumption share invented; capacities and the SKU ladder are real"
eastus2-dc03-cap02-ws01,Pricing,eastus2-dc03-cap02,eastus2,Real-Time Intelligence,31.1,True,"SYNTHETIC - generated, not a business source: workspace assignment and consumption share invented; capacities and the SKU ladder are real"
eastus2-dc03-cap02-ws02,Sales-BI,eastus2-dc03-cap02,eastus2,Power BI,49.3,True,"SYNTHETIC - generated, not a business source: workspace assignment and consumption share invented; capacities and the SKU ladder are real"
eastus2-dc03-cap02-ws03,Data-Platform,eastus2-dc03-cap02,eastus2,Power BI,7.4,True,"SYNTHETIC - generated, not a business source: workspace assignment and consumption share invented; capacities and the SKU ladder are real"
eastus2-dc03-cap02-ws04,Supply-Chain,eastus2-dc03-cap02,eastus2,Power BI,12.1,True,"SYNTHETIC - generated, not a business source: workspace assignment and consumption share invented; capacities and the SKU ladder are real"
eastus2-dc03-cap03-ws01,Finance-Reporting,eastus2-dc03-cap03,eastus2,Real-Time Intelligence,53.6,True,"SYNTHETIC - generated, not a business source: workspace assignment and consumption share invented; capacities and the SKU ladder are real"
eastus2-dc03-cap03-ws02,Field-Ops,eastus2-dc03-cap03,eastus2,Data Factory,11.2,True,"SYNTHETIC - generated, not a business source: workspace assignment and consumption share invented; capacities and the SKU ladder are real"
eastus2-dc03-cap03-ws03,Exec-Dashboards,eastus2-dc03-cap03,eastus2,Data Engineering,35.2,True,"SYNTHETIC - generated, not a business source: workspace assignment and consumption share invented; capacities and the SKU ladder are real"
eastus2-dc03-cap04-ws01,Sales-BI,eastus2-dc03-cap04,eastus2,Data Science,30.2,True,"SYNTHETIC - generated, not a business source: workspace assignment and consumption share invented; capacities and the SKU ladder are real"
eastus2-dc03-cap04-ws02,Field-Ops,eastus2-dc03-cap04,eastus2,Power BI,0.7,True,"SYNTHETIC - generated, not a business source: workspace assignment and consumption share invented; capacities and the SKU ladder are real"
eastus2-dc03-cap04-ws03,Pricing,eastus2-dc03-cap04,eastus2,Power BI,69.2,True,"SYNTHETIC - generated, not a business source: workspace assignment and consumption share invented; capacities and the SKU ladder are real"
eastus2-dc03-cap05-ws01,Supply-Chain,eastus2-dc03-cap05,eastus2,Data Engineering,100.0,True,"SYNTHETIC - generated, not a business source: workspace assignment and consumption share invented; capacities and the SKU ladder are real"
eastus2-dc04-cap01-ws01,Sales-BI,eastus2-dc04-cap01,eastus2,Data Engineering,18.2,True,"SYNTHETIC - generated, not a business source: workspace assignment and consumption share invented; capacities and the SKU ladder are real"
eastus2-dc04-cap01-ws02,Marketing-Analytics,eastus2-dc04-cap01,eastus2,Real-Time Intelligence,22.8,True,"SYNTHETIC - generated, not a business source: workspace assignment and consumption share invented; capacities and the SKU ladder are real"
eastus2-dc04-cap01-ws03,Sales-BI,eastus2-dc04-cap01,eastus2,Power BI,2.4,True,"SYNTHETIC - generated, not a business source: workspace assignment and consumption share invented; capacities and the SKU ladder are real"
eastus2-dc04-cap01-ws04,Customer-360,eastus2-dc04-cap01,eastus2,Data Science,56.6,True,"SYNTHETIC - generated, not a business source: workspace assignment and consumption share invented; capacities and the SKU ladder are real"
eastus2-dc04-cap02-ws01,Marketing-Analytics,eastus2-dc04-cap02,eastus2,Data Factory,26.8,True,"SYNTHETIC - generated, not a business source: workspace assignment and consumption share invented; capacities and the SKU ladder are real"
eastus2-dc04-cap02-ws02,Product-Analytics,eastus2-dc04-cap02,eastus2,Data Warehouse,4.9,True,"SYNTHETIC - generated, not a business source: workspace assignment and consumption share invented; capacities and the SKU ladder are real"
eastus2-dc04-cap02-ws03,Product-Analytics,eastus2-dc04-cap02,eastus2,Data Factory,20.6,True,"SYNTHETIC - generated, not a business source: workspace assignment and consumption share invented; capacities and the SKU ladder are real"
eastus2-dc04-cap02-ws04,Finance-Reporting,eastus2-dc04-cap02,eastus2,Data Science,47.6,True,"SYNTHETIC - generated, not a business source: workspace assignment and consumption share invented; capacities and the SKU ladder are real"
eastus2-dc04-cap03-ws01,Marketing-Analytics,eastus2-dc04-cap03,eastus2,Data Science,10.3,True,"SYNTHETIC - generated, not a business source: workspace assignment and consumption share invented; capacities and the SKU ladder are real"
eastus2-dc04-cap03-ws02,Supply-Chain,eastus2-dc04-cap03,eastus2,Real-Time Intelligence,89.7,True,"SYNTHETIC - generated, not a business source: workspace assignment and consumption share invented; capacities and the SKU ladder are real"
eastus2-dc04-cap04-ws01,Ops-Telemetry,eastus2-dc04-cap04,eastus2,Data Engineering,1.3,True,"SYNTHETIC - generated, not a business source: workspace assignment and consumption share invented; capacities and the SKU ladder are real"
eastus2-dc04-cap04-ws02,Risk-Models,eastus2-dc04-cap04,eastus2,Power BI,98.7,True,"SYNTHETIC - generated, not a business source: workspace assignment and consumption share invented; capacities and the SKU ladder are real"
eastus2-dc04-cap05-ws01,Ops-Telemetry,eastus2-dc04-cap05,eastus2,Data Warehouse,100.0,True,"SYNTHETIC - generated, not a business source: workspace assignment and consumption share invented; capacities and the SKU ladder are real"
eastus2-dc05-cap01-ws01,Data-Platform,eastus2-dc05-cap01,eastus2,Real-Time Intelligence,47.3,True,"SYNTHETIC - generated, not a business source: workspace assignment and consumption share invented; capacities and the SKU ladder are real"
eastus2-dc05-cap01-ws02,Risk-Models,eastus2-dc05-cap01,eastus2,Data Factory,47.4,True,"SYNTHETIC - generated, not a business source: workspace assignment and consumption share invented; capacities and the SKU ladder are real"
eastus2-dc05-cap01-ws03,Marketing-Analytics,eastus2-dc05-cap01,eastus2,Data Science,5.2,True,"SYNTHETIC - generated, not a business source: workspace assignment and consumption share invented; capacities and the SKU ladder are real"
eastus2-dc05-cap01-ws04,Data-Platform,eastus2-dc05-cap01,eastus2,Data Factory,0.1,True,"SYNTHETIC - generated, not a business source: workspace assignment and consumption share invented; capacities and the SKU ladder are real"
eastus2-dc05-cap02-ws01,Marketing-Analytics,eastus2-dc05-cap02,eastus2,Data Factory,77.8,True,"SYNTHETIC - generated, not a business source: workspace assignment and consumption share invented; capacities and the SKU ladder are real"
eastus2-dc05-cap02-ws02,Customer-360,eastus2-dc05-cap02,eastus2,Data Science,22.2,True,"SYNTHETIC - generated, not a business source: workspace assignment and consumption share invented; capacities and the SKU ladder are real"
eastus2-dc06-cap01-ws01,Field-Ops,eastus2-dc06-cap01,eastus2,Power BI,37.0,True,"SYNTHETIC - generated, not a business source: workspace assignment and consumption share invented; capacities and the SKU ladder are real"
eastus2-dc06-cap01-ws02,Exec-Dashboards,eastus2-dc06-cap01,eastus2,Data Science,29.9,True,"SYNTHETIC - generated, not a business source: workspace assignment and consumption share invented; capacities and the SKU ladder are real"
eastus2-dc06-cap01-ws03,Data-Platform,eastus2-dc06-cap01,eastus2,Data Factory,33.0,True,"SYNTHETIC - generated, not a business source: workspace assignment and consumption share invented; capacities and the SKU ladder are real"
eastus2-dc06-cap02-ws01,Pricing,eastus2-dc06-cap02,eastus2,Data Factory,0.0,True,"SYNTHETIC - generated, not a business source: workspace assignment and consumption share invented; capacities and the SKU ladder are real"
eastus2-dc06-cap02-ws02,Supply-Chain,eastus2-dc06-cap02,eastus2,Data Warehouse,52.9,True,"SYNTHETIC - generated, not a business source: workspace assignment and consumption share invented; capacities and the SKU ladder are real"
eastus2-dc06-cap02-ws03,Risk-Models,eastus2-dc06-cap02,eastus2,Data Engineering,47.1,True,"SYNTHETIC - generated, not a business source: workspace assignment and consumption share invented; capacities and the SKU ladder are real"
eastus2-dc06-cap03-ws01,Supply-Chain,eastus2-dc06-cap03,eastus2,Data Warehouse,100.0,True,"SYNTHETIC - generated, not a business source: workspace assignment and consumption share invented; capacities and the SKU ladder are real"
eastus2-dc07-cap01-ws01,Field-Ops,eastus2-dc07-cap01,eastus2,Real-Time Intelligence,14.0,True,"SYNTHETIC - generated, not a business source: workspace assignment and consumption share invented; capacities and the SKU ladder are real"
eastus2-dc07-cap01-ws02,Risk-Models,eastus2-dc07-cap01,eastus2,Power BI,1.9,True,"SYNTHETIC - generated, not a business source: workspace assignment and consumption share invented; capacities and the SKU ladder are real"
eastus2-dc07-cap01-ws03,Product-Analytics,eastus2-dc07-cap01,eastus2,Data Warehouse,84.0,True,"SYNTHETIC - generated, not a business source: workspace assignment and consumption share invented; capacities and the SKU ladder are real"
eastus2-dc07-cap02-ws01,Ops-Telemetry,eastus2-dc07-cap02,eastus2,Data Engineering,5.5,True,"SYNTHETIC - generated, not a business source: workspace assignment and consumption share invented; capacities and the SKU ladder are real"
eastus2-dc07-cap02-ws02,Risk-Models,eastus2-dc07-cap02,eastus2,Power BI,20.8,True,"SYNTHETIC - generated, not a business source: workspace assignment and consumption share invented; capacities and the SKU ladder are real"
eastus2-dc07-cap02-ws03,Exec-Dashboards,eastus2-dc07-cap02,eastus2,Data Science,26.0,True,"SYNTHETIC - generated, not a business source: workspace assignment and consumption share invented; capacities and the SKU ladder are real"
eastus2-dc07-cap02-ws04,Sales-BI,eastus2-dc07-cap02,eastus2,Data Factory,38.6,True,"SYNTHETIC - generated, not a business source: workspace assignment and consumption share invented; capacities and the SKU ladder are real"
eastus2-dc07-cap02-ws05,Customer-360,eastus2-dc07-cap02,eastus2,Power BI,9.2,True,"SYNTHETIC - generated, not a business source: workspace assignment and consumption share invented; capacities and the SKU ladder are real"
eastus2-dc07-cap03-ws01,Supply-Chain,eastus2-dc07-cap03,eastus2,Real-Time Intelligence,22.3,True,"SYNTHETIC - generated, not a business source: workspace assignment and consumption share invented; capacities and the SKU ladder are real"
eastus2-dc07-cap03-ws02,Exec-Dashboards,eastus2-dc07-cap03,eastus2,Data Engineering,73.4,True,"SYNTHETIC - generated, not a business source: workspace assignment and consumption share invented; capacities and the SKU ladder are real"
eastus2-dc07-cap03-ws03,Supply-Chain,eastus2-dc07-cap03,eastus2,Data Science,4.3,True,"SYNTHETIC - generated, not a business source: workspace assignment and consumption share invented; capacities and the SKU ladder are real"
eastus2-dc07-cap04-ws01,Customer-360,eastus2-dc07-cap04,eastus2,Data Science,25.0,True,"SYNTHETIC - generated, not a business source: workspace assignment and consumption share invented; capacities and the SKU ladder are real"
eastus2-dc07-cap04-ws02,Supply-Chain,eastus2-dc07-cap04,eastus2,Data Factory,75.0,True,"SYNTHETIC - generated, not a business source: workspace assignment and consumption share invented; capacities and the SKU ladder are real"
eastus2-dc08-cap01-ws01,Data-Platform,eastus2-dc08-cap01,eastus2,Power BI,1.8,True,"SYNTHETIC - generated, not a business source: workspace assignment and consumption share invented; capacities and the SKU ladder are real"
eastus2-dc08-cap01-ws02,Field-Ops,eastus2-dc08-cap01,eastus2,Data Engineering,2.2,True,"SYNTHETIC - generated, not a business source: workspace assignment and consumption share invented; capacities and the SKU ladder are real"
eastus2-dc08-cap01-ws03,Customer-360,eastus2-dc08-cap01,eastus2,Data Warehouse,43.1,True,"SYNTHETIC - generated, not a business source: workspace assignment and consumption share invented; capacities and the SKU ladder are real"
eastus2-dc08-cap01-ws04,Ops-Telemetry,eastus2-dc08-cap01,eastus2,Data Factory,0.2,True,"SYNTHETIC - generated, not a business source: workspace assignment and consumption share invented; capacities and the SKU ladder are real"
eastus2-dc08-cap01-ws05,Customer-360,eastus2-dc08-cap01,eastus2,Power BI,48.6,True,"SYNTHETIC - generated, not a business source: workspace assignment and consumption share invented; capacities and the SKU ladder are real"
eastus2-dc08-cap01-ws06,Risk-Models,eastus2-dc08-cap01,eastus2,Power BI,4.1,True,"SYNTHETIC - generated, not a business source: workspace assignment and consumption share invented; capacities and the SKU ladder are real"
eastus2-dc08-cap02-ws01,Field-Ops,eastus2-dc08-cap02,eastus2,Data Warehouse,13.3,True,"SYNTHETIC - generated, not a business source: workspace assignment and consumption share invented; capacities and the SKU ladder are real"
eastus2-dc08-cap02-ws02,Sales-BI,eastus2-dc08-cap02,eastus2,Data Science,36.2,True,"SYNTHETIC - generated, not a business source: workspace assignment and consumption share invented; capacities and the SKU ladder are real"
eastus2-dc08-cap02-ws03,Pricing,eastus2-dc08-cap02,eastus2,Data Science,1.2,True,"SYNTHETIC - generated, not a business source: workspace assignment and consumption share invented; capacities and the SKU ladder are real"
eastus2-dc08-cap02-ws04,Finance-Reporting,eastus2-dc08-cap02,eastus2,Data Factory,45.4,True,"SYNTHETIC - generated, not a business source: workspace assignment and consumption share invented; capacities and the SKU ladder are real"
eastus2-dc08-cap02-ws05,Ops-Telemetry,eastus2-dc08-cap02,eastus2,Data Warehouse,4.0,True,"SYNTHETIC - generated, not a business source: workspace assignment and consumption share invented; capacities and the SKU ladder are real"
eastus2-dc08-cap03-ws01,Exec-Dashboards,eastus2-dc08-cap03,eastus2,Data Engineering,1.1,True,"SYNTHETIC - generated, not a business source: workspace assignment and consumption share invented; capacities and the SKU ladder are real"
eastus2-dc08-cap03-ws02,Field-Ops,eastus2-dc08-cap03,eastus2,Power BI,35.7,True,"SYNTHETIC - generated, not a business source: workspace assignment and consumption share invented; capacities and the SKU ladder are real"
eastus2-dc08-cap03-ws03,Marketing-Analytics,eastus2-dc08-cap03,eastus2,Data Warehouse,63.2,True,"SYNTHETIC - generated, not a business source: workspace assignment and consumption share invented; capacities and the SKU ladder are real"
eastus2-dc08-cap04-ws01,Product-Analytics,eastus2-dc08-cap04,eastus2,Real-Time Intelligence,8.9,True,"SYNTHETIC - generated, not a business source: workspace assignment and consumption share invented; capacities and the SKU ladder are real"
eastus2-dc08-cap04-ws02,Supply-Chain,eastus2-dc08-cap04,eastus2,Power BI,43.1,True,"SYNTHETIC - generated, not a business source: workspace assignment and consumption share invented; capacities and the SKU ladder are real"
eastus2-dc08-cap04-ws03,Field-Ops,eastus2-dc08-cap04,eastus2,Data Engineering,48.0,True,"SYNTHETIC - generated, not a business source: workspace assignment and consumption share invented; capacities and the SKU ladder are real"
eastus2-dc08-cap05-ws01,Ops-Telemetry,eastus2-dc08-cap05,eastus2,Real-Time Intelligence,74.1,True,"SYNTHETIC - generated, not a business source: workspace assignment and consumption share invented; capacities and the SKU ladder are real"
eastus2-dc08-cap05-ws02,Marketing-Analytics,eastus2-dc08-cap05,eastus2,Power BI,25.9,True,"SYNTHETIC - generated, not a business source: workspace assignment and consumption share invented; capacities and the SKU ladder are real"
eastus2-dc09-cap01-ws01,Ops-Telemetry,eastus2-dc09-cap01,eastus2,Data Warehouse,88.8,True,"SYNTHETIC - generated, not a business source: workspace assignment and consumption share invented; capacities and the SKU ladder are real"
eastus2-dc09-cap01-ws02,Supply-Chain,eastus2-dc09-cap01,eastus2,Data Factory,11.2,True,"SYNTHETIC - generated, not a business source: workspace assignment and consumption share invented; capacities and the SKU ladder are real"
eastus2-dc09-cap02-ws01,Product-Analytics,eastus2-dc09-cap02,eastus2,Power BI,71.1,True,"SYNTHETIC - generated, not a business source: workspace assignment and consumption share invented; capacities and the SKU ladder are real"
eastus2-dc09-cap02-ws02,Product-Analytics,eastus2-dc09-cap02,eastus2,Power BI,28.9,True,"SYNTHETIC - generated, not a business source: workspace assignment and consumption share invented; capacities and the SKU ladder are real"
eastus2-dc10-cap01-ws01,Sales-BI,eastus2-dc10-cap01,eastus2,Power BI,18.1,True,"SYNTHETIC - generated, not a business source: workspace assignment and consumption share invented; capacities and the SKU ladder are real"
eastus2-dc10-cap01-ws02,Ops-Telemetry,eastus2-dc10-cap01,eastus2,Data Factory,31.5,True,"SYNTHETIC - generated, not a business source: workspace assignment and consumption share invented; capacities and the SKU ladder are real"
eastus2-dc10-cap01-ws03,Ops-Telemetry,eastus2-dc10-cap01,eastus2,Data Warehouse,10.6,True,"SYNTHETIC - generated, not a business source: workspace assignment and consumption share invented; capacities and the SKU ladder are real"
eastus2-dc10-cap01-ws04,Pricing,eastus2-dc10-cap01,eastus2,Power BI,39.8,True,"SYNTHETIC - generated, not a business source: workspace assignment and consumption share invented; capacities and the SKU ladder are real"
eastus2-dc10-cap02-ws01,Exec-Dashboards,eastus2-dc10-cap02,eastus2,Data Science,53.6,True,"SYNTHETIC - generated, not a business source: workspace assignment and consumption share invented; capacities and the SKU ladder are real"
eastus2-dc10-cap02-ws02,Supply-Chain,eastus2-dc10-cap02,eastus2,Data Science,19.4,True,"SYNTHETIC - generated, not a business source: workspace assignment and consumption share invented; capacities and the SKU ladder are real"
eastus2-dc10-cap02-ws03,Product-Analytics,eastus2-dc10-cap02,eastus2,Data Engineering,27.0,True,"SYNTHETIC - generated, not a business source: workspace assignment and consumption share invented; capacities and the SKU ladder are real"
eastus2-dc10-cap03-ws01,Sales-BI,eastus2-dc10-cap03,eastus2,Real-Time Intelligence,100.0,True,"SYNTHETIC - generated, not a business source: workspace assignment and consumption share invented; capacities and the SKU ladder are real"
eastus2-dc10-cap04-ws01,Field-Ops,eastus2-dc10-cap04,eastus2,Data Warehouse,10.0,True,"SYNTHETIC - generated, not a business source: workspace assignment and consumption share invented; capacities and the SKU ladder are real"
eastus2-dc10-cap04-ws02,Marketing-Analytics,eastus2-dc10-cap04,eastus2,Data Science,75.0,True,"SYNTHETIC - generated, not a business source: workspace assignment and consumption share invented; capacities and the SKU ladder are real"
eastus2-dc10-cap04-ws03,Ops-Telemetry,eastus2-dc10-cap04,eastus2,Power BI,14.9,True,"SYNTHETIC - generated, not a business source: workspace assignment and consumption share invented; capacities and the SKU ladder are real"
uksouth-dc01-cap01-ws01,Product-Analytics,uksouth-dc01-cap01,uksouth,Data Warehouse,14.4,True,"SYNTHETIC - generated, not a business source: workspace assignment and consumption share invented; capacities and the SKU ladder are real"
uksouth-dc01-cap01-ws02,Risk-Models,uksouth-dc01-cap01,uksouth,Power BI,16.3,True,"SYNTHETIC - generated, not a business source: workspace assignment and consumption share invented; capacities and the SKU ladder are real"
uksouth-dc01-cap01-ws03,Finance-Reporting,uksouth-dc01-cap01,uksouth,Data Warehouse,10.1,True,"SYNTHETIC - generated, not a business source: workspace assignment and consumption share invented; capacities and the SKU ladder are real"
uksouth-dc01-cap01-ws04,Sales-BI,uksouth-dc01-cap01,uksouth,Data Warehouse,5.3,True,"SYNTHETIC - generated, not a business source: workspace assignment and consumption share invented; capacities and the SKU ladder are real"
uksouth-dc01-cap01-ws05,Sales-BI,uksouth-dc01-cap01,uksouth,Data Engineering,5.0,True,"SYNTHETIC - generated, not a business source: workspace assignment and consumption share invented; capacities and the SKU ladder are real"
uksouth-dc01-cap01-ws06,Risk-Models,uksouth-dc01-cap01,uksouth,Power BI,49.0,True,"SYNTHETIC - generated, not a business source: workspace assignment and consumption share invented; capacities and the SKU ladder are real"
uksouth-dc01-cap02-ws01,Sales-BI,uksouth-dc01-cap02,uksouth,Data Engineering,0.0,True,"SYNTHETIC - generated, not a business source: workspace assignment and consumption share invented; capacities and the SKU ladder are real"
uksouth-dc01-cap02-ws02,Field-Ops,uksouth-dc01-cap02,uksouth,Power BI,15.1,True,"SYNTHETIC - generated, not a business source: workspace assignment and consumption share invented; capacities and the SKU ladder are real"
uksouth-dc01-cap02-ws03,Pricing,uksouth-dc01-cap02,uksouth,Real-Time Intelligence,23.4,True,"SYNTHETIC - generated, not a business source: workspace assignment and consumption share invented; capacities and the SKU ladder are real"
uksouth-dc01-cap02-ws04,Exec-Dashboards,uksouth-dc01-cap02,uksouth,Data Science,3.2,True,"SYNTHETIC - generated, not a business source: workspace assignment and consumption share invented; capacities and the SKU ladder are real"
uksouth-dc01-cap02-ws05,Data-Platform,uksouth-dc01-cap02,uksouth,Data Engineering,58.3,True,"SYNTHETIC - generated, not a business source: workspace assignment and consumption share invented; capacities and the SKU ladder are real"
uksouth-dc01-cap03-ws01,Field-Ops,uksouth-dc01-cap03,uksouth,Power BI,84.0,True,"SYNTHETIC - generated, not a business source: workspace assignment and consumption share invented; capacities and the SKU ladder are real"
uksouth-dc01-cap03-ws02,Ops-Telemetry,uksouth-dc01-cap03,uksouth,Power BI,7.1,True,"SYNTHETIC - generated, not a business source: workspace assignment and consumption share invented; capacities and the SKU ladder are real"
uksouth-dc01-cap03-ws03,Field-Ops,uksouth-dc01-cap03,uksouth,Data Engineering,8.9,True,"SYNTHETIC - generated, not a business source: workspace assignment and consumption share invented; capacities and the SKU ladder are real"
uksouth-dc01-cap04-ws01,Pricing,uksouth-dc01-cap04,uksouth,Data Engineering,19.7,True,"SYNTHETIC - generated, not a business source: workspace assignment and consumption share invented; capacities and the SKU ladder are real"
uksouth-dc01-cap04-ws02,Customer-360,uksouth-dc01-cap04,uksouth,Power BI,70.5,True,"SYNTHETIC - generated, not a business source: workspace assignment and consumption share invented; capacities and the SKU ladder are real"
uksouth-dc01-cap04-ws03,Marketing-Analytics,uksouth-dc01-cap04,uksouth,Data Science,4.7,True,"SYNTHETIC - generated, not a business source: workspace assignment and consumption share invented; capacities and the SKU ladder are real"
uksouth-dc01-cap04-ws04,Marketing-Analytics,uksouth-dc01-cap04,uksouth,Real-Time Intelligence,5.1,True,"SYNTHETIC - generated, not a business source: workspace assignment and consumption share invented; capacities and the SKU ladder are real"
uksouth-dc01-cap05-ws01,Ops-Telemetry,uksouth-dc01-cap05,uksouth,Data Warehouse,47.1,True,"SYNTHETIC - generated, not a business source: workspace assignment and consumption share invented; capacities and the SKU ladder are real"
uksouth-dc01-cap05-ws02,Exec-Dashboards,uksouth-dc01-cap05,uksouth,Data Engineering,52.9,True,"SYNTHETIC - generated, not a business source: workspace assignment and consumption share invented; capacities and the SKU ladder are real"
uksouth-dc01-cap06-ws01,Field-Ops,uksouth-dc01-cap06,uksouth,Data Warehouse,24.2,True,"SYNTHETIC - generated, not a business source: workspace assignment and consumption share invented; capacities and the SKU ladder are real"
uksouth-dc01-cap06-ws02,Sales-BI,uksouth-dc01-cap06,uksouth,Data Science,55.7,True,"SYNTHETIC - generated, not a business source: workspace assignment and consumption share invented; capacities and the SKU ladder are real"
uksouth-dc01-cap06-ws03,Risk-Models,uksouth-dc01-cap06,uksouth,Data Science,20.0,True,"SYNTHETIC - generated, not a business source: workspace assignment and consumption share invented; capacities and the SKU ladder are real"
uksouth-dc01-cap07-ws01,Marketing-Analytics,uksouth-dc01-cap07,uksouth,Power BI,100.0,True,"SYNTHETIC - generated, not a business source: workspace assignment and consumption share invented; capacities and the SKU ladder are real"
uksouth-dc02-cap01-ws01,Customer-360,uksouth-dc02-cap01,uksouth,Data Engineering,44.8,True,"SYNTHETIC - generated, not a business source: workspace assignment and consumption share invented; capacities and the SKU ladder are real"
uksouth-dc02-cap01-ws02,Product-Analytics,uksouth-dc02-cap01,uksouth,Data Engineering,7.4,True,"SYNTHETIC - generated, not a business source: workspace assignment and consumption share invented; capacities and the SKU ladder are real"
uksouth-dc02-cap01-ws03,Risk-Models,uksouth-dc02-cap01,uksouth,Power BI,0.7,True,"SYNTHETIC - generated, not a business source: workspace assignment and consumption share invented; capacities and the SKU ladder are real"
uksouth-dc02-cap01-ws04,Finance-Reporting,uksouth-dc02-cap01,uksouth,Data Factory,47.1,True,"SYNTHETIC - generated, not a business source: workspace assignment and consumption share invented; capacities and the SKU ladder are real"
uksouth-dc02-cap02-ws01,Field-Ops,uksouth-dc02-cap02,uksouth,Power BI,70.1,True,"SYNTHETIC - generated, not a business source: workspace assignment and consumption share invented; capacities and the SKU ladder are real"
uksouth-dc02-cap02-ws02,Field-Ops,uksouth-dc02-cap02,uksouth,Real-Time Intelligence,2.6,True,"SYNTHETIC - generated, not a business source: workspace assignment and consumption share invented; capacities and the SKU ladder are real"
uksouth-dc02-cap02-ws03,Risk-Models,uksouth-dc02-cap02,uksouth,Data Warehouse,24.5,True,"SYNTHETIC - generated, not a business source: workspace assignment and consumption share invented; capacities and the SKU ladder are real"
uksouth-dc02-cap02-ws04,Supply-Chain,uksouth-dc02-cap02,uksouth,Data Engineering,2.8,True,"SYNTHETIC - generated, not a business source: workspace assignment and consumption share invented; capacities and the SKU ladder are real"
uksouth-dc02-cap03-ws01,Pricing,uksouth-dc02-cap03,uksouth,Data Warehouse,60.3,True,"SYNTHETIC - generated, not a business source: workspace assignment and consumption share invented; capacities and the SKU ladder are real"
uksouth-dc02-cap03-ws02,Supply-Chain,uksouth-dc02-cap03,uksouth,Data Warehouse,39.7,True,"SYNTHETIC - generated, not a business source: workspace assignment and consumption share invented; capacities and the SKU ladder are real"
uksouth-dc02-cap04-ws01,Risk-Models,uksouth-dc02-cap04,uksouth,Data Science,100.0,True,"SYNTHETIC - generated, not a business source: workspace assignment and consumption share invented; capacities and the SKU ladder are real"
uksouth-dc03-cap01-ws01,Pricing,uksouth-dc03-cap01,uksouth,Data Factory,8.1,True,"SYNTHETIC - generated, not a business source: workspace assignment and consumption share invented; capacities and the SKU ladder are real"
uksouth-dc03-cap01-ws02,Supply-Chain,uksouth-dc03-cap01,uksouth,Data Engineering,33.7,True,"SYNTHETIC - generated, not a business source: workspace assignment and consumption share invented; capacities and the SKU ladder are real"
uksouth-dc03-cap01-ws03,Product-Analytics,uksouth-dc03-cap01,uksouth,Data Science,31.0,True,"SYNTHETIC - generated, not a business source: workspace assignment and consumption share invented; capacities and the SKU ladder are real"
uksouth-dc03-cap01-ws04,Customer-360,uksouth-dc03-cap01,uksouth,Real-Time Intelligence,27.2,True,"SYNTHETIC - generated, not a business source: workspace assignment and consumption share invented; capacities and the SKU ladder are real"
uksouth-dc03-cap02-ws01,Sales-BI,uksouth-dc03-cap02,uksouth,Data Science,38.0,True,"SYNTHETIC - generated, not a business source: workspace assignment and consumption share invented; capacities and the SKU ladder are real"
uksouth-dc03-cap02-ws02,Customer-360,uksouth-dc03-cap02,uksouth,Data Warehouse,10.1,True,"SYNTHETIC - generated, not a business source: workspace assignment and consumption share invented; capacities and the SKU ladder are real"
uksouth-dc03-cap02-ws03,Customer-360,uksouth-dc03-cap02,uksouth,Data Science,35.7,True,"SYNTHETIC - generated, not a business source: workspace assignment and consumption share invented; capacities and the SKU ladder are real"
uksouth-dc03-cap02-ws04,Supply-Chain,uksouth-dc03-cap02,uksouth,Power BI,10.4,True,"SYNTHETIC - generated, not a business source: workspace assignment and consumption share invented; capacities and the SKU ladder are real"
uksouth-dc03-cap02-ws05,Field-Ops,uksouth-dc03-cap02,uksouth,Data Science,5.8,True,"SYNTHETIC - generated, not a business source: workspace assignment and consumption share invented; capacities and the SKU ladder are real"
uksouth-dc03-cap03-ws01,Finance-Reporting,uksouth-dc03-cap03,uksouth,Data Science,40.0,True,"SYNTHETIC - generated, not a business source: workspace assignment and consumption share invented; capacities and the SKU ladder are real"
uksouth-dc03-cap03-ws02,Customer-360,uksouth-dc03-cap03,uksouth,Data Warehouse,60.0,True,"SYNTHETIC - generated, not a business source: workspace assignment and consumption share invented; capacities and the SKU ladder are real"
uksouth-dc03-cap04-ws01,Risk-Models,uksouth-dc03-cap04,uksouth,Power BI,68.4,True,"SYNTHETIC - generated, not a business source: workspace assignment and consumption share invented; capacities and the SKU ladder are real"
uksouth-dc03-cap04-ws02,Risk-Models,uksouth-dc03-cap04,uksouth,Data Engineering,24.1,True,"SYNTHETIC - generated, not a business source: workspace assignment and consumption share invented; capacities and the SKU ladder are real"
uksouth-dc03-cap04-ws03,Product-Analytics,uksouth-dc03-cap04,uksouth,Data Warehouse,7.4,True,"SYNTHETIC - generated, not a business source: workspace assignment and consumption share invented; capacities and the SKU ladder are real"
uksouth-dc03-cap05-ws01,Customer-360,uksouth-dc03-cap05,uksouth,Data Science,7.6,True,"SYNTHETIC - generated, not a business source: workspace assignment and consumption share invented; capacities and the SKU ladder are real"
uksouth-dc03-cap05-ws02,Marketing-Analytics,uksouth-dc03-cap05,uksouth,Data Factory,73.3,True,"SYNTHETIC - generated, not a business source: workspace assignment and consumption share invented; capacities and the SKU ladder are real"
uksouth-dc03-cap05-ws03,Field-Ops,uksouth-dc03-cap05,uksouth,Data Engineering,19.1,True,"SYNTHETIC - generated, not a business source: workspace assignment and consumption share invented; capacities and the SKU ladder are real"
uksouth-dc03-cap06-ws01,Marketing-Analytics,uksouth-dc03-cap06,uksouth,Data Warehouse,100.0,True,"SYNTHETIC - generated, not a business source: workspace assignment and consumption share invented; capacities and the SKU ladder are real"
uksouth-dc04-cap01-ws01,Field-Ops,uksouth-dc04-cap01,uksouth,Data Science,31.9,True,"SYNTHETIC - generated, not a business source: workspace assignment and consumption share invented; capacities and the SKU ladder are real"
uksouth-dc04-cap01-ws02,Data-Platform,uksouth-dc04-cap01,uksouth,Real-Time Intelligence,47.7,True,"SYNTHETIC - generated, not a business source: workspace assignment and consumption share invented; capacities and the SKU ladder are real"
uksouth-dc04-cap01-ws03,Sales-BI,uksouth-dc04-cap01,uksouth,Data Warehouse,20.5,True,"SYNTHETIC - generated, not a business source: workspace assignment and consumption share invented; capacities and the SKU ladder are real"
uksouth-dc04-cap02-ws01,Marketing-Analytics,uksouth-dc04-cap02,uksouth,Data Factory,12.5,True,"SYNTHETIC - generated, not a business source: workspace assignment and consumption share invented; capacities and the SKU ladder are real"
uksouth-dc04-cap02-ws02,Product-Analytics,uksouth-dc04-cap02,uksouth,Real-Time Intelligence,87.5,True,"SYNTHETIC - generated, not a business source: workspace assignment and consumption share invented; capacities and the SKU ladder are real"
uksouth-dc05-cap01-ws01,Risk-Models,uksouth-dc05-cap01,uksouth,Power BI,60.2,True,"SYNTHETIC - generated, not a business source: workspace assignment and consumption share invented; capacities and the SKU ladder are real"
uksouth-dc05-cap01-ws02,Pricing,uksouth-dc05-cap01,uksouth,Data Engineering,18.7,True,"SYNTHETIC - generated, not a business source: workspace assignment and consumption share invented; capacities and the SKU ladder are real"
uksouth-dc05-cap01-ws03,Finance-Reporting,uksouth-dc05-cap01,uksouth,Real-Time Intelligence,16.9,True,"SYNTHETIC - generated, not a business source: workspace assignment and consumption share invented; capacities and the SKU ladder are real"
uksouth-dc05-cap01-ws04,Product-Analytics,uksouth-dc05-cap01,uksouth,Data Factory,4.1,True,"SYNTHETIC - generated, not a business source: workspace assignment and consumption share invented; capacities and the SKU ladder are real"
uksouth-dc05-cap02-ws01,Marketing-Analytics,uksouth-dc05-cap02,uksouth,Data Factory,34.1,True,"SYNTHETIC - generated, not a business source: workspace assignment and consumption share invented; capacities and the SKU ladder are real"
uksouth-dc05-cap02-ws02,Pricing,uksouth-dc05-cap02,uksouth,Data Factory,65.9,True,"SYNTHETIC - generated, not a business source: workspace assignment and consumption share invented; capacities and the SKU ladder are real"
uksouth-dc05-cap03-ws01,Customer-360,uksouth-dc05-cap03,uksouth,Data Science,50.0,True,"SYNTHETIC - generated, not a business source: workspace assignment and consumption share invented; capacities and the SKU ladder are real"
uksouth-dc05-cap03-ws02,Ops-Telemetry,uksouth-dc05-cap03,uksouth,Power BI,50.0,True,"SYNTHETIC - generated, not a business source: workspace assignment and consumption share invented; capacities and the SKU ladder are real"
uksouth-dc05-cap04-ws01,Customer-360,uksouth-dc05-cap04,uksouth,Data Engineering,38.4,True,"SYNTHETIC - generated, not a business source: workspace assignment and consumption share invented; capacities and the SKU ladder are real"
uksouth-dc05-cap04-ws02,Risk-Models,uksouth-dc05-cap04,uksouth,Power BI,39.1,True,"SYNTHETIC - generated, not a business source: workspace assignment and consumption share invented; capacities and the SKU ladder are real"
uksouth-dc05-cap04-ws03,Field-Ops,uksouth-dc05-cap04,uksouth,Data Factory,22.4,True,"SYNTHETIC - generated, not a business source: workspace assignment and consumption share invented; capacities and the SKU ladder are real"
uksouth-dc05-cap05-ws01,Pricing,uksouth-dc05-cap05,uksouth,Data Engineering,100.0,True,"SYNTHETIC - generated, not a business source: workspace assignment and consumption share invented; capacities and the SKU ladder are real"
uksouth-dc06-cap01-ws01,Supply-Chain,uksouth-dc06-cap01,uksouth,Real-Time Intelligence,0.9,True,"SYNTHETIC - generated, not a business source: workspace assignment and consumption share invented; capacities and the SKU ladder are real"
uksouth-dc06-cap01-ws02,Marketing-Analytics,uksouth-dc06-cap01,uksouth,Power BI,20.2,True,"SYNTHETIC - generated, not a business source: workspace assignment and consumption share invented; capacities and the SKU ladder are real"
uksouth-dc06-cap01-ws03,Data-Platform,uksouth-dc06-cap01,uksouth,Real-Time Intelligence,54.8,True,"SYNTHETIC - generated, not a business source: workspace assignment and consumption share invented; capacities and the SKU ladder are real"
uksouth-dc06-cap01-ws04,Data-Platform,uksouth-dc06-cap01,uksouth,Data Science,0.3,True,"SYNTHETIC - generated, not a business source: workspace assignment and consumption share invented; capacities and the SKU ladder are real"
uksouth-dc06-cap01-ws05,Field-Ops,uksouth-dc06-cap01,uksouth,Power BI,23.8,True,"SYNTHETIC - generated, not a business source: workspace assignment and consumption share invented; capacities and the SKU ladder are real"
uksouth-dc06-cap02-ws01,Field-Ops,uksouth-dc06-cap02,uksouth,Data Warehouse,0.1,True,"SYNTHETIC - generated, not a business source: workspace assignment and consumption share invented; capacities and the SKU ladder are real"
uksouth-dc06-cap02-ws02,Ops-Telemetry,uksouth-dc06-cap02,uksouth,Real-Time Intelligence,12.6,True,"SYNTHETIC - generated, not a business source: workspace assignment and consumption share invented; capacities and the SKU ladder are real"
uksouth-dc06-cap02-ws03,Product-Analytics,uksouth-dc06-cap02,uksouth,Data Engineering,33.0,True,"SYNTHETIC - generated, not a business source: workspace assignment and consumption share invented; capacities and the SKU ladder are real"
uksouth-dc06-cap02-ws04,Pricing,uksouth-dc06-cap02,uksouth,Data Engineering,28.9,True,"SYNTHETIC - generated, not a business source: workspace assignment and consumption share invented; capacities and the SKU ladder are real"
uksouth-dc06-cap02-ws05,Exec-Dashboards,uksouth-dc06-cap02,uksouth,Data Warehouse,25.4,True,"SYNTHETIC - generated, not a business source: workspace assignment and consumption share invented; capacities and the SKU ladder are real"
uksouth-dc06-cap03-ws01,Risk-Models,uksouth-dc06-cap03,uksouth,Real-Time Intelligence,6.1,True,"SYNTHETIC - generated, not a business source: workspace assignment and consumption share invented; capacities and the SKU ladder are real"
uksouth-dc06-cap03-ws02,Sales-BI,uksouth-dc06-cap03,uksouth,Power BI,3.8,True,"SYNTHETIC - generated, not a business source: workspace assignment and consumption share invented; capacities and the SKU ladder are real"
uksouth-dc06-cap03-ws03,Customer-360,uksouth-dc06-cap03,uksouth,Data Factory,79.8,True,"SYNTHETIC - generated, not a business source: workspace assignment and consumption share invented; capacities and the SKU ladder are real"
uksouth-dc06-cap03-ws04,Finance-Reporting,uksouth-dc06-cap03,uksouth,Power BI,10.3,True,"SYNTHETIC - generated, not a business source: workspace assignment and consumption share invented; capacities and the SKU ladder are real"
uksouth-dc06-cap04-ws01,Field-Ops,uksouth-dc06-cap04,uksouth,Data Science,90.5,True,"SYNTHETIC - generated, not a business source: workspace assignment and consumption share invented; capacities and the SKU ladder are real"
uksouth-dc06-cap04-ws02,Marketing-Analytics,uksouth-dc06-cap04,uksouth,Real-Time Intelligence,9.5,True,"SYNTHETIC - generated, not a business source: workspace assignment and consumption share invented; capacities and the SKU ladder are real"
uksouth-dc06-cap05-ws01,Field-Ops,uksouth-dc06-cap05,uksouth,Data Engineering,76.3,True,"SYNTHETIC - generated, not a business source: workspace assignment and consumption share invented; capacities and the SKU ladder are real"
uksouth-dc06-cap05-ws02,Finance-Reporting,uksouth-dc06-cap05,uksouth,Data Science,0.8,True,"SYNTHETIC - generated, not a business source: workspace assignment and consumption share invented; capacities and the SKU ladder are real"
uksouth-dc06-cap05-ws03,Data-Platform,uksouth-dc06-cap05,uksouth,Data Warehouse,22.9,True,"SYNTHETIC - generated, not a business source: workspace assignment and consumption share invented; capacities and the SKU ladder are real"
uksouth-dc06-cap06-ws01,Pricing,uksouth-dc06-cap06,uksouth,Data Warehouse,8.0,True,"SYNTHETIC - generated, not a business source: workspace assignment and consumption share invented; capacities and the SKU ladder are real"
uksouth-dc06-cap06-ws02,Pricing,uksouth-dc06-cap06,uksouth,Data Science,92.0,True,"SYNTHETIC - generated, not a business source: workspace assignment and consumption share invented; capacities and the SKU ladder are real"
uksouth-dc07-cap01-ws01,Product-Analytics,uksouth-dc07-cap01,uksouth,Data Factory,7.3,True,"SYNTHETIC - generated, not a business source: workspace assignment and consumption share invented; capacities and the SKU ladder are real"
uksouth-dc07-cap01-ws02,Exec-Dashboards,uksouth-dc07-cap01,uksouth,Data Factory,28.1,True,"SYNTHETIC - generated, not a business source: workspace assignment and consumption share invented; capacities and the SKU ladder are real"
uksouth-dc07-cap01-ws03,Supply-Chain,uksouth-dc07-cap01,uksouth,Data Factory,40.9,True,"SYNTHETIC - generated, not a business source: workspace assignment and consumption share invented; capacities and the SKU ladder are real"
uksouth-dc07-cap01-ws04,Risk-Models,uksouth-dc07-cap01,uksouth,Real-Time Intelligence,11.3,True,"SYNTHETIC - generated, not a business source: workspace assignment and consumption share invented; capacities and the SKU ladder are real"
uksouth-dc07-cap01-ws05,Ops-Telemetry,uksouth-dc07-cap01,uksouth,Data Engineering,5.0,True,"SYNTHETIC - generated, not a business source: workspace assignment and consumption share invented; capacities and the SKU ladder are real"
uksouth-dc07-cap01-ws06,Sales-BI,uksouth-dc07-cap01,uksouth,Data Factory,4.0,True,"SYNTHETIC - generated, not a business source: workspace assignment and consumption share invented; capacities and the SKU ladder are real"
uksouth-dc07-cap01-ws07,Ops-Telemetry,uksouth-dc07-cap01,uksouth,Real-Time Intelligence,3.5,True,"SYNTHETIC - generated, not a business source: workspace assignment and consumption share invented; capacities and the SKU ladder are real"
uksouth-dc07-cap02-ws01,Field-Ops,uksouth-dc07-cap02,uksouth,Real-Time Intelligence,42.0,True,"SYNTHETIC - generated, not a business source: workspace assignment and consumption share invented; capacities and the SKU ladder are real"
uksouth-dc07-cap02-ws02,Customer-360,uksouth-dc07-cap02,uksouth,Real-Time Intelligence,5.2,True,"SYNTHETIC - generated, not a business source: workspace assignment and consumption share invented; capacities and the SKU ladder are real"
uksouth-dc07-cap02-ws03,Customer-360,uksouth-dc07-cap02,uksouth,Real-Time Intelligence,27.2,True,"SYNTHETIC - generated, not a business source: workspace assignment and consumption share invented; capacities and the SKU ladder are real"
uksouth-dc07-cap02-ws04,Ops-Telemetry,uksouth-dc07-cap02,uksouth,Data Science,17.5,True,"SYNTHETIC - generated, not a business source: workspace assignment and consumption share invented; capacities and the SKU ladder are real"
uksouth-dc07-cap02-ws05,Ops-Telemetry,uksouth-dc07-cap02,uksouth,Data Engineering,8.1,True,"SYNTHETIC - generated, not a business source: workspace assignment and consumption share invented; capacities and the SKU ladder are real"
uksouth-dc07-cap03-ws01,Risk-Models,uksouth-dc07-cap03,uksouth,Data Engineering,0.0,True,"SYNTHETIC - generated, not a business source: workspace assignment and consumption share invented; capacities and the SKU ladder are real"
uksouth-dc07-cap03-ws02,Pricing,uksouth-dc07-cap03,uksouth,Real-Time Intelligence,82.7,True,"SYNTHETIC - generated, not a business source: workspace assignment and consumption share invented; capacities and the SKU ladder are real"
uksouth-dc07-cap03-ws03,Exec-Dashboards,uksouth-dc07-cap03,uksouth,Data Engineering,11.3,True,"SYNTHETIC - generated, not a business source: workspace assignment and consumption share invented; capacities and the SKU ladder are real"
uksouth-dc07-cap03-ws04,Data-Platform,uksouth-dc07-cap03,uksouth,Data Warehouse,5.9,True,"SYNTHETIC - generated, not a business source: workspace assignment and consumption share invented; capacities and the SKU ladder are real"
uksouth-dc07-cap04-ws01,Exec-Dashboards,uksouth-dc07-cap04,uksouth,Data Warehouse,48.5,True,"SYNTHETIC - generated, not a business source: workspace assignment and consumption share invented; capacities and the SKU ladder are real"
uksouth-dc07-cap04-ws02,Sales-BI,uksouth-dc07-cap04,uksouth,Power BI,51.5,True,"SYNTHETIC - generated, not a business source: workspace assignment and consumption share invented; capacities and the SKU ladder are real"
uksouth-dc08-cap01-ws01,Customer-360,uksouth-dc08-cap01,uksouth,Real-Time Intelligence,3.3,True,"SYNTHETIC - generated, not a business source: workspace assignment and consumption share invented; capacities and the SKU ladder are real"
uksouth-dc08-cap01-ws02,Field-Ops,uksouth-dc08-cap01,uksouth,Data Factory,37.0,True,"SYNTHETIC - generated, not a business source: workspace assignment and consumption share invented; capacities and the SKU ladder are real"
uksouth-dc08-cap01-ws03,Customer-360,uksouth-dc08-cap01,uksouth,Power BI,13.3,True,"SYNTHETIC - generated, not a business source: workspace assignment and consumption share invented; capacities and the SKU ladder are real"
uksouth-dc08-cap01-ws04,Field-Ops,uksouth-dc08-cap01,uksouth,Real-Time Intelligence,0.6,True,"SYNTHETIC - generated, not a business source: workspace assignment and consumption share invented; capacities and the SKU ladder are real"
uksouth-dc08-cap01-ws05,Customer-360,uksouth-dc08-cap01,uksouth,Data Warehouse,0.6,True,"SYNTHETIC - generated, not a business source: workspace assignment and consumption share invented; capacities and the SKU ladder are real"
uksouth-dc08-cap01-ws06,Product-Analytics,uksouth-dc08-cap01,uksouth,Real-Time Intelligence,45.2,True,"SYNTHETIC - generated, not a business source: workspace assignment and consumption share invented; capacities and the SKU ladder are real"
uksouth-dc08-cap02-ws01,Data-Platform,uksouth-dc08-cap02,uksouth,Power BI,96.7,True,"SYNTHETIC - generated, not a business source: workspace assignment and consumption share invented; capacities and the SKU ladder are real"
uksouth-dc08-cap02-ws02,Pricing,uksouth-dc08-cap02,uksouth,Data Science,1.4,True,"SYNTHETIC - generated, not a business source: workspace assignment and consumption share invented; capacities and the SKU ladder are real"
uksouth-dc08-cap02-ws03,Customer-360,uksouth-dc08-cap02,uksouth,Data Warehouse,1.9,True,"SYNTHETIC - generated, not a business source: workspace assignment and consumption share invented; capacities and the SKU ladder are real"
uksouth-dc09-cap01-ws01,Data-Platform,uksouth-dc09-cap01,uksouth,Data Engineering,28.8,True,"SYNTHETIC - generated, not a business source: workspace assignment and consumption share invented; capacities and the SKU ladder are real"
uksouth-dc09-cap01-ws02,Data-Platform,uksouth-dc09-cap01,uksouth,Data Factory,51.5,True,"SYNTHETIC - generated, not a business source: workspace assignment and consumption share invented; capacities and the SKU ladder are real"
uksouth-dc09-cap01-ws03,Pricing,uksouth-dc09-cap01,uksouth,Data Engineering,14.3,True,"SYNTHETIC - generated, not a business source: workspace assignment and consumption share invented; capacities and the SKU ladder are real"
uksouth-dc09-cap01-ws04,Data-Platform,uksouth-dc09-cap01,uksouth,Real-Time Intelligence,5.3,True,"SYNTHETIC - generated, not a business source: workspace assignment and consumption share invented; capacities and the SKU ladder are real"
uksouth-dc09-cap02-ws01,Data-Platform,uksouth-dc09-cap02,uksouth,Data Engineering,4.5,True,"SYNTHETIC - generated, not a business source: workspace assignment and consumption share invented; capacities and the SKU ladder are real"
uksouth-dc09-cap02-ws02,Pricing,uksouth-dc09-cap02,uksouth,Data Science,31.8,True,"SYNTHETIC - generated, not a business source: workspace assignment and consumption share invented; capacities and the SKU ladder are real"
uksouth-dc09-cap02-ws03,Exec-Dashboards,uksouth-dc09-cap02,uksouth,Data Science,29.0,True,"SYNTHETIC - generated, not a business source: workspace assignment and consumption share invented; capacities and the SKU ladder are real"
uksouth-dc09-cap02-ws04,Finance-Reporting,uksouth-dc09-cap02,uksouth,Data Warehouse,9.3,True,"SYNTHETIC - generated, not a business source: workspace assignment and consumption share invented; capacities and the SKU ladder are real"
uksouth-dc09-cap02-ws05,Field-Ops,uksouth-dc09-cap02,uksouth,Data Science,25.5,True,"SYNTHETIC - generated, not a business source: workspace assignment and consumption share invented; capacities and the SKU ladder are real"
uksouth-dc09-cap03-ws01,Field-Ops,uksouth-dc09-cap03,uksouth,Real-Time Intelligence,23.0,True,"SYNTHETIC - generated, not a business source: workspace assignment and consumption share invented; capacities and the SKU ladder are real"
uksouth-dc09-cap03-ws02,Ops-Telemetry,uksouth-dc09-cap03,uksouth,Data Factory,11.7,True,"SYNTHETIC - generated, not a business source: workspace assignment and consumption share invented; capacities and the SKU ladder are real"
uksouth-dc09-cap03-ws03,Ops-Telemetry,uksouth-dc09-cap03,uksouth,Data Engineering,64.5,True,"SYNTHETIC - generated, not a business source: workspace assignment and consumption share invented; capacities and the SKU ladder are real"
uksouth-dc09-cap03-ws04,Risk-Models,uksouth-dc09-cap03,uksouth,Data Warehouse,0.9,True,"SYNTHETIC - generated, not a business source: workspace assignment and consumption share invented; capacities and the SKU ladder are real"
uksouth-dc09-cap04-ws01,Exec-Dashboards,uksouth-dc09-cap04,uksouth,Real-Time Intelligence,13.9,True,"SYNTHETIC - generated, not a business source: workspace assignment and consumption share invented; capacities and the SKU ladder are real"
uksouth-dc09-cap04-ws02,Supply-Chain,uksouth-dc09-cap04,uksouth,Data Warehouse,23.2,True,"SYNTHETIC - generated, not a business source: workspace assignment and consumption share invented; capacities and the SKU ladder are real"
uksouth-dc09-cap04-ws03,Sales-BI,uksouth-dc09-cap04,uksouth,Data Warehouse,63.0,True,"SYNTHETIC - generated, not a business source: workspace assignment and consumption share invented; capacities and the SKU ladder are real"
uksouth-dc09-cap05-ws01,Marketing-Analytics,uksouth-dc09-cap05,uksouth,Data Warehouse,100.0,True,"SYNTHETIC - generated, not a business source: workspace assignment and consumption share invented; capacities and the SKU ladder are real"
uksouth-dc09-cap06-ws01,Product-Analytics,uksouth-dc09-cap06,uksouth,Data Science,100.0,True,"SYNTHETIC - generated, not a business source: workspace assignment and consumption share invented; capacities and the SKU ladder are real"
uksouth-dc10-cap01-ws01,Sales-BI,uksouth-dc10-cap01,uksouth,Power BI,1.3,True,"SYNTHETIC - generated, not a business source: workspace assignment and consumption share invented; capacities and the SKU ladder are real"
uksouth-dc10-cap01-ws02,Marketing-Analytics,uksouth-dc10-cap01,uksouth,Data Warehouse,6.3,True,"SYNTHETIC - generated, not a business source: workspace assignment and consumption share invented; capacities and the SKU ladder are real"
uksouth-dc10-cap01-ws03,Marketing-Analytics,uksouth-dc10-cap01,uksouth,Real-Time Intelligence,1.6,True,"SYNTHETIC - generated, not a business source: workspace assignment and consumption share invented; capacities and the SKU ladder are real"
uksouth-dc10-cap01-ws04,Customer-360,uksouth-dc10-cap01,uksouth,Data Engineering,51.6,True,"SYNTHETIC - generated, not a business source: workspace assignment and consumption share invented; capacities and the SKU ladder are real"
uksouth-dc10-cap01-ws05,Product-Analytics,uksouth-dc10-cap01,uksouth,Power BI,25.8,True,"SYNTHETIC - generated, not a business source: workspace assignment and consumption share invented; capacities and the SKU ladder are real"
uksouth-dc10-cap01-ws06,Ops-Telemetry,uksouth-dc10-cap01,uksouth,Data Science,13.4,True,"SYNTHETIC - generated, not a business source: workspace assignment and consumption share invented; capacities and the SKU ladder are real"
uksouth-dc10-cap02-ws01,Ops-Telemetry,uksouth-dc10-cap02,uksouth,Data Engineering,76.7,True,"SYNTHETIC - generated, not a business source: workspace assignment and consumption share invented; capacities and the SKU ladder are real"
uksouth-dc10-cap02-ws02,Pricing,uksouth-dc10-cap02,uksouth,Data Factory,0.0,True,"SYNTHETIC - generated, not a business source: workspace assignment and consumption share invented; capacities and the SKU ladder are real"
uksouth-dc10-cap02-ws03,Supply-Chain,uksouth-dc10-cap02,uksouth,Power BI,5.2,True,"SYNTHETIC - generated, not a business source: workspace assignment and consumption share invented; capacities and the SKU ladder are real"
uksouth-dc10-cap02-ws04,Pricing,uksouth-dc10-cap02,uksouth,Data Engineering,14.7,True,"SYNTHETIC - generated, not a business source: workspace assignment and consumption share invented; capacities and the SKU ladder are real"
uksouth-dc10-cap02-ws05,Pricing,uksouth-dc10-cap02,uksouth,Power BI,3.5,True,"SYNTHETIC - generated, not a business source: workspace assignment and consumption share invented; capacities and the SKU ladder are real"
uksouth-dc10-cap03-ws01,Finance-Reporting,uksouth-dc10-cap03,uksouth,Data Factory,90.7,True,"SYNTHETIC - generated, not a business source: workspace assignment and consumption share invented; capacities and the SKU ladder are real"
uksouth-dc10-cap03-ws02,Customer-360,uksouth-dc10-cap03,uksouth,Data Factory,1.0,True,"SYNTHETIC - generated, not a business source: workspace assignment and consumption share invented; capacities and the SKU ladder are real"
uksouth-dc10-cap03-ws03,Risk-Models,uksouth-dc10-cap03,uksouth,Data Science,8.3,True,"SYNTHETIC - generated, not a business source: workspace assignment and consumption share invented; capacities and the SKU ladder are real"
westus2-dc01-cap01-ws01,Exec-Dashboards,westus2-dc01-cap01,westus2,Data Science,81.7,True,"SYNTHETIC - generated, not a business source: workspace assignment and consumption share invented; capacities and the SKU ladder are real"
westus2-dc01-cap01-ws02,Data-Platform,westus2-dc01-cap01,westus2,Data Factory,17.6,True,"SYNTHETIC - generated, not a business source: workspace assignment and consumption share invented; capacities and the SKU ladder are real"
westus2-dc01-cap01-ws03,Pricing,westus2-dc01-cap01,westus2,Data Factory,0.7,True,"SYNTHETIC - generated, not a business source: workspace assignment and consumption share invented; capacities and the SKU ladder are real"
westus2-dc01-cap02-ws01,Product-Analytics,westus2-dc01-cap02,westus2,Real-Time Intelligence,39.4,True,"SYNTHETIC - generated, not a business source: workspace assignment and consumption share invented; capacities and the SKU ladder are real"
westus2-dc01-cap02-ws02,Customer-360,westus2-dc01-cap02,westus2,Power BI,58.2,True,"SYNTHETIC - generated, not a business source: workspace assignment and consumption share invented; capacities and the SKU ladder are real"
westus2-dc01-cap02-ws03,Risk-Models,westus2-dc01-cap02,westus2,Data Factory,2.4,True,"SYNTHETIC - generated, not a business source: workspace assignment and consumption share invented; capacities and the SKU ladder are real"
westus2-dc01-cap03-ws01,Marketing-Analytics,westus2-dc01-cap03,westus2,Data Science,23.2,True,"SYNTHETIC - generated, not a business source: workspace assignment and consumption share invented; capacities and the SKU ladder are real"
westus2-dc01-cap03-ws02,Customer-360,westus2-dc01-cap03,westus2,Data Engineering,14.9,True,"SYNTHETIC - generated, not a business source: workspace assignment and consumption share invented; capacities and the SKU ladder are real"
westus2-dc01-cap03-ws03,Exec-Dashboards,westus2-dc01-cap03,westus2,Power BI,61.9,True,"SYNTHETIC - generated, not a business source: workspace assignment and consumption share invented; capacities and the SKU ladder are real"
westus2-dc02-cap01-ws01,Exec-Dashboards,westus2-dc02-cap01,westus2,Data Science,73.1,True,"SYNTHETIC - generated, not a business source: workspace assignment and consumption share invented; capacities and the SKU ladder are real"
westus2-dc02-cap01-ws02,Field-Ops,westus2-dc02-cap01,westus2,Data Science,12.7,True,"SYNTHETIC - generated, not a business source: workspace assignment and consumption share invented; capacities and the SKU ladder are real"
westus2-dc02-cap01-ws03,Finance-Reporting,westus2-dc02-cap01,westus2,Data Engineering,14.2,True,"SYNTHETIC - generated, not a business source: workspace assignment and consumption share invented; capacities and the SKU ladder are real"
westus2-dc02-cap02-ws01,Pricing,westus2-dc02-cap02,westus2,Data Engineering,3.0,True,"SYNTHETIC - generated, not a business source: workspace assignment and consumption share invented; capacities and the SKU ladder are real"
westus2-dc02-cap02-ws02,Customer-360,westus2-dc02-cap02,westus2,Data Warehouse,17.4,True,"SYNTHETIC - generated, not a business source: workspace assignment and consumption share invented; capacities and the SKU ladder are real"
westus2-dc02-cap02-ws03,Ops-Telemetry,westus2-dc02-cap02,westus2,Data Warehouse,79.6,True,"SYNTHETIC - generated, not a business source: workspace assignment and consumption share invented; capacities and the SKU ladder are real"
westus2-dc03-cap01-ws01,Product-Analytics,westus2-dc03-cap01,westus2,Data Warehouse,16.6,True,"SYNTHETIC - generated, not a business source: workspace assignment and consumption share invented; capacities and the SKU ladder are real"
westus2-dc03-cap01-ws02,Supply-Chain,westus2-dc03-cap01,westus2,Real-Time Intelligence,28.5,True,"SYNTHETIC - generated, not a business source: workspace assignment and consumption share invented; capacities and the SKU ladder are real"
westus2-dc03-cap01-ws03,Product-Analytics,westus2-dc03-cap01,westus2,Data Warehouse,15.3,True,"SYNTHETIC - generated, not a business source: workspace assignment and consumption share invented; capacities and the SKU ladder are real"
westus2-dc03-cap01-ws04,Pricing,westus2-dc03-cap01,westus2,Data Warehouse,35.8,True,"SYNTHETIC - generated, not a business source: workspace assignment and consumption share invented; capacities and the SKU ladder are real"
westus2-dc03-cap01-ws05,Field-Ops,westus2-dc03-cap01,westus2,Data Factory,3.8,True,"SYNTHETIC - generated, not a business source: workspace assignment and consumption share invented; capacities and the SKU ladder are real"
westus2-dc03-cap02-ws01,Field-Ops,westus2-dc03-cap02,westus2,Data Warehouse,2.6,True,"SYNTHETIC - generated, not a business source: workspace assignment and consumption share invented; capacities and the SKU ladder are real"
westus2-dc03-cap02-ws02,Supply-Chain,westus2-dc03-cap02,westus2,Data Engineering,97.4,True,"SYNTHETIC - generated, not a business source: workspace assignment and consumption share invented; capacities and the SKU ladder are real"
westus2-dc04-cap01-ws01,Customer-360,westus2-dc04-cap01,westus2,Data Engineering,3.2,True,"SYNTHETIC - generated, not a business source: workspace assignment and consumption share invented; capacities and the SKU ladder are real"
westus2-dc04-cap01-ws02,Pricing,westus2-dc04-cap01,westus2,Data Factory,15.0,True,"SYNTHETIC - generated, not a business source: workspace assignment and consumption share invented; capacities and the SKU ladder are real"
westus2-dc04-cap01-ws03,Sales-BI,westus2-dc04-cap01,westus2,Data Science,66.6,True,"SYNTHETIC - generated, not a business source: workspace assignment and consumption share invented; capacities and the SKU ladder are real"
westus2-dc04-cap01-ws04,Finance-Reporting,westus2-dc04-cap01,westus2,Data Warehouse,15.2,True,"SYNTHETIC - generated, not a business source: workspace assignment and consumption share invented; capacities and the SKU ladder are real"
westus2-dc04-cap02-ws01,Customer-360,westus2-dc04-cap02,westus2,Power BI,24.9,True,"SYNTHETIC - generated, not a business source: workspace assignment and consumption share invented; capacities and the SKU ladder are real"
westus2-dc04-cap02-ws02,Ops-Telemetry,westus2-dc04-cap02,westus2,Real-Time Intelligence,75.1,True,"SYNTHETIC - generated, not a business source: workspace assignment and consumption share invented; capacities and the SKU ladder are real"
westus2-dc04-cap03-ws01,Supply-Chain,westus2-dc04-cap03,westus2,Data Engineering,100.0,True,"SYNTHETIC - generated, not a business source: workspace assignment and consumption share invented; capacities and the SKU ladder are real"
westus2-dc05-cap01-ws01,Data-Platform,westus2-dc05-cap01,westus2,Power BI,100.0,True,"SYNTHETIC - generated, not a business source: workspace assignment and consumption share invented; capacities and the SKU ladder are real"
westus2-dc06-cap01-ws01,Customer-360,westus2-dc06-cap01,westus2,Data Engineering,7.4,True,"SYNTHETIC - generated, not a business source: workspace assignment and consumption share invented; capacities and the SKU ladder are real"
westus2-dc06-cap01-ws02,Customer-360,westus2-dc06-cap01,westus2,Data Science,7.2,True,"SYNTHETIC - generated, not a business source: workspace assignment and consumption share invented; capacities and the SKU ladder are real"
westus2-dc06-cap01-ws03,Pricing,westus2-dc06-cap01,westus2,Data Factory,85.4,True,"SYNTHETIC - generated, not a business source: workspace assignment and consumption share invented; capacities and the SKU ladder are real"
westus2-dc06-cap02-ws01,Customer-360,westus2-dc06-cap02,westus2,Data Science,5.4,True,"SYNTHETIC - generated, not a business source: workspace assignment and consumption share invented; capacities and the SKU ladder are real"
westus2-dc06-cap02-ws02,Risk-Models,westus2-dc06-cap02,westus2,Data Science,11.3,True,"SYNTHETIC - generated, not a business source: workspace assignment and consumption share invented; capacities and the SKU ladder are real"
westus2-dc06-cap02-ws03,Data-Platform,westus2-dc06-cap02,westus2,Data Science,83.3,True,"SYNTHETIC - generated, not a business source: workspace assignment and consumption share invented; capacities and the SKU ladder are real"
westus2-dc07-cap01-ws01,Field-Ops,westus2-dc07-cap01,westus2,Real-Time Intelligence,45.0,True,"SYNTHETIC - generated, not a business source: workspace assignment and consumption share invented; capacities and the SKU ladder are real"
westus2-dc07-cap01-ws02,Data-Platform,westus2-dc07-cap01,westus2,Data Engineering,0.2,True,"SYNTHETIC - generated, not a business source: workspace assignment and consumption share invented; capacities and the SKU ladder are real"
westus2-dc07-cap01-ws03,Finance-Reporting,westus2-dc07-cap01,westus2,Data Warehouse,54.8,True,"SYNTHETIC - generated, not a business source: workspace assignment and consumption share invented; capacities and the SKU ladder are real"
westus2-dc08-cap01-ws01,Marketing-Analytics,westus2-dc08-cap01,westus2,Power BI,19.0,True,"SYNTHETIC - generated, not a business source: workspace assignment and consumption share invented; capacities and the SKU ladder are real"
westus2-dc08-cap01-ws02,Pricing,westus2-dc08-cap01,westus2,Data Science,65.2,True,"SYNTHETIC - generated, not a business source: workspace assignment and consumption share invented; capacities and the SKU ladder are real"
westus2-dc08-cap01-ws03,Field-Ops,westus2-dc08-cap01,westus2,Data Science,1.2,True,"SYNTHETIC - generated, not a business source: workspace assignment and consumption share invented; capacities and the SKU ladder are real"
westus2-dc08-cap01-ws04,Sales-BI,westus2-dc08-cap01,westus2,Power BI,14.5,True,"SYNTHETIC - generated, not a business source: workspace assignment and consumption share invented; capacities and the SKU ladder are real"
westus2-dc08-cap02-ws01,Data-Platform,westus2-dc08-cap02,westus2,Power BI,4.7,True,"SYNTHETIC - generated, not a business source: workspace assignment and consumption share invented; capacities and the SKU ladder are real"
westus2-dc08-cap02-ws02,Customer-360,westus2-dc08-cap02,westus2,Data Science,95.3,True,"SYNTHETIC - generated, not a business source: workspace assignment and consumption share invented; capacities and the SKU ladder are real"
westus2-dc09-cap01-ws01,Risk-Models,westus2-dc09-cap01,westus2,Data Warehouse,18.1,True,"SYNTHETIC - generated, not a business source: workspace assignment and consumption share invented; capacities and the SKU ladder are real"
westus2-dc09-cap01-ws02,Product-Analytics,westus2-dc09-cap01,westus2,Data Engineering,42.8,True,"SYNTHETIC - generated, not a business source: workspace assignment and consumption share invented; capacities and the SKU ladder are real"
westus2-dc09-cap01-ws03,Marketing-Analytics,westus2-dc09-cap01,westus2,Power BI,16.7,True,"SYNTHETIC - generated, not a business source: workspace assignment and consumption share invented; capacities and the SKU ladder are real"
westus2-dc09-cap01-ws04,Supply-Chain,westus2-dc09-cap01,westus2,Data Warehouse,22.4,True,"SYNTHETIC - generated, not a business source: workspace assignment and consumption share invented; capacities and the SKU ladder are real"
westus2-dc09-cap02-ws01,Finance-Reporting,westus2-dc09-cap02,westus2,Data Factory,15.3,True,"SYNTHETIC - generated, not a business source: workspace assignment and consumption share invented; capacities and the SKU ladder are real"
westus2-dc09-cap02-ws02,Customer-360,westus2-dc09-cap02,westus2,Data Engineering,1.0,True,"SYNTHETIC - generated, not a business source: workspace assignment and consumption share invented; capacities and the SKU ladder are real"
westus2-dc09-cap02-ws03,Risk-Models,westus2-dc09-cap02,westus2,Data Science,83.6,True,"SYNTHETIC - generated, not a business source: workspace assignment and consumption share invented; capacities and the SKU ladder are real"
westus2-dc10-cap01-ws01,Finance-Reporting,westus2-dc10-cap01,westus2,Data Engineering,12.8,True,"SYNTHETIC - generated, not a business source: workspace assignment and consumption share invented; capacities and the SKU ladder are real"
westus2-dc10-cap01-ws02,Product-Analytics,westus2-dc10-cap01,westus2,Data Engineering,23.8,True,"SYNTHETIC - generated, not a business source: workspace assignment and consumption share invented; capacities and the SKU ladder are real"
westus2-dc10-cap01-ws03,Data-Platform,westus2-dc10-cap01,westus2,Power BI,14.3,True,"SYNTHETIC - generated, not a business source: workspace assignment and consumption share invented; capacities and the SKU ladder are real"
westus2-dc10-cap01-ws04,Product-Analytics,westus2-dc10-cap01,westus2,Real-Time Intelligence,49.0,True,"SYNTHETIC - generated, not a business source: workspace assignment and consumption share invented; capacities and the SKU ladder are real"
eastus-dc01-cap01-ws01,Sales-BI,eastus-dc01-cap01,eastus,Data Engineering,6.2,True,"SYNTHETIC - generated, not a business source: workspace assignment and consumption share invented; capacities and the SKU ladder are real"
eastus-dc01-cap01-ws02,Product-Analytics,eastus-dc01-cap01,eastus,Data Engineering,5.9,True,"SYNTHETIC - generated, not a business source: workspace assignment and consumption share invented; capacities and the SKU ladder are real"
eastus-dc01-cap01-ws03,Marketing-Analytics,eastus-dc01-cap01,eastus,Data Warehouse,39.2,True,"SYNTHETIC - generated, not a business source: workspace assignment and consumption share invented; capacities and the SKU ladder are real"
eastus-dc01-cap01-ws04,Product-Analytics,eastus-dc01-cap01,eastus,Data Engineering,48.7,True,"SYNTHETIC - generated, not a business source: workspace assignment and consumption share invented; capacities and the SKU ladder are real"
eastus-dc02-cap01-ws01,Exec-Dashboards,eastus-dc02-cap01,eastus,Power BI,86.9,True,"SYNTHETIC - generated, not a business source: workspace assignment and consumption share invented; capacities and the SKU ladder are real"
eastus-dc02-cap01-ws02,Pricing,eastus-dc02-cap01,eastus,Real-Time Intelligence,7.9,True,"SYNTHETIC - generated, not a business source: workspace assignment and consumption share invented; capacities and the SKU ladder are real"
eastus-dc02-cap01-ws03,Customer-360,eastus-dc02-cap01,eastus,Data Science,5.2,True,"SYNTHETIC - generated, not a business source: workspace assignment and consumption share invented; capacities and the SKU ladder are real"
eastus-dc02-cap01-ws04,Risk-Models,eastus-dc02-cap01,eastus,Real-Time Intelligence,0.0,True,"SYNTHETIC - generated, not a business source: workspace assignment and consumption share invented; capacities and the SKU ladder are real"
eastus-dc02-cap02-ws01,Data-Platform,eastus-dc02-cap02,eastus,Data Factory,100.0,True,"SYNTHETIC - generated, not a business source: workspace assignment and consumption share invented; capacities and the SKU ladder are real"
eastus-dc03-cap01-ws01,Pricing,eastus-dc03-cap01,eastus,Data Science,100.0,True,"SYNTHETIC - generated, not a business source: workspace assignment and consumption share invented; capacities and the SKU ladder are real"
eastus-dc03-cap02-ws01,Pricing,eastus-dc03-cap02,eastus,Data Warehouse,6.4,True,"SYNTHETIC - generated, not a business source: workspace assignment and consumption share invented; capacities and the SKU ladder are real"
eastus-dc03-cap02-ws02,Product-Analytics,eastus-dc03-cap02,eastus,Data Warehouse,93.6,True,"SYNTHETIC - generated, not a business source: workspace assignment and consumption share invented; capacities and the SKU ladder are real"
eastus-dc04-cap01-ws01,Finance-Reporting,eastus-dc04-cap01,eastus,Real-Time Intelligence,7.0,True,"SYNTHETIC - generated, not a business source: workspace assignment and consumption share invented; capacities and the SKU ladder are real"
eastus-dc04-cap01-ws02,Sales-BI,eastus-dc04-cap01,eastus,Power BI,25.3,True,"SYNTHETIC - generated, not a business source: workspace assignment and consumption share invented; capacities and the SKU ladder are real"
eastus-dc04-cap01-ws03,Marketing-Analytics,eastus-dc04-cap01,eastus,Power BI,67.7,True,"SYNTHETIC - generated, not a business source: workspace assignment and consumption share invented; capacities and the SKU ladder are real"
eastus-dc05-cap01-ws01,Ops-Telemetry,eastus-dc05-cap01,eastus,Real-Time Intelligence,39.7,True,"SYNTHETIC - generated, not a business source: workspace assignment and consumption share invented; capacities and the SKU ladder are real"
eastus-dc05-cap01-ws02,Product-Analytics,eastus-dc05-cap01,eastus,Data Engineering,34.3,True,"SYNTHETIC - generated, not a business source: workspace assignment and consumption share invented; capacities and the SKU ladder are real"
eastus-dc05-cap01-ws03,Product-Analytics,eastus-dc05-cap01,eastus,Data Warehouse,20.8,True,"SYNTHETIC - generated, not a business source: workspace assignment and consumption share invented; capacities and the SKU ladder are real"
eastus-dc05-cap01-ws04,Marketing-Analytics,eastus-dc05-cap01,eastus,Data Factory,4.9,True,"SYNTHETIC - generated, not a business source: workspace assignment and consumption share invented; capacities and the SKU ladder are real"
eastus-dc05-cap01-ws05,Pricing,eastus-dc05-cap01,eastus,Data Science,0.2,True,"SYNTHETIC - generated, not a business source: workspace assignment and consumption share invented; capacities and the SKU ladder are real"
eastus-dc05-cap02-ws01,Exec-Dashboards,eastus-dc05-cap02,eastus,Data Factory,100.0,True,"SYNTHETIC - generated, not a business source: workspace assignment and consumption share invented; capacities and the SKU ladder are real"
eastus-dc06-cap01-ws01,Ops-Telemetry,eastus-dc06-cap01,eastus,Data Factory,8.9,True,"SYNTHETIC - generated, not a business source: workspace assignment and consumption share invented; capacities and the SKU ladder are real"
eastus-dc06-cap01-ws02,Product-Analytics,eastus-dc06-cap01,eastus,Data Science,10.9,True,"SYNTHETIC - generated, not a business source: workspace assignment and consumption share invented; capacities and the SKU ladder are real"
eastus-dc06-cap01-ws03,Data-Platform,eastus-dc06-cap01,eastus,Data Factory,80.1,True,"SYNTHETIC - generated, not a business source: workspace assignment and consumption share invented; capacities and the SKU ladder are real"
eastus-dc06-cap02-ws01,Exec-Dashboards,eastus-dc06-cap02,eastus,Real-Time Intelligence,38.5,True,"SYNTHETIC - generated, not a business source: workspace assignment and consumption share invented; capacities and the SKU ladder are real"
eastus-dc06-cap02-ws02,Pricing,eastus-dc06-cap02,eastus,Real-Time Intelligence,53.3,True,"SYNTHETIC - generated, not a business source: workspace assignment and consumption share invented; capacities and the SKU ladder are real"
eastus-dc06-cap02-ws03,Marketing-Analytics,eastus-dc06-cap02,eastus,Real-Time Intelligence,8.2,True,"SYNTHETIC - generated, not a business source: workspace assignment and consumption share invented; capacities and the SKU ladder are real"
eastus-dc06-cap03-ws01,Customer-360,eastus-dc06-cap03,eastus,Data Factory,56.0,True,"SYNTHETIC - generated, not a business source: workspace assignment and consumption share invented; capacities and the SKU ladder are real"
eastus-dc06-cap03-ws02,Product-Analytics,eastus-dc06-cap03,eastus,Data Warehouse,37.9,True,"SYNTHETIC - generated, not a business source: workspace assignment and consumption share invented; capacities and the SKU ladder are real"
eastus-dc06-cap03-ws03,Data-Platform,eastus-dc06-cap03,eastus,Data Factory,6.1,True,"SYNTHETIC - generated, not a business source: workspace assignment and consumption share invented; capacities and the SKU ladder are real"
eastus-dc07-cap01-ws01,Sales-BI,eastus-dc07-cap01,eastus,Real-Time Intelligence,11.6,True,"SYNTHETIC - generated, not a business source: workspace assignment and consumption share invented; capacities and the SKU ladder are real"
eastus-dc07-cap01-ws02,Ops-Telemetry,eastus-dc07-cap01,eastus,Data Warehouse,88.4,True,"SYNTHETIC - generated, not a business source: workspace assignment and consumption share invented; capacities and the SKU ladder are real"
eastus-dc08-cap01-ws01,Product-Analytics,eastus-dc08-cap01,eastus,Data Warehouse,1.3,True,"SYNTHETIC - generated, not a business source: workspace assignment and consumption share invented; capacities and the SKU ladder are real"
eastus-dc08-cap01-ws02,Finance-Reporting,eastus-dc08-cap01,eastus,Data Warehouse,7.6,True,"SYNTHETIC - generated, not a business source: workspace assignment and consumption share invented; capacities and the SKU ladder are real"
eastus-dc08-cap01-ws03,Risk-Models,eastus-dc08-cap01,eastus,Real-Time Intelligence,91.1,True,"SYNTHETIC - generated, not a business source: workspace assignment and consumption share invented; capacities and the SKU ladder are real"
eastus-dc08-cap02-ws01,Data-Platform,eastus-dc08-cap02,eastus,Data Engineering,21.1,True,"SYNTHETIC - generated, not a business source: workspace assignment and consumption share invented; capacities and the SKU ladder are real"
eastus-dc08-cap02-ws02,Customer-360,eastus-dc08-cap02,eastus,Power BI,63.0,True,"SYNTHETIC - generated, not a business source: workspace assignment and consumption share invented; capacities and the SKU ladder are real"
eastus-dc08-cap02-ws03,Marketing-Analytics,eastus-dc08-cap02,eastus,Data Engineering,15.9,True,"SYNTHETIC - generated, not a business source: workspace assignment and consumption share invented; capacities and the SKU ladder are real"
eastus-dc09-cap01-ws01,Finance-Reporting,eastus-dc09-cap01,eastus,Data Science,81.8,True,"SYNTHETIC - generated, not a business source: workspace assignment and consumption share invented; capacities and the SKU ladder are real"
eastus-dc09-cap01-ws02,Product-Analytics,eastus-dc09-cap01,eastus,Data Engineering,8.1,True,"SYNTHETIC - generated, not a business source: workspace assignment and consumption share invented; capacities and the SKU ladder are real"
eastus-dc09-cap01-ws03,Risk-Models,eastus-dc09-cap01,eastus,Data Factory,10.1,True,"SYNTHETIC - generated, not a business source: workspace assignment and consumption share invented; capacities and the SKU ladder are real"
eastus-dc09-cap02-ws01,Sales-BI,eastus-dc09-cap02,eastus,Data Warehouse,36.6,True,"SYNTHETIC - generated, not a business source: workspace assignment and consumption share invented; capacities and the SKU ladder are real"
eastus-dc09-cap02-ws02,Data-Platform,eastus-dc09-cap02,eastus,Real-Time Intelligence,63.4,True,"SYNTHETIC - generated, not a business source: workspace assignment and consumption share invented; capacities and the SKU ladder are real"
eastus-dc10-cap01-ws01,Ops-Telemetry,eastus-dc10-cap01,eastus,Data Warehouse,26.3,True,"SYNTHETIC - generated, not a business source: workspace assignment and consumption share invented; capacities and the SKU ladder are real"
eastus-dc10-cap01-ws02,Risk-Models,eastus-dc10-cap01,eastus,Power BI,7.2,True,"SYNTHETIC - generated, not a business source: workspace assignment and consumption share invented; capacities and the SKU ladder are real"
eastus-dc10-cap01-ws03,Pricing,eastus-dc10-cap01,eastus,Power BI,61.2,True,"SYNTHETIC - generated, not a business source: workspace assignment and consumption share invented; capacities and the SKU ladder are real"
eastus-dc10-cap01-ws04,Field-Ops,eastus-dc10-cap01,eastus,Data Warehouse,5.3,True,"SYNTHETIC - generated, not a business source: workspace assignment and consumption share invented; capacities and the SKU ladder are real"
eastus-dc10-cap02-ws01,Risk-Models,eastus-dc10-cap02,eastus,Data Engineering,25.4,True,"SYNTHETIC - generated, not a business source: workspace assignment and consumption share invented; capacities and the SKU ladder are real"
eastus-dc10-cap02-ws02,Sales-BI,eastus-dc10-cap02,eastus,Data Factory,73.1,True,"SYNTHETIC - generated, not a business source: workspace assignment and consumption share invented; capacities and the SKU ladder are real"
eastus-dc10-cap02-ws03,Ops-Telemetry,eastus-dc10-cap02,eastus,Data Engineering,1.0,True,"SYNTHETIC - generated, not a business source: workspace assignment and consumption share invented; capacities and the SKU ladder are real"
eastus-dc10-cap02-ws04,Pricing,eastus-dc10-cap02,eastus,Data Engineering,0.5,True,"SYNTHETIC - generated, not a business source: workspace assignment and consumption share invented; capacities and the SKU ladder are real"
eastus-dc10-cap03-ws01,Product-Analytics,eastus-dc10-cap03,eastus,Real-Time Intelligence,53.0,True,"SYNTHETIC - generated, not a business source: workspace assignment and consumption share invented; capacities and the SKU ladder are real"
eastus-dc10-cap03-ws02,Marketing-Analytics,eastus-dc10-cap03,eastus,Data Engineering,19.9,True,"SYNTHETIC - generated, not a business source: workspace assignment and consumption share invented; capacities and the SKU ladder are real"
eastus-dc10-cap03-ws03,Ops-Telemetry,eastus-dc10-cap03,eastus,Data Science,27.1,True,"SYNTHETIC - generated, not a business source: workspace assignment and consumption share invented; capacities and the SKU ladder are real"
eastus-dc10-cap04-ws01,Pricing,eastus-dc10-cap04,eastus,Data Science,7.9,True,"SYNTHETIC - generated, not a business source: workspace assignment and consumption share invented; capacities and the SKU ladder are real"
eastus-dc10-cap04-ws02,Ops-Telemetry,eastus-dc10-cap04,eastus,Power BI,92.1,True,"SYNTHETIC - generated, not a business source: workspace assignment and consumption share invented; capacities and the SKU ladder are real"
northeurope-dc01-cap01-ws01,Customer-360,northeurope-dc01-cap01,northeurope,Data Engineering,7.8,True,"SYNTHETIC - generated, not a business source: workspace assignment and consumption share invented; capacities and the SKU ladder are real"
northeurope-dc01-cap01-ws02,Product-Analytics,northeurope-dc01-cap01,northeurope,Power BI,23.7,True,"SYNTHETIC - generated, not a business source: workspace assignment and consumption share invented; capacities and the SKU ladder are real"
northeurope-dc01-cap01-ws03,Data-Platform,northeurope-dc01-cap01,northeurope,Data Factory,2.9,True,"SYNTHETIC - generated, not a business source: workspace assignment and consumption share invented; capacities and the SKU ladder are real"
northeurope-dc01-cap01-ws04,Pricing,northeurope-dc01-cap01,northeurope,Real-Time Intelligence,15.7,True,"SYNTHETIC - generated, not a business source: workspace assignment and consumption share invented; capacities and the SKU ladder are real"
northeurope-dc01-cap01-ws05,Pricing,northeurope-dc01-cap01,northeurope,Power BI,49.9,True,"SYNTHETIC - generated, not a business source: workspace assignment and consumption share invented; capacities and the SKU ladder are real"
northeurope-dc01-cap02-ws01,Product-Analytics,northeurope-dc01-cap02,northeurope,Power BI,75.9,True,"SYNTHETIC - generated, not a business source: workspace assignment and consumption share invented; capacities and the SKU ladder are real"
northeurope-dc01-cap02-ws02,Customer-360,northeurope-dc01-cap02,northeurope,Data Science,24.1,True,"SYNTHETIC - generated, not a business source: workspace assignment and consumption share invented; capacities and the SKU ladder are real"
northeurope-dc02-cap01-ws01,Data-Platform,northeurope-dc02-cap01,northeurope,Data Engineering,10.8,True,"SYNTHETIC - generated, not a business source: workspace assignment and consumption share invented; capacities and the SKU ladder are real"
northeurope-dc02-cap01-ws02,Ops-Telemetry,northeurope-dc02-cap01,northeurope,Data Engineering,3.4,True,"SYNTHETIC - generated, not a business source: workspace assignment and consumption share invented; capacities and the SKU ladder are real"
northeurope-dc02-cap01-ws03,Customer-360,northeurope-dc02-cap01,northeurope,Data Factory,85.8,True,"SYNTHETIC - generated, not a business source: workspace assignment and consumption share invented; capacities and the SKU ladder are real"
northeurope-dc02-cap02-ws01,Ops-Telemetry,northeurope-dc02-cap02,northeurope,Data Science,13.5,True,"SYNTHETIC - generated, not a business source: workspace assignment and consumption share invented; capacities and the SKU ladder are real"
northeurope-dc02-cap02-ws02,Field-Ops,northeurope-dc02-cap02,northeurope,Power BI,86.5,True,"SYNTHETIC - generated, not a business source: workspace assignment and consumption share invented; capacities and the SKU ladder are real"
northeurope-dc03-cap01-ws01,Sales-BI,northeurope-dc03-cap01,northeurope,Data Factory,0.0,True,"SYNTHETIC - generated, not a business source: workspace assignment and consumption share invented; capacities and the SKU ladder are real"
northeurope-dc03-cap01-ws02,Finance-Reporting,northeurope-dc03-cap01,northeurope,Data Engineering,100.0,True,"SYNTHETIC - generated, not a business source: workspace assignment and consumption share invented; capacities and the SKU ladder are real"
northeurope-dc04-cap01-ws01,Product-Analytics,northeurope-dc04-cap01,northeurope,Data Warehouse,4.1,True,"SYNTHETIC - generated, not a business source: workspace assignment and consumption share invented; capacities and the SKU ladder are real"
northeurope-dc04-cap01-ws02,Field-Ops,northeurope-dc04-cap01,northeurope,Data Warehouse,95.9,True,"SYNTHETIC - generated, not a business source: workspace assignment and consumption share invented; capacities and the SKU ladder are real"
northeurope-dc04-cap02-ws01,Marketing-Analytics,northeurope-dc04-cap02,northeurope,Real-Time Intelligence,100.0,True,"SYNTHETIC - generated, not a business source: workspace assignment and consumption share invented; capacities and the SKU ladder are real"
northeurope-dc05-cap01-ws01,Risk-Models,northeurope-dc05-cap01,northeurope,Data Engineering,9.9,True,"SYNTHETIC - generated, not a business source: workspace assignment and consumption share invented; capacities and the SKU ladder are real"
northeurope-dc05-cap01-ws02,Finance-Reporting,northeurope-dc05-cap01,northeurope,Data Engineering,8.2,True,"SYNTHETIC - generated, not a business source: workspace assignment and consumption share invented; capacities and the SKU ladder are real"
northeurope-dc05-cap01-ws03,Data-Platform,northeurope-dc05-cap01,northeurope,Data Factory,9.5,True,"SYNTHETIC - generated, not a business source: workspace assignment and consumption share invented; capacities and the SKU ladder are real"
northeurope-dc05-cap01-ws04,Data-Platform,northeurope-dc05-cap01,northeurope,Data Warehouse,72.4,True,"SYNTHETIC - generated, not a business source: workspace assignment and consumption share invented; capacities and the SKU ladder are real"
northeurope-dc05-cap02-ws01,Sales-BI,northeurope-dc05-cap02,northeurope,Power BI,57.5,True,"SYNTHETIC - generated, not a business source: workspace assignment and consumption share invented; capacities and the SKU ladder are real"
northeurope-dc05-cap02-ws02,Pricing,northeurope-dc05-cap02,northeurope,Real-Time Intelligence,42.5,True,"SYNTHETIC - generated, not a business source: workspace assignment and consumption share invented; capacities and the SKU ladder are real"
northeurope-dc06-cap01-ws01,Ops-Telemetry,northeurope-dc06-cap01,northeurope,Real-Time Intelligence,100.0,True,"SYNTHETIC - generated, not a business source: workspace assignment and consumption share invented; capacities and the SKU ladder are real"
northeurope-dc06-cap02-ws01,Supply-Chain,northeurope-dc06-cap02,northeurope,Data Engineering,41.0,True,"SYNTHETIC - generated, not a business source: workspace assignment and consumption share invented; capacities and the SKU ladder are real"
northeurope-dc06-cap02-ws02,Data-Platform,northeurope-dc06-cap02,northeurope,Data Warehouse,59.0,True,"SYNTHETIC - generated, not a business source: workspace assignment and consumption share invented; capacities and the SKU ladder are real"
northeurope-dc07-cap01-ws01,Marketing-Analytics,northeurope-dc07-cap01,northeurope,Data Science,1.2,True,"SYNTHETIC - generated, not a business source: workspace assignment and consumption share invented; capacities and the SKU ladder are real"
northeurope-dc07-cap01-ws02,Risk-Models,northeurope-dc07-cap01,northeurope,Data Science,0.0,True,"SYNTHETIC - generated, not a business source: workspace assignment and consumption share invented; capacities and the SKU ladder are real"
northeurope-dc07-cap01-ws03,Field-Ops,northeurope-dc07-cap01,northeurope,Real-Time Intelligence,98.8,True,"SYNTHETIC - generated, not a business source: workspace assignment and consumption share invented; capacities and the SKU ladder are real"
northeurope-dc07-cap02-ws01,Product-Analytics,northeurope-dc07-cap02,northeurope,Data Engineering,27.7,True,"SYNTHETIC - generated, not a business source: workspace assignment and consumption share invented; capacities and the SKU ladder are real"
northeurope-dc07-cap02-ws02,Exec-Dashboards,northeurope-dc07-cap02,northeurope,Data Warehouse,72.3,True,"SYNTHETIC - generated, not a business source: workspace assignment and consumption share invented; capacities and the SKU ladder are real"
northeurope-dc07-cap03-ws01,Customer-360,northeurope-dc07-cap03,northeurope,Real-Time Intelligence,38.9,True,"SYNTHETIC - generated, not a business source: workspace assignment and consumption share invented; capacities and the SKU ladder are real"
northeurope-dc07-cap03-ws02,Supply-Chain,northeurope-dc07-cap03,northeurope,Data Engineering,61.1,True,"SYNTHETIC - generated, not a business source: workspace assignment and consumption share invented; capacities and the SKU ladder are real"
northeurope-dc08-cap01-ws01,Product-Analytics,northeurope-dc08-cap01,northeurope,Data Warehouse,0.6,True,"SYNTHETIC - generated, not a business source: workspace assignment and consumption share invented; capacities and the SKU ladder are real"
northeurope-dc08-cap01-ws02,Supply-Chain,northeurope-dc08-cap01,northeurope,Data Warehouse,99.4,True,"SYNTHETIC - generated, not a business source: workspace assignment and consumption share invented; capacities and the SKU ladder are real"
northeurope-dc08-cap02-ws01,Ops-Telemetry,northeurope-dc08-cap02,northeurope,Data Science,24.3,True,"SYNTHETIC - generated, not a business source: workspace assignment and consumption share invented; capacities and the SKU ladder are real"
northeurope-dc08-cap02-ws02,Sales-BI,northeurope-dc08-cap02,northeurope,Data Science,59.4,True,"SYNTHETIC - generated, not a business source: workspace assignment and consumption share invented; capacities and the SKU ladder are real"
northeurope-dc08-cap02-ws03,Ops-Telemetry,northeurope-dc08-cap02,northeurope,Real-Time Intelligence,16.3,True,"SYNTHETIC - generated, not a business source: workspace assignment and consumption share invented; capacities and the SKU ladder are real"
northeurope-dc08-cap03-ws01,Ops-Telemetry,northeurope-dc08-cap03,northeurope,Real-Time Intelligence,9.0,True,"SYNTHETIC - generated, not a business source: workspace assignment and consumption share invented; capacities and the SKU ladder are real"
northeurope-dc08-cap03-ws02,Pricing,northeurope-dc08-cap03,northeurope,Data Science,91.0,True,"SYNTHETIC - generated, not a business source: workspace assignment and consumption share invented; capacities and the SKU ladder are real"
northeurope-dc08-cap04-ws01,Customer-360,northeurope-dc08-cap04,northeurope,Data Factory,17.5,True,"SYNTHETIC - generated, not a business source: workspace assignment and consumption share invented; capacities and the SKU ladder are real"
northeurope-dc08-cap04-ws02,Customer-360,northeurope-dc08-cap04,northeurope,Data Engineering,82.5,True,"SYNTHETIC - generated, not a business source: workspace assignment and consumption share invented; capacities and the SKU ladder are real"
northeurope-dc09-cap01-ws01,Marketing-Analytics,northeurope-dc09-cap01,northeurope,Power BI,100.0,True,"SYNTHETIC - generated, not a business source: workspace assignment and consumption share invented; capacities and the SKU ladder are real"
northeurope-dc09-cap02-ws01,Customer-360,northeurope-dc09-cap02,northeurope,Data Engineering,100.0,True,"SYNTHETIC - generated, not a business source: workspace assignment and consumption share invented; capacities and the SKU ladder are real"
northeurope-dc10-cap01-ws01,Risk-Models,northeurope-dc10-cap01,northeurope,Power BI,43.3,True,"SYNTHETIC - generated, not a business source: workspace assignment and consumption share invented; capacities and the SKU ladder are real"
northeurope-dc10-cap01-ws02,Marketing-Analytics,northeurope-dc10-cap01,northeurope,Power BI,48.0,True,"SYNTHETIC - generated, not a business source: workspace assignment and consumption share invented; capacities and the SKU ladder are real"
northeurope-dc10-cap01-ws03,Exec-Dashboards,northeurope-dc10-cap01,northeurope,Data Factory,8.7,True,"SYNTHETIC - generated, not a business source: workspace assignment and consumption share invented; capacities and the SKU ladder are real"
northeurope-dc10-cap02-ws01,Marketing-Analytics,northeurope-dc10-cap02,northeurope,Data Warehouse,78.3,True,"SYNTHETIC - generated, not a business source: workspace assignment and consumption share invented; capacities and the SKU ladder are real"
northeurope-dc10-cap02-ws02,Customer-360,northeurope-dc10-cap02,northeurope,Real-Time Intelligence,21.7,True,"SYNTHETIC - generated, not a business source: workspace assignment and consumption share invented; capacities and the SKU ladder are real"
northeurope-dc10-cap03-ws01,Data-Platform,northeurope-dc10-cap03,northeurope,Data Factory,11.4,True,"SYNTHETIC - generated, not a business source: workspace assignment and consumption share invented; capacities and the SKU ladder are real"
northeurope-dc10-cap03-ws02,Supply-Chain,northeurope-dc10-cap03,northeurope,Data Warehouse,51.1,True,"SYNTHETIC - generated, not a business source: workspace assignment and consumption share invented; capacities and the SKU ladder are real"
northeurope-dc10-cap03-ws03,Exec-Dashboards,northeurope-dc10-cap03,northeurope,Data Warehouse,37.6,True,"SYNTHETIC - generated, not a business source: workspace assignment and consumption share invented; capacities and the SKU ladder are real"
northeurope-dc10-cap04-ws01,Marketing-Analytics,northeurope-dc10-cap04,northeurope,Data Factory,40.9,True,"SYNTHETIC - generated, not a business source: workspace assignment and consumption share invented; capacities and the SKU ladder are real"
northeurope-dc10-cap04-ws02,Field-Ops,northeurope-dc10-cap04,northeurope,Power BI,59.1,True,"SYNTHETIC - generated, not a business source: workspace assignment and consumption share invented; capacities and the SKU ladder are real"
