OperationalIncidentId,CapacityId,DatacentreId,Region,FabricSku,SKUClass,OpenedDate,Severity,IncidentType,DowntimeMinutes,ImpactedCustomers,IsSynthetic,Provenance
OPS00067,southcentralus-dc06-cap01,southcentralus-dc06,southcentralus,F32,Intel-highmem,2025-09-01,Sev3,Capacity throttling,20,1,True,"SYNTHETIC - generated, not a business source: incident rate driven by hardware class and capacity size, independent of utilisation"
OPS00744,uksouth-dc01-cap04,uksouth-dc01,uksouth,F16,AMD-standard,2025-09-01,Sev4,Memory pressure,2,6,True,"SYNTHETIC - generated, not a business source: incident rate driven by hardware class and capacity size, independent of utilisation"
OPS00410,northcentralus-dc09-cap01,northcentralus-dc09,northcentralus,F256,GPU-class,2025-09-01,Sev4,Network partition,6,4,True,"SYNTHETIC - generated, not a business source: incident rate driven by hardware class and capacity size, independent of utilisation"
OPS00008,southcentralus-dc01-cap02,southcentralus-dc01,southcentralus,F16,Intel-highmem,2025-09-01,Sev4,Storage latency,12,6,True,"SYNTHETIC - generated, not a business source: incident rate driven by hardware class and capacity size, independent of utilisation"
OPS00506,canadacentral-dc06-cap01,canadacentral-dc06,canadacentral,F64,AMD-highmem,2025-09-01,Sev2,Network partition,52,4,True,"SYNTHETIC - generated, not a business source: incident rate driven by hardware class and capacity size, independent of utilisation"
OPS00183,centralindia-dc06-cap02,centralindia-dc06,centralindia,F16,Intel-highmem,2025-09-01,Sev4,Node unresponsive,5,6,True,"SYNTHETIC - generated, not a business source: incident rate driven by hardware class and capacity size, independent of utilisation"
OPS00477,canadacentral-dc03-cap01,canadacentral-dc03,canadacentral,F128,AMD-highmem,2025-09-02,Sev2,Memory pressure,116,8,True,"SYNTHETIC - generated, not a business source: incident rate driven by hardware class and capacity size, independent of utilisation"
OPS00296,westeurope-dc10-cap01,westeurope-dc10,westeurope,F128,GPU-class,2025-09-02,Sev2,Memory pressure,34,6,True,"SYNTHETIC - generated, not a business source: incident rate driven by hardware class and capacity size, independent of utilisation"
OPS00527,canadacentral-dc07-cap02,canadacentral-dc07,canadacentral,F128,AMD-standard,2025-09-02,Sev4,Storage latency,3,7,True,"SYNTHETIC - generated, not a business source: incident rate driven by hardware class and capacity size, independent of utilisation"
OPS00676,eastus2-dc02-cap01,eastus2-dc02,eastus2,F128,AMD-highmem,2025-09-02,Sev3,Network partition,24,3,True,"SYNTHETIC - generated, not a business source: incident rate driven by hardware class and capacity size, independent of utilisation"
OPS00874,westus2-dc02-cap02,westus2-dc02,westus2,F16,AMD-standard,2025-09-02,Sev1,Node unresponsive,339,2,True,"SYNTHETIC - generated, not a business source: incident rate driven by hardware class and capacity size, independent of utilisation"
OPS00187,centralindia-dc06-cap03,centralindia-dc06,centralindia,F2,Intel-highmem,2025-09-02,Sev4,Unplanned reboot,8,8,True,"SYNTHETIC - generated, not a business source: incident rate driven by hardware class and capacity size, independent of utilisation"
OPS00248,westeurope-dc01-cap03,westeurope-dc01,westeurope,F4,GPU-class,2025-09-02,Sev3,Storage latency,29,2,True,"SYNTHETIC - generated, not a business source: incident rate driven by hardware class and capacity size, independent of utilisation"
OPS00717,eastus2-dc08-cap03,eastus2-dc08,eastus2,F8,AMD-highmem,2025-09-03,Sev3,Network partition,54,4,True,"SYNTHETIC - generated, not a business source: incident rate driven by hardware class and capacity size, independent of utilisation"
OPS00812,uksouth-dc07-cap01,uksouth-dc07,uksouth,F256,AMD-standard,2025-09-03,Sev4,Network partition,6,8,True,"SYNTHETIC - generated, not a business source: incident rate driven by hardware class and capacity size, independent of utilisation"
OPS00411,northcentralus-dc09-cap01,northcentralus-dc09,northcentralus,F256,GPU-class,2025-09-03,Sev3,Unplanned reboot,45,3,True,"SYNTHETIC - generated, not a business source: incident rate driven by hardware class and capacity size, independent of utilisation"
OPS00976,northeurope-dc10-cap02,northeurope-dc10,northeurope,F8,AMD-standard,2025-09-04,Sev4,Node unresponsive,4,6,True,"SYNTHETIC - generated, not a business source: incident rate driven by hardware class and capacity size, independent of utilisation"
OPS00139,centralindia-dc04-cap01,centralindia-dc04,centralindia,F32,Intel-highmem,2025-09-04,Sev1,Network partition,239,2,True,"SYNTHETIC - generated, not a business source: incident rate driven by hardware class and capacity size, independent of utilisation"
OPS00201,centralindia-dc08-cap02,centralindia-dc08,centralindia,F2,Intel-standard,2025-09-04,Sev4,Capacity throttling,14,7,True,"SYNTHETIC - generated, not a business source: incident rate driven by hardware class and capacity size, independent of utilisation"
OPS00351,northcentralus-dc04-cap01,northcentralus-dc04,northcentralus,F64,GPU-class,2025-09-04,Sev3,Network partition,26,4,True,"SYNTHETIC - generated, not a business source: incident rate driven by hardware class and capacity size, independent of utilisation"
OPS00487,canadacentral-dc04-cap01,canadacentral-dc04,canadacentral,F128,AMD-highmem,2025-09-04,Sev4,Capacity throttling,3,5,True,"SYNTHETIC - generated, not a business source: incident rate driven by hardware class and capacity size, independent of utilisation"
OPS00273,westeurope-dc07-cap01,westeurope-dc07,westeurope,F4,GPU-class,2025-09-04,Sev2,Unplanned reboot,176,5,True,"SYNTHETIC - generated, not a business source: incident rate driven by hardware class and capacity size, independent of utilisation"
OPS00675,eastus2-dc02-cap01,eastus2-dc02,eastus2,F128,AMD-highmem,2025-09-04,Sev2,Network partition,20,8,True,"SYNTHETIC - generated, not a business source: incident rate driven by hardware class and capacity size, independent of utilisation"
OPS00212,centralindia-dc09-cap02,centralindia-dc09,centralindia,F2,Intel-highmem,2025-09-04,Sev3,Unplanned reboot,16,6,True,"SYNTHETIC - generated, not a business source: incident rate driven by hardware class and capacity size, independent of utilisation"
OPS00944,northeurope-dc01-cap01,northeurope-dc01,northeurope,F64,AMD-highmem,2025-09-04,Sev3,Unplanned reboot,36,2,True,"SYNTHETIC - generated, not a business source: incident rate driven by hardware class and capacity size, independent of utilisation"
OPS00826,uksouth-dc07-cap02,uksouth-dc07,uksouth,F32,AMD-standard,2025-09-04,Sev4,Node unresponsive,12,2,True,"SYNTHETIC - generated, not a business source: incident rate driven by hardware class and capacity size, independent of utilisation"
OPS00165,centralindia-dc05-cap01,centralindia-dc05,centralindia,F16,Intel-highmem,2025-09-05,Sev3,Storage latency,6,6,True,"SYNTHETIC - generated, not a business source: incident rate driven by hardware class and capacity size, independent of utilisation"
OPS00027,southcentralus-dc01-cap04,southcentralus-dc01,southcentralus,F4,Intel-highmem,2025-09-05,Sev3,Unplanned reboot,30,4,True,"SYNTHETIC - generated, not a business source: incident rate driven by hardware class and capacity size, independent of utilisation"
OPS00702,eastus2-dc07-cap02,eastus2-dc07,eastus2,F32,AMD-highmem,2025-09-05,Sev3,Storage latency,25,4,True,"SYNTHETIC - generated, not a business source: incident rate driven by hardware class and capacity size, independent of utilisation"
OPS00133,centralindia-dc03-cap01,centralindia-dc03,centralindia,F2,Intel-standard,2025-09-05,Sev2,Network partition,45,6,True,"SYNTHETIC - generated, not a business source: incident rate driven by hardware class and capacity size, independent of utilisation"
OPS00145,centralindia-dc04-cap02,centralindia-dc04,centralindia,F16,Intel-highmem,2025-09-05,Sev4,Node unresponsive,3,5,True,"SYNTHETIC - generated, not a business source: incident rate driven by hardware class and capacity size, independent of utilisation"
OPS00683,eastus2-dc02-cap03,eastus2-dc02,eastus2,F2,AMD-highmem,2025-09-05,Sev3,Storage latency,5,6,True,"SYNTHETIC - generated, not a business source: incident rate driven by hardware class and capacity size, independent of utilisation"
OPS00559,canadacentral-dc10-cap01,canadacentral-dc10,canadacentral,F128,AMD-highmem,2025-09-05,Sev4,Network partition,5,2,True,"SYNTHETIC - generated, not a business source: incident rate driven by hardware class and capacity size, independent of utilisation"
OPS00220,centralindia-dc10-cap01,centralindia-dc10,centralindia,F64,Intel-highmem,2025-09-06,Sev3,Node unresponsive,16,2,True,"SYNTHETIC - generated, not a business source: incident rate driven by hardware class and capacity size, independent of utilisation"
OPS00853,uksouth-dc09-cap01,uksouth-dc09,uksouth,F128,AMD-highmem,2025-09-06,Sev2,Memory pressure,71,4,True,"SYNTHETIC - generated, not a business source: incident rate driven by hardware class and capacity size, independent of utilisation"
OPS00232,centralindia-dc10-cap02,centralindia-dc10,centralindia,F4,Intel-highmem,2025-09-06,Sev4,Storage latency,12,5,True,"SYNTHETIC - generated, not a business source: incident rate driven by hardware class and capacity size, independent of utilisation"
OPS00319,northcentralus-dc01-cap01,northcentralus-dc01,northcentralus,F64,GPU-class,2025-09-06,Sev2,Node unresponsive,38,5,True,"SYNTHETIC - generated, not a business source: incident rate driven by hardware class and capacity size, independent of utilisation"
OPS00817,uksouth-dc07-cap01,uksouth-dc07,uksouth,F256,AMD-standard,2025-09-06,Sev2,Memory pressure,114,4,True,"SYNTHETIC - generated, not a business source: incident rate driven by hardware class and capacity size, independent of utilisation"
OPS00101,southcentralus-dc09-cap02,southcentralus-dc09,southcentralus,F8,Intel-standard,2025-09-07,Sev4,Storage latency,10,5,True,"SYNTHETIC - generated, not a business source: incident rate driven by hardware class and capacity size, independent of utilisation"
OPS00609,canadaeast-dc06-cap04,canadaeast-dc06,canadaeast,F8,AMD-highmem,2025-09-07,Sev4,Capacity throttling,4,2,True,"SYNTHETIC - generated, not a business source: incident rate driven by hardware class and capacity size, independent of utilisation"
OPS00777,uksouth-dc06-cap01,uksouth-dc06,uksouth,F128,AMD-highmem,2025-09-07,Sev3,Capacity throttling,7,6,True,"SYNTHETIC - generated, not a business source: incident rate driven by hardware class and capacity size, independent of utilisation"
OPS00253,westeurope-dc01-cap04,westeurope-dc01,westeurope,F2,GPU-class,2025-09-07,Sev3,Node unresponsive,44,8,True,"SYNTHETIC - generated, not a business source: incident rate driven by hardware class and capacity size, independent of utilisation"
OPS00854,uksouth-dc09-cap01,uksouth-dc09,uksouth,F128,AMD-highmem,2025-09-07,Sev4,Memory pressure,14,4,True,"SYNTHETIC - generated, not a business source: incident rate driven by hardware class and capacity size, independent of utilisation"
OPS00830,uksouth-dc07-cap04,uksouth-dc07,uksouth,F4,AMD-standard,2025-09-08,Sev2,Node unresponsive,114,1,True,"SYNTHETIC - generated, not a business source: incident rate driven by hardware class and capacity size, independent of utilisation"
OPS00403,northcentralus-dc09-cap01,northcentralus-dc09,northcentralus,F256,GPU-class,2025-09-08,Sev3,Node unresponsive,31,8,True,"SYNTHETIC - generated, not a business source: incident rate driven by hardware class and capacity size, independent of utilisation"
OPS00359,northcentralus-dc04-cap03,northcentralus-dc04,northcentralus,F4,GPU-class,2025-09-08,Sev3,Storage latency,20,5,True,"SYNTHETIC - generated, not a business source: incident rate driven by hardware class and capacity size, independent of utilisation"
OPS00161,centralindia-dc04-cap03,centralindia-dc04,centralindia,F4,Intel-highmem,2025-09-08,Sev3,Memory pressure,54,8,True,"SYNTHETIC - generated, not a business source: incident rate driven by hardware class and capacity size, independent of utilisation"
OPS00449,canadacentral-dc01-cap01,canadacentral-dc01,canadacentral,F128,AMD-highmem,2025-09-08,Sev2,Network partition,111,3,True,"SYNTHETIC - generated, not a business source: incident rate driven by hardware class and capacity size, independent of utilisation"
OPS00601,canadaeast-dc06-cap01,canadaeast-dc06,canadaeast,F128,AMD-highmem,2025-09-08,Sev3,Storage latency,16,3,True,"SYNTHETIC - generated, not a business source: incident rate driven by hardware class and capacity size, independent of utilisation"
OPS00388,northcentralus-dc08-cap01,northcentralus-dc08,northcentralus,F128,AMD-highmem,2025-09-08,Sev3,Capacity throttling,26,8,True,"SYNTHETIC - generated, not a business source: incident rate driven by hardware class and capacity size, independent of utilisation"
OPS00205,centralindia-dc09-cap01,centralindia-dc09,centralindia,F8,Intel-highmem,2025-09-08,Sev3,Storage latency,17,8,True,"SYNTHETIC - generated, not a business source: incident rate driven by hardware class and capacity size, independent of utilisation"
OPS00673,eastus2-dc01-cap05,eastus2-dc01,eastus2,F2,AMD-highmem,2025-09-08,Sev3,Memory pressure,53,7,True,"SYNTHETIC - generated, not a business source: incident rate driven by hardware class and capacity size, independent of utilisation"
OPS00861,uksouth-dc10-cap01,uksouth-dc10,uksouth,F128,AMD-highmem,2025-09-08,Sev3,Capacity throttling,17,5,True,"SYNTHETIC - generated, not a business source: incident rate driven by hardware class and capacity size, independent of utilisation"
OPS00346,northcentralus-dc03-cap03,northcentralus-dc03,northcentralus,F4,AMD-highmem,2025-09-09,Sev3,Node unresponsive,25,6,True,"SYNTHETIC - generated, not a business source: incident rate driven by hardware class and capacity size, independent of utilisation"
OPS00495,canadacentral-dc04-cap03,canadacentral-dc04,canadacentral,F8,AMD-highmem,2025-09-09,Sev3,Node unresponsive,53,8,True,"SYNTHETIC - generated, not a business source: incident rate driven by hardware class and capacity size, independent of utilisation"
OPS00564,canadacentral-dc10-cap02,canadacentral-dc10,canadacentral,F32,AMD-highmem,2025-09-09,Sev4,Memory pressure,14,4,True,"SYNTHETIC - generated, not a business source: incident rate driven by hardware class and capacity size, independent of utilisation"
OPS00664,eastus2-dc01-cap02,eastus2-dc01,eastus2,F128,AMD-highmem,2025-09-09,Sev2,Unplanned reboot,111,1,True,"SYNTHETIC - generated, not a business source: incident rate driven by hardware class and capacity size, independent of utilisation"
OPS00885,westus2-dc05-cap01,westus2-dc05,westus2,F4,AMD-highmem,2025-09-09,Sev4,Capacity throttling,3,3,True,"SYNTHETIC - generated, not a business source: incident rate driven by hardware class and capacity size, independent of utilisation"
OPS00711,eastus2-dc08-cap01,eastus2-dc08,eastus2,F128,AMD-highmem,2025-09-10,Sev3,Network partition,52,7,True,"SYNTHETIC - generated, not a business source: incident rate driven by hardware class and capacity size, independent of utilisation"
OPS00196,centralindia-dc07-cap03,centralindia-dc07,centralindia,F2,Intel-standard,2025-09-10,Sev2,Network partition,85,4,True,"SYNTHETIC - generated, not a business source: incident rate driven by hardware class and capacity size, independent of utilisation"
OPS00643,canadaeast-dc10-cap01,canadaeast-dc10,canadaeast,F128,AMD-highmem,2025-09-10,Sev2,Network partition,139,6,True,"SYNTHETIC - generated, not a business source: incident rate driven by hardware class and capacity size, independent of utilisation"
OPS00339,northcentralus-dc02-cap04,northcentralus-dc02,northcentralus,F2,GPU-class,2025-09-10,Sev3,Node unresponsive,39,1,True,"SYNTHETIC - generated, not a business source: incident rate driven by hardware class and capacity size, independent of utilisation"
OPS00324,northcentralus-dc01-cap02,northcentralus-dc01,northcentralus,F4,GPU-class,2025-09-10,Sev3,Memory pressure,24,3,True,"SYNTHETIC - generated, not a business source: incident rate driven by hardware class and capacity size, independent of utilisation"
OPS00721,eastus2-dc08-cap05,eastus2-dc08,eastus2,F2,AMD-highmem,2025-09-10,Sev4,Network partition,10,7,True,"SYNTHETIC - generated, not a business source: incident rate driven by hardware class and capacity size, independent of utilisation"
OPS00420,northcentralus-dc09-cap01,northcentralus-dc09,northcentralus,F256,GPU-class,2025-09-10,Sev3,Node unresponsive,9,3,True,"SYNTHETIC - generated, not a business source: incident rate driven by hardware class and capacity size, independent of utilisation"
OPS00693,eastus2-dc05-cap01,eastus2-dc05,eastus2,F128,AMD-highmem,2025-09-10,Sev2,Memory pressure,25,7,True,"SYNTHETIC - generated, not a business source: incident rate driven by hardware class and capacity size, independent of utilisation"
OPS00823,uksouth-dc07-cap01,uksouth-dc07,uksouth,F256,AMD-standard,2025-09-10,Sev3,Network partition,46,8,True,"SYNTHETIC - generated, not a business source: incident rate driven by hardware class and capacity size, independent of utilisation"
OPS00047,southcentralus-dc04-cap01,southcentralus-dc04,southcentralus,F32,Intel-standard,2025-09-10,Sev3,Unplanned reboot,26,6,True,"SYNTHETIC - generated, not a business source: incident rate driven by hardware class and capacity size, independent of utilisation"
OPS00289,westeurope-dc09-cap03,westeurope-dc09,westeurope,F2,AMD-highmem,2025-09-11,Sev3,Capacity throttling,24,1,True,"SYNTHETIC - generated, not a business source: incident rate driven by hardware class and capacity size, independent of utilisation"
OPS00194,centralindia-dc07-cap02,centralindia-dc07,centralindia,F8,Intel-standard,2025-09-11,Sev3,Unplanned reboot,30,4,True,"SYNTHETIC - generated, not a business source: incident rate driven by hardware class and capacity size, independent of utilisation"
OPS00619,canadaeast-dc08-cap01,canadaeast-dc08,canadaeast,F128,AMD-highmem,2025-09-11,Sev4,Memory pressure,1,1,True,"SYNTHETIC - generated, not a business source: incident rate driven by hardware class and capacity size, independent of utilisation"
OPS00298,westeurope-dc10-cap01,westeurope-dc10,westeurope,F128,GPU-class,2025-09-11,Sev3,Storage latency,14,6,True,"SYNTHETIC - generated, not a business source: incident rate driven by hardware class and capacity size, independent of utilisation"
OPS00496,canadacentral-dc05-cap01,canadacentral-dc05,canadacentral,F128,AMD-highmem,2025-09-11,Sev2,Memory pressure,55,1,True,"SYNTHETIC - generated, not a business source: incident rate driven by hardware class and capacity size, independent of utilisation"
OPS00890,westus2-dc07-cap01,westus2-dc07,westus2,F64,AMD-highmem,2025-09-11,Sev2,Node unresponsive,27,4,True,"SYNTHETIC - generated, not a business source: incident rate driven by hardware class and capacity size, independent of utilisation"
OPS00003,southcentralus-dc01-cap01,southcentralus-dc01,southcentralus,F64,Intel-highmem,2025-09-11,Sev3,Storage latency,7,2,True,"SYNTHETIC - generated, not a business source: incident rate driven by hardware class and capacity size, independent of utilisation"
OPS00088,southcentralus-dc07-cap03,southcentralus-dc07,southcentralus,F4,Intel-highmem,2025-09-11,Sev2,Memory pressure,35,8,True,"SYNTHETIC - generated, not a business source: incident rate driven by hardware class and capacity size, independent of utilisation"
OPS00072,southcentralus-dc06-cap02,southcentralus-dc06,southcentralus,F16,Intel-highmem,2025-09-11,Sev4,Network partition,1,7,True,"SYNTHETIC - generated, not a business source: incident rate driven by hardware class and capacity size, independent of utilisation"
OPS00014,southcentralus-dc01-cap02,southcentralus-dc01,southcentralus,F16,Intel-highmem,2025-09-11,Sev3,Node unresponsive,38,2,True,"SYNTHETIC - generated, not a business source: incident rate driven by hardware class and capacity size, independent of utilisation"
OPS00658,eastus2-dc01-cap01,eastus2-dc01,eastus2,F256,AMD-highmem,2025-09-11,Sev2,Capacity throttling,52,7,True,"SYNTHETIC - generated, not a business source: incident rate driven by hardware class and capacity size, independent of utilisation"
OPS00666,eastus2-dc01-cap02,eastus2-dc01,eastus2,F128,AMD-highmem,2025-09-12,Sev2,Unplanned reboot,178,6,True,"SYNTHETIC - generated, not a business source: incident rate driven by hardware class and capacity size, independent of utilisation"
OPS00418,northcentralus-dc09-cap01,northcentralus-dc09,northcentralus,F256,GPU-class,2025-09-12,Sev3,Node unresponsive,29,5,True,"SYNTHETIC - generated, not a business source: incident rate driven by hardware class and capacity size, independent of utilisation"
OPS00797,uksouth-dc07-cap01,uksouth-dc07,uksouth,F256,AMD-standard,2025-09-12,Sev4,Network partition,2,7,True,"SYNTHETIC - generated, not a business source: incident rate driven by hardware class and capacity size, independent of utilisation"
OPS00032,southcentralus-dc02-cap01,southcentralus-dc02,southcentralus,F32,Intel-highmem,2025-09-12,Sev4,Network partition,8,1,True,"SYNTHETIC - generated, not a business source: incident rate driven by hardware class and capacity size, independent of utilisation"
OPS00963,northeurope-dc08-cap02,northeurope-dc08,northeurope,F8,AMD-highmem,2025-09-12,Sev3,Unplanned reboot,57,6,True,"SYNTHETIC - generated, not a business source: incident rate driven by hardware class and capacity size, independent of utilisation"
OPS00480,canadacentral-dc03-cap02,canadacentral-dc03,canadacentral,F64,AMD-highmem,2025-09-12,Sev3,Network partition,14,4,True,"SYNTHETIC - generated, not a business source: incident rate driven by hardware class and capacity size, independent of utilisation"
OPS00265,westeurope-dc06-cap01,westeurope-dc06,westeurope,F8,GPU-class,2025-09-12,Sev3,Network partition,40,6,True,"SYNTHETIC - generated, not a business source: incident rate driven by hardware class and capacity size, independent of utilisation"
OPS00858,uksouth-dc09-cap06,uksouth-dc09,uksouth,F2,AMD-highmem,2025-09-12,Sev3,Capacity throttling,44,2,True,"SYNTHETIC - generated, not a business source: incident rate driven by hardware class and capacity size, independent of utilisation"
OPS00808,uksouth-dc07-cap01,uksouth-dc07,uksouth,F256,AMD-standard,2025-09-13,Sev4,Storage latency,5,5,True,"SYNTHETIC - generated, not a business source: incident rate driven by hardware class and capacity size, independent of utilisation"
OPS00345,northcentralus-dc03-cap02,northcentralus-dc03,northcentralus,F8,AMD-highmem,2025-09-13,Sev3,Network partition,57,4,True,"SYNTHETIC - generated, not a business source: incident rate driven by hardware class and capacity size, independent of utilisation"
OPS00406,northcentralus-dc09-cap01,northcentralus-dc09,northcentralus,F256,GPU-class,2025-09-13,Sev3,Unplanned reboot,11,8,True,"SYNTHETIC - generated, not a business source: incident rate driven by hardware class and capacity size, independent of utilisation"
OPS00189,centralindia-dc07-cap01,centralindia-dc07,centralindia,F16,Intel-standard,2025-09-13,Sev1,Capacity throttling,194,6,True,"SYNTHETIC - generated, not a business source: incident rate driven by hardware class and capacity size, independent of utilisation"
OPS00019,southcentralus-dc01-cap03,southcentralus-dc01,southcentralus,F8,Intel-highmem,2025-09-13,Sev3,Memory pressure,11,4,True,"SYNTHETIC - generated, not a business source: incident rate driven by hardware class and capacity size, independent of utilisation"
OPS00184,centralindia-dc06-cap02,centralindia-dc06,centralindia,F16,Intel-highmem,2025-09-13,Sev2,Capacity throttling,41,8,True,"SYNTHETIC - generated, not a business source: incident rate driven by hardware class and capacity size, independent of utilisation"
OPS00912,eastus-dc05-cap01,eastus-dc05,eastus,F64,AMD-standard,2025-09-13,Sev4,Unplanned reboot,4,1,True,"SYNTHETIC - generated, not a business source: incident rate driven by hardware class and capacity size, independent of utilisation"
OPS00367,northcentralus-dc05-cap01,northcentralus-dc05,northcentralus,F128,GPU-class,2025-09-13,Sev2,Unplanned reboot,43,8,True,"SYNTHETIC - generated, not a business source: incident rate driven by hardware class and capacity size, independent of utilisation"
OPS00475,canadacentral-dc03-cap01,canadacentral-dc03,canadacentral,F128,AMD-highmem,2025-09-13,Sev3,Storage latency,29,1,True,"SYNTHETIC - generated, not a business source: incident rate driven by hardware class and capacity size, independent of utilisation"
OPS00679,eastus2-dc02-cap02,eastus2-dc02,eastus2,F16,AMD-highmem,2025-09-13,Sev4,Storage latency,10,1,True,"SYNTHETIC - generated, not a business source: incident rate driven by hardware class and capacity size, independent of utilisation"
OPS00305,westeurope-dc10-cap02,westeurope-dc10,westeurope,F64,GPU-class,2025-09-13,Sev3,Node unresponsive,38,2,True,"SYNTHETIC - generated, not a business source: incident rate driven by hardware class and capacity size, independent of utilisation"
OPS00590,canadaeast-dc03-cap01,canadaeast-dc03,canadaeast,F128,AMD-standard,2025-09-13,Sev4,Node unresponsive,3,1,True,"SYNTHETIC - generated, not a business source: incident rate driven by hardware class and capacity size, independent of utilisation"
OPS00586,canadaeast-dc03-cap01,canadaeast-dc03,canadaeast,F128,AMD-standard,2025-09-14,Sev2,Storage latency,178,8,True,"SYNTHETIC - generated, not a business source: incident rate driven by hardware class and capacity size, independent of utilisation"
OPS00162,centralindia-dc05-cap01,centralindia-dc05,centralindia,F16,Intel-highmem,2025-09-14,Sev3,Capacity throttling,15,2,True,"SYNTHETIC - generated, not a business source: incident rate driven by hardware class and capacity size, independent of utilisation"
OPS00695,eastus2-dc05-cap01,eastus2-dc05,eastus2,F128,AMD-highmem,2025-09-14,Sev4,Memory pressure,12,5,True,"SYNTHETIC - generated, not a business source: incident rate driven by hardware class and capacity size, independent of utilisation"
OPS00866,westus2-dc01-cap02,westus2-dc01,westus2,F8,AMD-standard,2025-09-14,Sev4,Memory pressure,12,6,True,"SYNTHETIC - generated, not a business source: incident rate driven by hardware class and capacity size, independent of utilisation"
OPS00030,southcentralus-dc02-cap01,southcentralus-dc02,southcentralus,F32,Intel-highmem,2025-09-14,Sev2,Capacity throttling,133,5,True,"SYNTHETIC - generated, not a business source: incident rate driven by hardware class and capacity size, independent of utilisation"
OPS00966,northeurope-dc08-cap04,northeurope-dc08,northeurope,F2,AMD-highmem,2025-09-15,Sev3,Storage latency,38,1,True,"SYNTHETIC - generated, not a business source: incident rate driven by hardware class and capacity size, independent of utilisation"
OPS00547,canadacentral-dc08-cap02,canadacentral-dc08,canadacentral,F16,AMD-highmem,2025-09-15,Sev2,Storage latency,111,3,True,"SYNTHETIC - generated, not a business source: incident rate driven by hardware class and capacity size, independent of utilisation"
OPS00857,uksouth-dc09-cap05,uksouth-dc09,uksouth,F4,AMD-highmem,2025-09-15,Sev4,Node unresponsive,6,6,True,"SYNTHETIC - generated, not a business source: incident rate driven by hardware class and capacity size, independent of utilisation"
OPS00836,uksouth-dc08-cap01,uksouth-dc08,uksouth,F128,AMD-highmem,2025-09-16,Sev3,Node unresponsive,11,2,True,"SYNTHETIC - generated, not a business source: incident rate driven by hardware class and capacity size, independent of utilisation"
OPS00193,centralindia-dc07-cap01,centralindia-dc07,centralindia,F16,Intel-standard,2025-09-16,Sev3,Network partition,21,8,True,"SYNTHETIC - generated, not a business source: incident rate driven by hardware class and capacity size, independent of utilisation"
OPS00005,southcentralus-dc01-cap01,southcentralus-dc01,southcentralus,F64,Intel-highmem,2025-09-16,Sev4,Storage latency,5,2,True,"SYNTHETIC - generated, not a business source: incident rate driven by hardware class and capacity size, independent of utilisation"
OPS00628,canadaeast-dc09-cap01,canadaeast-dc09,canadaeast,F128,AMD-highmem,2025-09-16,Sev3,Network partition,51,5,True,"SYNTHETIC - generated, not a business source: incident rate driven by hardware class and capacity size, independent of utilisation"
OPS00249,westeurope-dc01-cap04,westeurope-dc01,westeurope,F2,GPU-class,2025-09-16,Sev3,Node unresponsive,46,8,True,"SYNTHETIC - generated, not a business source: incident rate driven by hardware class and capacity size, independent of utilisation"
OPS00677,eastus2-dc02-cap02,eastus2-dc02,eastus2,F16,AMD-highmem,2025-09-16,Sev3,Storage latency,33,1,True,"SYNTHETIC - generated, not a business source: incident rate driven by hardware class and capacity size, independent of utilisation"
OPS00961,northeurope-dc07-cap03,northeurope-dc07,northeurope,F4,AMD-standard,2025-09-16,Sev2,Storage latency,175,5,True,"SYNTHETIC - generated, not a business source: incident rate driven by hardware class and capacity size, independent of utilisation"
OPS00538,canadacentral-dc07-cap03,canadacentral-dc07,canadacentral,F64,AMD-standard,2025-09-16,Sev1,Network partition,76,3,True,"SYNTHETIC - generated, not a business source: incident rate driven by hardware class and capacity size, independent of utilisation"
OPS00614,canadaeast-dc07-cap01,canadaeast-dc07,canadaeast,F32,AMD-standard,2025-09-16,Sev3,Memory pressure,9,5,True,"SYNTHETIC - generated, not a business source: incident rate driven by hardware class and capacity size, independent of utilisation"
OPS00638,canadaeast-dc09-cap05,canadaeast-dc09,canadaeast,F2,AMD-highmem,2025-09-17,Sev1,Node unresponsive,372,4,True,"SYNTHETIC - generated, not a business source: incident rate driven by hardware class and capacity size, independent of utilisation"
OPS00775,uksouth-dc05-cap05,uksouth-dc05,uksouth,F2,AMD-highmem,2025-09-17,Sev3,Memory pressure,41,5,True,"SYNTHETIC - generated, not a business source: incident rate driven by hardware class and capacity size, independent of utilisation"
OPS00326,northcentralus-dc01-cap03,northcentralus-dc01,northcentralus,F2,GPU-class,2025-09-17,Sev4,Memory pressure,9,1,True,"SYNTHETIC - generated, not a business source: incident rate driven by hardware class and capacity size, independent of utilisation"
OPS00869,westus2-dc01-cap03,westus2-dc01,westus2,F4,AMD-standard,2025-09-17,Sev3,Node unresponsive,10,1,True,"SYNTHETIC - generated, not a business source: incident rate driven by hardware class and capacity size, independent of utilisation"
OPS00950,northeurope-dc03-cap01,northeurope-dc03,northeurope,F8,AMD-standard,2025-09-17,Sev4,Capacity throttling,3,7,True,"SYNTHETIC - generated, not a business source: incident rate driven by hardware class and capacity size, independent of utilisation"
OPS00057,southcentralus-dc05-cap01,southcentralus-dc05,southcentralus,F64,Intel-standard,2025-09-17,Sev3,Unplanned reboot,12,8,True,"SYNTHETIC - generated, not a business source: incident rate driven by hardware class and capacity size, independent of utilisation"
OPS00443,northcentralus-dc10-cap01,northcentralus-dc10,northcentralus,F128,GPU-class,2025-09-17,Sev4,Node unresponsive,3,6,True,"SYNTHETIC - generated, not a business source: incident rate driven by hardware class and capacity size, independent of utilisation"
OPS00943,eastus-dc10-cap04,eastus-dc10,eastus,F4,AMD-highmem,2025-09-18,Sev3,Storage latency,5,3,True,"SYNTHETIC - generated, not a business source: incident rate driven by hardware class and capacity size, independent of utilisation"
OPS00565,canadacentral-dc10-cap03,canadacentral-dc10,canadacentral,F2,AMD-highmem,2025-09-18,Sev2,Network partition,142,8,True,"SYNTHETIC - generated, not a business source: incident rate driven by hardware class and capacity size, independent of utilisation"
OPS00720,eastus2-dc08-cap04,eastus2-dc08,eastus2,F4,AMD-highmem,2025-09-18,Sev3,Memory pressure,54,8,True,"SYNTHETIC - generated, not a business source: incident rate driven by hardware class and capacity size, independent of utilisation"
OPS00558,canadacentral-dc10-cap01,canadacentral-dc10,canadacentral,F128,AMD-highmem,2025-09-18,Sev4,Unplanned reboot,13,6,True,"SYNTHETIC - generated, not a business source: incident rate driven by hardware class and capacity size, independent of utilisation"
OPS00049,southcentralus-dc04-cap01,southcentralus-dc04,southcentralus,F32,Intel-standard,2025-09-18,Sev4,Storage latency,1,6,True,"SYNTHETIC - generated, not a business source: incident rate driven by hardware class and capacity size, independent of utilisation"
OPS00969,northeurope-dc09-cap02,northeurope-dc09,northeurope,F4,AMD-standard,2025-09-18,Sev3,Capacity throttling,53,2,True,"SYNTHETIC - generated, not a business source: incident rate driven by hardware class and capacity size, independent of utilisation"
OPS00534,canadacentral-dc07-cap02,canadacentral-dc07,canadacentral,F128,AMD-standard,2025-09-18,Sev2,Storage latency,118,8,True,"SYNTHETIC - generated, not a business source: incident rate driven by hardware class and capacity size, independent of utilisation"
OPS00608,canadaeast-dc06-cap03,canadaeast-dc06,canadaeast,F16,AMD-highmem,2025-09-18,Sev2,Capacity throttling,33,5,True,"SYNTHETIC - generated, not a business source: incident rate driven by hardware class and capacity size, independent of utilisation"
OPS00114,southcentralus-dc10-cap04,southcentralus-dc10,southcentralus,F2,Intel-highmem,2025-09-18,Sev2,Network partition,121,6,True,"SYNTHETIC - generated, not a business source: incident rate driven by hardware class and capacity size, independent of utilisation"
OPS00809,uksouth-dc07-cap01,uksouth-dc07,uksouth,F256,AMD-standard,2025-09-19,Sev1,Memory pressure,372,2,True,"SYNTHETIC - generated, not a business source: incident rate driven by hardware class and capacity size, independent of utilisation"
OPS00814,uksouth-dc07-cap01,uksouth-dc07,uksouth,F256,AMD-standard,2025-09-19,Sev4,Network partition,7,2,True,"SYNTHETIC - generated, not a business source: incident rate driven by hardware class and capacity size, independent of utilisation"
OPS00385,northcentralus-dc07-cap01,northcentralus-dc07,northcentralus,F32,GPU-class,2025-09-19,Sev3,Unplanned reboot,56,6,True,"SYNTHETIC - generated, not a business source: incident rate driven by hardware class and capacity size, independent of utilisation"
OPS00146,centralindia-dc04-cap02,centralindia-dc04,centralindia,F16,Intel-highmem,2025-09-19,Sev2,Memory pressure,140,5,True,"SYNTHETIC - generated, not a business source: incident rate driven by hardware class and capacity size, independent of utilisation"
OPS00372,northcentralus-dc05-cap01,northcentralus-dc05,northcentralus,F128,GPU-class,2025-09-19,Sev3,Memory pressure,57,7,True,"SYNTHETIC - generated, not a business source: incident rate driven by hardware class and capacity size, independent of utilisation"
OPS00639,canadaeast-dc10-cap01,canadaeast-dc10,canadaeast,F128,AMD-highmem,2025-09-19,Sev3,Network partition,6,3,True,"SYNTHETIC - generated, not a business source: incident rate driven by hardware class and capacity size, independent of utilisation"
OPS00452,canadacentral-dc01-cap01,canadacentral-dc01,canadacentral,F128,AMD-highmem,2025-09-19,Sev3,Memory pressure,30,5,True,"SYNTHETIC - generated, not a business source: incident rate driven by hardware class and capacity size, independent of utilisation"
OPS00075,southcentralus-dc06-cap02,southcentralus-dc06,southcentralus,F16,Intel-highmem,2025-09-19,Sev3,Capacity throttling,51,6,True,"SYNTHETIC - generated, not a business source: incident rate driven by hardware class and capacity size, independent of utilisation"
OPS00729,eastus2-dc10-cap02,eastus2-dc10,eastus2,F16,AMD-standard,2025-09-19,Sev3,Storage latency,57,6,True,"SYNTHETIC - generated, not a business source: incident rate driven by hardware class and capacity size, independent of utilisation"
OPS00441,northcentralus-dc10-cap01,northcentralus-dc10,northcentralus,F128,GPU-class,2025-09-20,Sev2,Memory pressure,24,1,True,"SYNTHETIC - generated, not a business source: incident rate driven by hardware class and capacity size, independent of utilisation"
OPS00002,southcentralus-dc01-cap01,southcentralus-dc01,southcentralus,F64,Intel-highmem,2025-09-20,Sev4,Node unresponsive,6,5,True,"SYNTHETIC - generated, not a business source: incident rate driven by hardware class and capacity size, independent of utilisation"
OPS00121,centralindia-dc01-cap01,centralindia-dc01,centralindia,F16,Intel-standard,2025-09-20,Sev3,Memory pressure,25,7,True,"SYNTHETIC - generated, not a business source: incident rate driven by hardware class and capacity size, independent of utilisation"
OPS00150,centralindia-dc04-cap03,centralindia-dc04,centralindia,F4,Intel-highmem,2025-09-20,Sev3,Network partition,44,7,True,"SYNTHETIC - generated, not a business source: incident rate driven by hardware class and capacity size, independent of utilisation"
OPS00374,northcentralus-dc05-cap02,northcentralus-dc05,northcentralus,F32,GPU-class,2025-09-20,Sev1,Capacity throttling,244,2,True,"SYNTHETIC - generated, not a business source: incident rate driven by hardware class and capacity size, independent of utilisation"
OPS00932,eastus-dc08-cap01,eastus-dc08,eastus,F64,AMD-standard,2025-09-20,Sev4,Storage latency,4,2,True,"SYNTHETIC - generated, not a business source: incident rate driven by hardware class and capacity size, independent of utilisation"
OPS00789,uksouth-dc06-cap03,uksouth-dc06,uksouth,F32,AMD-highmem,2025-09-20,Sev3,Memory pressure,15,7,True,"SYNTHETIC - generated, not a business source: incident rate driven by hardware class and capacity size, independent of utilisation"
OPS00582,canadaeast-dc03-cap01,canadaeast-dc03,canadaeast,F128,AMD-standard,2025-09-20,Sev2,Memory pressure,64,5,True,"SYNTHETIC - generated, not a business source: incident rate driven by hardware class and capacity size, independent of utilisation"
OPS00877,westus2-dc03-cap02,westus2-dc03,westus2,F8,AMD-standard,2025-09-20,Sev1,Memory pressure,384,7,True,"SYNTHETIC - generated, not a business source: incident rate driven by hardware class and capacity size, independent of utilisation"
OPS00069,southcentralus-dc06-cap01,southcentralus-dc06,southcentralus,F32,Intel-highmem,2025-09-20,Sev2,Node unresponsive,48,1,True,"SYNTHETIC - generated, not a business source: incident rate driven by hardware class and capacity size, independent of utilisation"
OPS00645,canadaeast-dc10-cap01,canadaeast-dc10,canadaeast,F128,AMD-highmem,2025-09-20,Sev4,Storage latency,6,4,True,"SYNTHETIC - generated, not a business source: incident rate driven by hardware class and capacity size, independent of utilisation"
OPS00261,westeurope-dc03-cap03,westeurope-dc03,westeurope,F2,GPU-class,2025-09-21,Sev3,Unplanned reboot,33,2,True,"SYNTHETIC - generated, not a business source: incident rate driven by hardware class and capacity size, independent of utilisation"
OPS00902,eastus-dc04-cap01,eastus-dc04,eastus,F8,AMD-highmem,2025-09-21,Sev3,Network partition,24,5,True,"SYNTHETIC - generated, not a business source: incident rate driven by hardware class and capacity size, independent of utilisation"
OPS00551,canadacentral-dc08-cap05,canadacentral-dc08,canadacentral,F2,AMD-highmem,2025-09-22,Sev4,Node unresponsive,7,7,True,"SYNTHETIC - generated, not a business source: incident rate driven by hardware class and capacity size, independent of utilisation"
OPS00520,canadacentral-dc07-cap01,canadacentral-dc07,canadacentral,F128,AMD-standard,2025-09-22,Sev4,Network partition,13,8,True,"SYNTHETIC - generated, not a business source: incident rate driven by hardware class and capacity size, independent of utilisation"
OPS00771,uksouth-dc05-cap03,uksouth-dc05,uksouth,F8,AMD-highmem,2025-09-22,Sev3,Memory pressure,18,7,True,"SYNTHETIC - generated, not a business source: incident rate driven by hardware class and capacity size, independent of utilisation"
OPS00867,westus2-dc01-cap02,westus2-dc01,westus2,F8,AMD-standard,2025-09-22,Sev1,Network partition,172,2,True,"SYNTHETIC - generated, not a business source: incident rate driven by hardware class and capacity size, independent of utilisation"
OPS00968,northeurope-dc09-cap01,northeurope-dc09,northeurope,F8,AMD-standard,2025-09-22,Sev1,Node unresponsive,207,1,True,"SYNTHETIC - generated, not a business source: incident rate driven by hardware class and capacity size, independent of utilisation"
OPS00315,westeurope-dc10-cap05,westeurope-dc10,westeurope,F2,GPU-class,2025-09-22,Sev2,Unplanned reboot,53,7,True,"SYNTHETIC - generated, not a business source: incident rate driven by hardware class and capacity size, independent of utilisation"
OPS00816,uksouth-dc07-cap01,uksouth-dc07,uksouth,F256,AMD-standard,2025-09-22,Sev1,Storage latency,313,6,True,"SYNTHETIC - generated, not a business source: incident rate driven by hardware class and capacity size, independent of utilisation"
OPS00684,eastus2-dc03-cap03,eastus2-dc03,eastus2,F8,AMD-highmem,2025-09-22,Sev2,Capacity throttling,157,8,True,"SYNTHETIC - generated, not a business source: incident rate driven by hardware class and capacity size, independent of utilisation"
OPS00548,canadacentral-dc08-cap04,canadacentral-dc08,canadacentral,F4,AMD-highmem,2025-09-22,Sev2,Storage latency,97,3,True,"SYNTHETIC - generated, not a business source: incident rate driven by hardware class and capacity size, independent of utilisation"
OPS00549,canadacentral-dc08-cap04,canadacentral-dc08,canadacentral,F4,AMD-highmem,2025-09-22,Sev3,Unplanned reboot,57,2,True,"SYNTHETIC - generated, not a business source: incident rate driven by hardware class and capacity size, independent of utilisation"
OPS00389,northcentralus-dc08-cap01,northcentralus-dc08,northcentralus,F128,AMD-highmem,2025-09-22,Sev4,Unplanned reboot,14,7,True,"SYNTHETIC - generated, not a business source: incident rate driven by hardware class and capacity size, independent of utilisation"
OPS00295,westeurope-dc10-cap01,westeurope-dc10,westeurope,F128,GPU-class,2025-09-22,Sev4,Unplanned reboot,9,6,True,"SYNTHETIC - generated, not a business source: incident rate driven by hardware class and capacity size, independent of utilisation"
OPS00126,centralindia-dc02-cap01,centralindia-dc02,centralindia,F8,Intel-highmem,2025-09-23,Sev4,Storage latency,11,6,True,"SYNTHETIC - generated, not a business source: incident rate driven by hardware class and capacity size, independent of utilisation"
OPS00120,southcentralus-dc10-cap04,southcentralus-dc10,southcentralus,F2,Intel-highmem,2025-09-23,Sev3,Memory pressure,57,8,True,"SYNTHETIC - generated, not a business source: incident rate driven by hardware class and capacity size, independent of utilisation"
OPS00718,eastus2-dc08-cap03,eastus2-dc08,eastus2,F8,AMD-highmem,2025-09-23,Sev3,Network partition,48,6,True,"SYNTHETIC - generated, not a business source: incident rate driven by hardware class and capacity size, independent of utilisation"
OPS00124,centralindia-dc01-cap03,centralindia-dc01,centralindia,F2,Intel-standard,2025-09-23,Sev3,Node unresponsive,56,1,True,"SYNTHETIC - generated, not a business source: incident rate driven by hardware class and capacity size, independent of utilisation"
OPS00805,uksouth-dc07-cap01,uksouth-dc07,uksouth,F256,AMD-standard,2025-09-23,Sev4,Memory pressure,10,8,True,"SYNTHETIC - generated, not a business source: incident rate driven by hardware class and capacity size, independent of utilisation"
OPS00623,canadaeast-dc08-cap04,canadaeast-dc08,canadaeast,F2,AMD-highmem,2025-09-24,Sev2,Memory pressure,178,6,True,"SYNTHETIC - generated, not a business source: incident rate driven by hardware class and capacity size, independent of utilisation"
OPS00519,canadacentral-dc07-cap01,canadacentral-dc07,canadacentral,F128,AMD-standard,2025-09-24,Sev2,Network partition,75,2,True,"SYNTHETIC - generated, not a business source: incident rate driven by hardware class and capacity size, independent of utilisation"
OPS00750,uksouth-dc02-cap03,uksouth-dc02,uksouth,F4,AMD-highmem,2025-09-24,Sev4,Node unresponsive,10,1,True,"SYNTHETIC - generated, not a business source: incident rate driven by hardware class and capacity size, independent of utilisation"
OPS00908,eastus-dc05-cap01,eastus-dc05,eastus,F64,AMD-standard,2025-09-24,Sev4,Node unresponsive,12,3,True,"SYNTHETIC - generated, not a business source: incident rate driven by hardware class and capacity size, independent of utilisation"
OPS00058,southcentralus-dc05-cap01,southcentralus-dc05,southcentralus,F64,Intel-standard,2025-09-25,Sev4,Memory pressure,8,6,True,"SYNTHETIC - generated, not a business source: incident rate driven by hardware class and capacity size, independent of utilisation"
OPS00433,northcentralus-dc10-cap01,northcentralus-dc10,northcentralus,F128,GPU-class,2025-09-25,Sev3,Unplanned reboot,37,7,True,"SYNTHETIC - generated, not a business source: incident rate driven by hardware class and capacity size, independent of utilisation"
OPS00426,northcentralus-dc09-cap02,northcentralus-dc09,northcentralus,F64,GPU-class,2025-09-25,Sev2,Unplanned reboot,41,2,True,"SYNTHETIC - generated, not a business source: incident rate driven by hardware class and capacity size, independent of utilisation"
OPS00485,canadacentral-dc04-cap01,canadacentral-dc04,canadacentral,F128,AMD-highmem,2025-09-25,Sev2,Node unresponsive,117,3,True,"SYNTHETIC - generated, not a business source: incident rate driven by hardware class and capacity size, independent of utilisation"
OPS00681,eastus2-dc02-cap02,eastus2-dc02,eastus2,F16,AMD-highmem,2025-09-25,Sev3,Memory pressure,46,1,True,"SYNTHETIC - generated, not a business source: incident rate driven by hardware class and capacity size, independent of utilisation"
OPS00967,northeurope-dc08-cap04,northeurope-dc08,northeurope,F2,AMD-highmem,2025-09-25,Sev2,Node unresponsive,100,4,True,"SYNTHETIC - generated, not a business source: incident rate driven by hardware class and capacity size, independent of utilisation"
OPS00007,southcentralus-dc01-cap01,southcentralus-dc01,southcentralus,F64,Intel-highmem,2025-09-25,Sev3,Capacity throttling,10,3,True,"SYNTHETIC - generated, not a business source: incident rate driven by hardware class and capacity size, independent of utilisation"
OPS00294,westeurope-dc10-cap01,westeurope-dc10,westeurope,F128,GPU-class,2025-09-25,Sev3,Node unresponsive,58,6,True,"SYNTHETIC - generated, not a business source: incident rate driven by hardware class and capacity size, independent of utilisation"
OPS00686,eastus2-dc03-cap05,eastus2-dc03,eastus2,F2,AMD-highmem,2025-09-25,Sev3,Unplanned reboot,11,1,True,"SYNTHETIC - generated, not a business source: incident rate driven by hardware class and capacity size, independent of utilisation"
OPS00583,canadaeast-dc03-cap01,canadaeast-dc03,canadaeast,F128,AMD-standard,2025-09-26,Sev3,Capacity throttling,53,2,True,"SYNTHETIC - generated, not a business source: incident rate driven by hardware class and capacity size, independent of utilisation"
OPS00154,centralindia-dc04-cap03,centralindia-dc04,centralindia,F4,Intel-highmem,2025-09-26,Sev4,Unplanned reboot,8,8,True,"SYNTHETIC - generated, not a business source: incident rate driven by hardware class and capacity size, independent of utilisation"
OPS00143,centralindia-dc04-cap01,centralindia-dc04,centralindia,F32,Intel-highmem,2025-09-27,Sev3,Unplanned reboot,15,3,True,"SYNTHETIC - generated, not a business source: incident rate driven by hardware class and capacity size, independent of utilisation"
OPS00325,northcentralus-dc01-cap03,northcentralus-dc01,northcentralus,F2,GPU-class,2025-09-27,Sev1,Memory pressure,333,2,True,"SYNTHETIC - generated, not a business source: incident rate driven by hardware class and capacity size, independent of utilisation"
OPS00286,westeurope-dc09-cap01,westeurope-dc09,westeurope,F32,AMD-highmem,2025-09-27,Sev2,Capacity throttling,51,6,True,"SYNTHETIC - generated, not a business source: incident rate driven by hardware class and capacity size, independent of utilisation"
OPS00557,canadacentral-dc10-cap01,canadacentral-dc10,canadacentral,F128,AMD-highmem,2025-09-27,Sev3,Network partition,5,6,True,"SYNTHETIC - generated, not a business source: incident rate driven by hardware class and capacity size, independent of utilisation"
OPS00795,uksouth-dc07-cap01,uksouth-dc07,uksouth,F256,AMD-standard,2025-09-27,Sev4,Unplanned reboot,12,7,True,"SYNTHETIC - generated, not a business source: incident rate driven by hardware class and capacity size, independent of utilisation"
OPS00182,centralindia-dc06-cap02,centralindia-dc06,centralindia,F16,Intel-highmem,2025-09-27,Sev4,Node unresponsive,9,1,True,"SYNTHETIC - generated, not a business source: incident rate driven by hardware class and capacity size, independent of utilisation"
OPS00333,northcentralus-dc02-cap02,northcentralus-dc02,northcentralus,F8,GPU-class,2025-09-28,Sev4,Unplanned reboot,11,3,True,"SYNTHETIC - generated, not a business source: incident rate driven by hardware class and capacity size, independent of utilisation"
OPS00749,uksouth-dc02-cap02,uksouth-dc02,uksouth,F16,AMD-highmem,2025-09-28,Sev4,Unplanned reboot,3,5,True,"SYNTHETIC - generated, not a business source: incident rate driven by hardware class and capacity size, independent of utilisation"
OPS00285,westeurope-dc09-cap01,westeurope-dc09,westeurope,F32,AMD-highmem,2025-09-28,Sev3,Storage latency,6,3,True,"SYNTHETIC - generated, not a business source: incident rate driven by hardware class and capacity size, independent of utilisation"
OPS00491,canadacentral-dc04-cap02,canadacentral-dc04,canadacentral,F32,AMD-highmem,2025-09-28,Sev2,Storage latency,34,3,True,"SYNTHETIC - generated, not a business source: incident rate driven by hardware class and capacity size, independent of utilisation"
OPS00277,westeurope-dc07-cap02,westeurope-dc07,westeurope,F2,GPU-class,2025-09-28,Sev4,Capacity throttling,13,1,True,"SYNTHETIC - generated, not a business source: incident rate driven by hardware class and capacity size, independent of utilisation"
OPS00033,southcentralus-dc02-cap01,southcentralus-dc02,southcentralus,F32,Intel-highmem,2025-09-28,Sev4,Network partition,10,3,True,"SYNTHETIC - generated, not a business source: incident rate driven by hardware class and capacity size, independent of utilisation"
OPS00243,westeurope-dc01-cap02,westeurope-dc01,westeurope,F8,GPU-class,2025-09-28,Sev1,Network partition,351,1,True,"SYNTHETIC - generated, not a business source: incident rate driven by hardware class and capacity size, independent of utilisation"
OPS00362,northcentralus-dc04-cap04,northcentralus-dc04,northcentralus,F2,GPU-class,2025-09-28,Sev4,Memory pressure,1,5,True,"SYNTHETIC - generated, not a business source: incident rate driven by hardware class and capacity size, independent of utilisation"
OPS00085,southcentralus-dc07-cap03,southcentralus-dc07,southcentralus,F4,Intel-highmem,2025-09-29,Sev3,Node unresponsive,47,2,True,"SYNTHETIC - generated, not a business source: incident rate driven by hardware class and capacity size, independent of utilisation"
OPS00687,eastus2-dc04-cap01,eastus2-dc04,eastus2,F128,AMD-highmem,2025-09-29,Sev4,Node unresponsive,9,4,True,"SYNTHETIC - generated, not a business source: incident rate driven by hardware class and capacity size, independent of utilisation"
OPS00621,canadaeast-dc08-cap02,canadaeast-dc08,canadaeast,F16,AMD-highmem,2025-09-29,Sev3,Node unresponsive,58,3,True,"SYNTHETIC - generated, not a business source: incident rate driven by hardware class and capacity size, independent of utilisation"
OPS00434,northcentralus-dc10-cap01,northcentralus-dc10,northcentralus,F128,GPU-class,2025-09-29,Sev3,Unplanned reboot,29,3,True,"SYNTHETIC - generated, not a business source: incident rate driven by hardware class and capacity size, independent of utilisation"
OPS00404,northcentralus-dc09-cap01,northcentralus-dc09,northcentralus,F256,GPU-class,2025-09-29,Sev2,Unplanned reboot,38,7,True,"SYNTHETIC - generated, not a business source: incident rate driven by hardware class and capacity size, independent of utilisation"
OPS00116,southcentralus-dc10-cap04,southcentralus-dc10,southcentralus,F2,Intel-highmem,2025-09-29,Sev3,Memory pressure,59,3,True,"SYNTHETIC - generated, not a business source: incident rate driven by hardware class and capacity size, independent of utilisation"
OPS00827,uksouth-dc07-cap02,uksouth-dc07,uksouth,F32,AMD-standard,2025-09-29,Sev3,Storage latency,49,6,True,"SYNTHETIC - generated, not a business source: incident rate driven by hardware class and capacity size, independent of utilisation"
OPS00935,eastus-dc08-cap01,eastus-dc08,eastus,F64,AMD-standard,2025-09-30,Sev4,Node unresponsive,3,7,True,"SYNTHETIC - generated, not a business source: incident rate driven by hardware class and capacity size, independent of utilisation"
OPS00560,canadacentral-dc10-cap01,canadacentral-dc10,canadacentral,F128,AMD-highmem,2025-09-30,Sev4,Node unresponsive,7,8,True,"SYNTHETIC - generated, not a business source: incident rate driven by hardware class and capacity size, independent of utilisation"
OPS00978,northeurope-dc10-cap03,northeurope-dc10,northeurope,F4,AMD-standard,2025-09-30,Sev1,Capacity throttling,294,3,True,"SYNTHETIC - generated, not a business source: incident rate driven by hardware class and capacity size, independent of utilisation"
OPS00169,centralindia-dc05-cap02,centralindia-dc05,centralindia,F8,Intel-highmem,2025-09-30,Sev4,Storage latency,2,1,True,"SYNTHETIC - generated, not a business source: incident rate driven by hardware class and capacity size, independent of utilisation"
OPS00502,canadacentral-dc06-cap01,canadacentral-dc06,canadacentral,F64,AMD-highmem,2025-09-30,Sev4,Storage latency,8,5,True,"SYNTHETIC - generated, not a business source: incident rate driven by hardware class and capacity size, independent of utilisation"
OPS00523,canadacentral-dc07-cap01,canadacentral-dc07,canadacentral,F128,AMD-standard,2025-10-01,Sev3,Unplanned reboot,57,7,True,"SYNTHETIC - generated, not a business source: incident rate driven by hardware class and capacity size, independent of utilisation"
OPS00492,canadacentral-dc04-cap02,canadacentral-dc04,canadacentral,F32,AMD-highmem,2025-10-01,Sev2,Capacity throttling,158,8,True,"SYNTHETIC - generated, not a business source: incident rate driven by hardware class and capacity size, independent of utilisation"
OPS00698,eastus2-dc05-cap02,eastus2-dc05,eastus2,F16,AMD-highmem,2025-10-01,Sev3,Network partition,16,5,True,"SYNTHETIC - generated, not a business source: incident rate driven by hardware class and capacity size, independent of utilisation"
OPS00309,westeurope-dc10-cap02,westeurope-dc10,westeurope,F64,GPU-class,2025-10-01,Sev3,Capacity throttling,41,7,True,"SYNTHETIC - generated, not a business source: incident rate driven by hardware class and capacity size, independent of utilisation"
OPS00806,uksouth-dc07-cap01,uksouth-dc07,uksouth,F256,AMD-standard,2025-10-01,Sev4,Unplanned reboot,7,7,True,"SYNTHETIC - generated, not a business source: incident rate driven by hardware class and capacity size, independent of utilisation"
OPS00408,northcentralus-dc09-cap01,northcentralus-dc09,northcentralus,F256,GPU-class,2025-10-01,Sev3,Node unresponsive,54,1,True,"SYNTHETIC - generated, not a business source: incident rate driven by hardware class and capacity size, independent of utilisation"
OPS00071,southcentralus-dc06-cap02,southcentralus-dc06,southcentralus,F16,Intel-highmem,2025-10-02,Sev4,Node unresponsive,3,2,True,"SYNTHETIC - generated, not a business source: incident rate driven by hardware class and capacity size, independent of utilisation"
OPS00175,centralindia-dc05-cap03,centralindia-dc05,centralindia,F4,Intel-highmem,2025-10-02,Sev2,Capacity throttling,38,8,True,"SYNTHETIC - generated, not a business source: incident rate driven by hardware class and capacity size, independent of utilisation"
OPS00110,southcentralus-dc10-cap02,southcentralus-dc10,southcentralus,F8,Intel-highmem,2025-10-02,Sev1,Node unresponsive,222,6,True,"SYNTHETIC - generated, not a business source: incident rate driven by hardware class and capacity size, independent of utilisation"
OPS00850,uksouth-dc09-cap01,uksouth-dc09,uksouth,F128,AMD-highmem,2025-10-02,Sev3,Unplanned reboot,51,4,True,"SYNTHETIC - generated, not a business source: incident rate driven by hardware class and capacity size, independent of utilisation"
OPS00615,canadaeast-dc07-cap01,canadaeast-dc07,canadaeast,F32,AMD-standard,2025-10-02,Sev3,Unplanned reboot,46,1,True,"SYNTHETIC - generated, not a business source: incident rate driven by hardware class and capacity size, independent of utilisation"
OPS00953,northeurope-dc05-cap01,northeurope-dc05,northeurope,F16,AMD-standard,2025-10-02,Sev3,Capacity throttling,57,3,True,"SYNTHETIC - generated, not a business source: incident rate driven by hardware class and capacity size, independent of utilisation"
OPS00429,northcentralus-dc09-cap03,northcentralus-dc09,northcentralus,F2,GPU-class,2025-10-02,Sev2,Storage latency,28,2,True,"SYNTHETIC - generated, not a business source: incident rate driven by hardware class and capacity size, independent of utilisation"
OPS00747,uksouth-dc02-cap01,uksouth-dc02,uksouth,F128,AMD-highmem,2025-10-02,Sev3,Capacity throttling,34,2,True,"SYNTHETIC - generated, not a business source: incident rate driven by hardware class and capacity size, independent of utilisation"
OPS00308,westeurope-dc10-cap02,westeurope-dc10,westeurope,F64,GPU-class,2025-10-03,Sev3,Storage latency,30,1,True,"SYNTHETIC - generated, not a business source: incident rate driven by hardware class and capacity size, independent of utilisation"
OPS00245,westeurope-dc01-cap02,westeurope-dc01,westeurope,F8,GPU-class,2025-10-04,Sev4,Unplanned reboot,13,2,True,"SYNTHETIC - generated, not a business source: incident rate driven by hardware class and capacity size, independent of utilisation"
OPS00875,westus2-dc03-cap01,westus2-dc03,westus2,F32,AMD-standard,2025-10-04,Sev4,Storage latency,8,8,True,"SYNTHETIC - generated, not a business source: incident rate driven by hardware class and capacity size, independent of utilisation"
OPS00206,centralindia-dc09-cap01,centralindia-dc09,centralindia,F8,Intel-highmem,2025-10-04,Sev3,Capacity throttling,38,2,True,"SYNTHETIC - generated, not a business source: incident rate driven by hardware class and capacity size, independent of utilisation"
OPS00920,eastus-dc06-cap01,eastus-dc06,eastus,F32,AMD-standard,2025-10-04,Sev4,Storage latency,9,2,True,"SYNTHETIC - generated, not a business source: incident rate driven by hardware class and capacity size, independent of utilisation"
OPS00552,canadacentral-dc08-cap05,canadacentral-dc08,canadacentral,F2,AMD-highmem,2025-10-05,Sev2,Unplanned reboot,69,3,True,"SYNTHETIC - generated, not a business source: incident rate driven by hardware class and capacity size, independent of utilisation"
OPS00303,westeurope-dc10-cap02,westeurope-dc10,westeurope,F64,GPU-class,2025-10-05,Sev3,Memory pressure,26,4,True,"SYNTHETIC - generated, not a business source: incident rate driven by hardware class and capacity size, independent of utilisation"
OPS00396,northcentralus-dc08-cap02,northcentralus-dc08,northcentralus,F4,AMD-highmem,2025-10-05,Sev4,Network partition,3,2,True,"SYNTHETIC - generated, not a business source: incident rate driven by hardware class and capacity size, independent of utilisation"
OPS00895,westus2-dc10-cap01,westus2-dc10,westus2,F16,AMD-highmem,2025-10-07,Sev3,Node unresponsive,46,5,True,"SYNTHETIC - generated, not a business source: incident rate driven by hardware class and capacity size, independent of utilisation"
OPS00242,westeurope-dc01-cap01,westeurope-dc01,westeurope,F16,GPU-class,2025-10-07,Sev3,Storage latency,44,6,True,"SYNTHETIC - generated, not a business source: incident rate driven by hardware class and capacity size, independent of utilisation"
OPS00856,uksouth-dc09-cap05,uksouth-dc09,uksouth,F4,AMD-highmem,2025-10-07,Sev2,Capacity throttling,115,4,True,"SYNTHETIC - generated, not a business source: incident rate driven by hardware class and capacity size, independent of utilisation"
OPS00407,northcentralus-dc09-cap01,northcentralus-dc09,northcentralus,F256,GPU-class,2025-10-08,Sev3,Node unresponsive,33,2,True,"SYNTHETIC - generated, not a business source: incident rate driven by hardware class and capacity size, independent of utilisation"
OPS00023,southcentralus-dc01-cap04,southcentralus-dc01,southcentralus,F4,Intel-highmem,2025-10-08,Sev3,Network partition,7,3,True,"SYNTHETIC - generated, not a business source: incident rate driven by hardware class and capacity size, independent of utilisation"
OPS00185,centralindia-dc06-cap03,centralindia-dc06,centralindia,F2,Intel-highmem,2025-10-08,Sev3,Memory pressure,42,1,True,"SYNTHETIC - generated, not a business source: incident rate driven by hardware class and capacity size, independent of utilisation"
OPS00266,westeurope-dc06-cap01,westeurope-dc06,westeurope,F8,GPU-class,2025-10-08,Sev1,Node unresponsive,139,4,True,"SYNTHETIC - generated, not a business source: incident rate driven by hardware class and capacity size, independent of utilisation"
OPS00329,northcentralus-dc02-cap01,northcentralus-dc02,northcentralus,F64,GPU-class,2025-10-08,Sev4,Memory pressure,11,2,True,"SYNTHETIC - generated, not a business source: incident rate driven by hardware class and capacity size, independent of utilisation"
OPS00602,canadaeast-dc06-cap01,canadaeast-dc06,canadaeast,F128,AMD-highmem,2025-10-08,Sev4,Node unresponsive,4,6,True,"SYNTHETIC - generated, not a business source: incident rate driven by hardware class and capacity size, independent of utilisation"
OPS00624,canadaeast-dc08-cap04,canadaeast-dc08,canadaeast,F2,AMD-highmem,2025-10-08,Sev3,Unplanned reboot,49,1,True,"SYNTHETIC - generated, not a business source: incident rate driven by hardware class and capacity size, independent of utilisation"
OPS00807,uksouth-dc07-cap01,uksouth-dc07,uksouth,F256,AMD-standard,2025-10-08,Sev2,Capacity throttling,55,1,True,"SYNTHETIC - generated, not a business source: incident rate driven by hardware class and capacity size, independent of utilisation"
OPS00752,uksouth-dc02-cap03,uksouth-dc02,uksouth,F4,AMD-highmem,2025-10-09,Sev2,Capacity throttling,60,6,True,"SYNTHETIC - generated, not a business source: incident rate driven by hardware class and capacity size, independent of utilisation"
OPS00358,northcentralus-dc04-cap03,northcentralus-dc04,northcentralus,F4,GPU-class,2025-10-09,Sev4,Node unresponsive,2,4,True,"SYNTHETIC - generated, not a business source: incident rate driven by hardware class and capacity size, independent of utilisation"
OPS00439,northcentralus-dc10-cap01,northcentralus-dc10,northcentralus,F128,GPU-class,2025-10-09,Sev3,Unplanned reboot,20,4,True,"SYNTHETIC - generated, not a business source: incident rate driven by hardware class and capacity size, independent of utilisation"
OPS00825,uksouth-dc07-cap02,uksouth-dc07,uksouth,F32,AMD-standard,2025-10-09,Sev3,Network partition,46,3,True,"SYNTHETIC - generated, not a business source: incident rate driven by hardware class and capacity size, independent of utilisation"
OPS00550,canadacentral-dc08-cap04,canadacentral-dc08,canadacentral,F4,AMD-highmem,2025-10-09,Sev1,Network partition,282,6,True,"SYNTHETIC - generated, not a business source: incident rate driven by hardware class and capacity size, independent of utilisation"
OPS00851,uksouth-dc09-cap01,uksouth-dc09,uksouth,F128,AMD-highmem,2025-10-09,Sev3,Unplanned reboot,58,6,True,"SYNTHETIC - generated, not a business source: incident rate driven by hardware class and capacity size, independent of utilisation"
OPS00838,uksouth-dc08-cap01,uksouth-dc08,uksouth,F128,AMD-highmem,2025-10-09,Sev4,Memory pressure,14,4,True,"SYNTHETIC - generated, not a business source: incident rate driven by hardware class and capacity size, independent of utilisation"
OPS00918,eastus-dc06-cap01,eastus-dc06,eastus,F32,AMD-standard,2025-10-09,Sev4,Memory pressure,13,5,True,"SYNTHETIC - generated, not a business source: incident rate driven by hardware class and capacity size, independent of utilisation"
OPS00251,westeurope-dc01-cap04,westeurope-dc01,westeurope,F2,GPU-class,2025-10-09,Sev3,Network partition,23,4,True,"SYNTHETIC - generated, not a business source: incident rate driven by hardware class and capacity size, independent of utilisation"
OPS00123,centralindia-dc01-cap01,centralindia-dc01,centralindia,F16,Intel-standard,2025-10-09,Sev4,Node unresponsive,1,2,True,"SYNTHETIC - generated, not a business source: incident rate driven by hardware class and capacity size, independent of utilisation"
OPS00897,eastus-dc01-cap01,eastus-dc01,eastus,F32,AMD-highmem,2025-10-09,Sev3,Storage latency,37,6,True,"SYNTHETIC - generated, not a business source: incident rate driven by hardware class and capacity size, independent of utilisation"
OPS00134,centralindia-dc03-cap01,centralindia-dc03,centralindia,F2,Intel-standard,2025-10-09,Sev2,Network partition,157,5,True,"SYNTHETIC - generated, not a business source: incident rate driven by hardware class and capacity size, independent of utilisation"
OPS00066,southcentralus-dc06-cap01,southcentralus-dc06,southcentralus,F32,Intel-highmem,2025-10-10,Sev1,Network partition,258,7,True,"SYNTHETIC - generated, not a business source: incident rate driven by hardware class and capacity size, independent of utilisation"
OPS00714,eastus2-dc08-cap02,eastus2-dc08,eastus2,F128,AMD-highmem,2025-10-10,Sev4,Capacity throttling,3,3,True,"SYNTHETIC - generated, not a business source: incident rate driven by hardware class and capacity size, independent of utilisation"
OPS00060,southcentralus-dc05-cap01,southcentralus-dc05,southcentralus,F64,Intel-standard,2025-10-10,Sev4,Capacity throttling,1,8,True,"SYNTHETIC - generated, not a business source: incident rate driven by hardware class and capacity size, independent of utilisation"
OPS00648,canadaeast-dc10-cap02,canadaeast-dc10,canadaeast,F64,AMD-highmem,2025-10-10,Sev3,Capacity throttling,54,4,True,"SYNTHETIC - generated, not a business source: incident rate driven by hardware class and capacity size, independent of utilisation"
OPS00173,centralindia-dc05-cap03,centralindia-dc05,centralindia,F4,Intel-highmem,2025-10-10,Sev4,Storage latency,14,1,True,"SYNTHETIC - generated, not a business source: incident rate driven by hardware class and capacity size, independent of utilisation"
OPS00766,uksouth-dc03-cap05,uksouth-dc03,uksouth,F4,AMD-highmem,2025-10-11,Sev3,Unplanned reboot,32,3,True,"SYNTHETIC - generated, not a business source: incident rate driven by hardware class and capacity size, independent of utilisation"
OPS00174,centralindia-dc05-cap03,centralindia-dc05,centralindia,F4,Intel-highmem,2025-10-12,Sev4,Capacity throttling,2,5,True,"SYNTHETIC - generated, not a business source: incident rate driven by hardware class and capacity size, independent of utilisation"
OPS00353,northcentralus-dc04-cap02,northcentralus-dc04,northcentralus,F32,GPU-class,2025-10-12,Sev2,Unplanned reboot,68,5,True,"SYNTHETIC - generated, not a business source: incident rate driven by hardware class and capacity size, independent of utilisation"
OPS00707,eastus2-dc08-cap01,eastus2-dc08,eastus2,F128,AMD-highmem,2025-10-12,Sev3,Network partition,38,1,True,"SYNTHETIC - generated, not a business source: incident rate driven by hardware class and capacity size, independent of utilisation"
OPS00247,westeurope-dc01-cap03,westeurope-dc01,westeurope,F4,GPU-class,2025-10-12,Sev4,Node unresponsive,4,2,True,"SYNTHETIC - generated, not a business source: incident rate driven by hardware class and capacity size, independent of utilisation"
OPS00716,eastus2-dc08-cap02,eastus2-dc08,eastus2,F128,AMD-highmem,2025-10-12,Sev4,Storage latency,2,3,True,"SYNTHETIC - generated, not a business source: incident rate driven by hardware class and capacity size, independent of utilisation"
OPS00208,centralindia-dc09-cap01,centralindia-dc09,centralindia,F8,Intel-highmem,2025-10-13,Sev3,Storage latency,22,3,True,"SYNTHETIC - generated, not a business source: incident rate driven by hardware class and capacity size, independent of utilisation"
OPS00613,canadaeast-dc07-cap01,canadaeast-dc07,canadaeast,F32,AMD-standard,2025-10-13,Sev4,Network partition,2,6,True,"SYNTHETIC - generated, not a business source: incident rate driven by hardware class and capacity size, independent of utilisation"
OPS00722,eastus2-dc09-cap02,eastus2-dc09,eastus2,F8,AMD-highmem,2025-10-13,Sev3,Unplanned reboot,9,1,True,"SYNTHETIC - generated, not a business source: incident rate driven by hardware class and capacity size, independent of utilisation"
OPS00821,uksouth-dc07-cap01,uksouth-dc07,uksouth,F256,AMD-standard,2025-10-13,Sev3,Storage latency,6,3,True,"SYNTHETIC - generated, not a business source: incident rate driven by hardware class and capacity size, independent of utilisation"
OPS00140,centralindia-dc04-cap01,centralindia-dc04,centralindia,F32,Intel-highmem,2025-10-13,Sev2,Node unresponsive,103,2,True,"SYNTHETIC - generated, not a business source: incident rate driven by hardware class and capacity size, independent of utilisation"
OPS00190,centralindia-dc07-cap01,centralindia-dc07,centralindia,F16,Intel-standard,2025-10-13,Sev3,Node unresponsive,7,6,True,"SYNTHETIC - generated, not a business source: incident rate driven by hardware class and capacity size, independent of utilisation"
OPS00965,northeurope-dc08-cap03,northeurope-dc08,northeurope,F4,AMD-highmem,2025-10-14,Sev2,Capacity throttling,131,4,True,"SYNTHETIC - generated, not a business source: incident rate driven by hardware class and capacity size, independent of utilisation"
OPS00156,centralindia-dc04-cap03,centralindia-dc04,centralindia,F4,Intel-highmem,2025-10-14,Sev4,Node unresponsive,8,6,True,"SYNTHETIC - generated, not a business source: incident rate driven by hardware class and capacity size, independent of utilisation"
OPS00970,northeurope-dc09-cap02,northeurope-dc09,northeurope,F4,AMD-standard,2025-10-14,Sev4,Network partition,10,1,True,"SYNTHETIC - generated, not a business source: incident rate driven by hardware class and capacity size, independent of utilisation"
OPS00489,canadacentral-dc04-cap01,canadacentral-dc04,canadacentral,F128,AMD-highmem,2025-10-15,Sev4,Network partition,10,5,True,"SYNTHETIC - generated, not a business source: incident rate driven by hardware class and capacity size, independent of utilisation"
OPS00770,uksouth-dc05-cap02,uksouth-dc05,uksouth,F16,AMD-highmem,2025-10-15,Sev3,Unplanned reboot,36,6,True,"SYNTHETIC - generated, not a business source: incident rate driven by hardware class and capacity size, independent of utilisation"
OPS00914,eastus-dc05-cap02,eastus-dc05,eastus,F2,AMD-standard,2025-10-15,Sev4,Unplanned reboot,1,2,True,"SYNTHETIC - generated, not a business source: incident rate driven by hardware class and capacity size, independent of utilisation"
OPS00228,centralindia-dc10-cap01,centralindia-dc10,centralindia,F64,Intel-highmem,2025-10-15,Sev2,Storage latency,75,2,True,"SYNTHETIC - generated, not a business source: incident rate driven by hardware class and capacity size, independent of utilisation"
OPS00287,westeurope-dc09-cap01,westeurope-dc09,westeurope,F32,AMD-highmem,2025-10-15,Sev3,Unplanned reboot,42,1,True,"SYNTHETIC - generated, not a business source: incident rate driven by hardware class and capacity size, independent of utilisation"
OPS00739,uksouth-dc01-cap01,uksouth-dc01,uksouth,F128,AMD-standard,2025-10-15,Sev4,Storage latency,4,4,True,"SYNTHETIC - generated, not a business source: incident rate driven by hardware class and capacity size, independent of utilisation"
OPS00096,southcentralus-dc08-cap03,southcentralus-dc08,southcentralus,F2,Intel-standard,2025-10-15,Sev4,Capacity throttling,13,3,True,"SYNTHETIC - generated, not a business source: incident rate driven by hardware class and capacity size, independent of utilisation"
OPS00697,eastus2-dc05-cap02,eastus2-dc05,eastus2,F16,AMD-highmem,2025-10-16,Sev3,Network partition,19,7,True,"SYNTHETIC - generated, not a business source: incident rate driven by hardware class and capacity size, independent of utilisation"
OPS00761,uksouth-dc03-cap04,uksouth-dc03,uksouth,F8,AMD-highmem,2025-10-16,Sev3,Capacity throttling,20,6,True,"SYNTHETIC - generated, not a business source: incident rate driven by hardware class and capacity size, independent of utilisation"
OPS00401,northcentralus-dc09-cap01,northcentralus-dc09,northcentralus,F256,GPU-class,2025-10-16,Sev3,Unplanned reboot,49,7,True,"SYNTHETIC - generated, not a business source: incident rate driven by hardware class and capacity size, independent of utilisation"
OPS00233,centralindia-dc10-cap02,centralindia-dc10,centralindia,F4,Intel-highmem,2025-10-16,Sev1,Unplanned reboot,120,8,True,"SYNTHETIC - generated, not a business source: incident rate driven by hardware class and capacity size, independent of utilisation"
OPS00576,canadaeast-dc03-cap01,canadaeast-dc03,canadaeast,F128,AMD-standard,2025-10-16,Sev4,Unplanned reboot,11,3,True,"SYNTHETIC - generated, not a business source: incident rate driven by hardware class and capacity size, independent of utilisation"
OPS00936,eastus-dc08-cap02,eastus-dc08,eastus,F4,AMD-standard,2025-10-16,Sev2,Memory pressure,117,3,True,"SYNTHETIC - generated, not a business source: incident rate driven by hardware class and capacity size, independent of utilisation"
OPS00016,southcentralus-dc01-cap03,southcentralus-dc01,southcentralus,F8,Intel-highmem,2025-10-16,Sev3,Unplanned reboot,12,3,True,"SYNTHETIC - generated, not a business source: incident rate driven by hardware class and capacity size, independent of utilisation"
OPS00735,uksouth-dc01-cap01,uksouth-dc01,uksouth,F128,AMD-standard,2025-10-16,Sev3,Unplanned reboot,32,2,True,"SYNTHETIC - generated, not a business source: incident rate driven by hardware class and capacity size, independent of utilisation"
OPS00382,northcentralus-dc06-cap01,northcentralus-dc06,northcentralus,F128,GPU-class,2025-10-17,Sev2,Capacity throttling,137,1,True,"SYNTHETIC - generated, not a business source: incident rate driven by hardware class and capacity size, independent of utilisation"
OPS00479,canadacentral-dc03-cap01,canadacentral-dc03,canadacentral,F128,AMD-highmem,2025-10-17,Sev2,Network partition,69,2,True,"SYNTHETIC - generated, not a business source: incident rate driven by hardware class and capacity size, independent of utilisation"
OPS00103,southcentralus-dc09-cap03,southcentralus-dc09,southcentralus,F2,Intel-standard,2025-10-17,Sev4,Capacity throttling,9,7,True,"SYNTHETIC - generated, not a business source: incident rate driven by hardware class and capacity size, independent of utilisation"
OPS00571,canadaeast-dc01-cap03,canadaeast-dc01,canadaeast,F4,AMD-highmem,2025-10-17,Sev4,Node unresponsive,4,1,True,"SYNTHETIC - generated, not a business source: incident rate driven by hardware class and capacity size, independent of utilisation"
OPS00390,northcentralus-dc08-cap01,northcentralus-dc08,northcentralus,F128,AMD-highmem,2025-10-18,Sev3,Storage latency,18,4,True,"SYNTHETIC - generated, not a business source: incident rate driven by hardware class and capacity size, independent of utilisation"
OPS00706,eastus2-dc08-cap01,eastus2-dc08,eastus2,F128,AMD-highmem,2025-10-18,Sev4,Capacity throttling,10,4,True,"SYNTHETIC - generated, not a business source: incident rate driven by hardware class and capacity size, independent of utilisation"
OPS00653,canadaeast-dc10-cap05,canadaeast-dc10,canadaeast,F8,AMD-highmem,2025-10-18,Sev3,Node unresponsive,7,8,True,"SYNTHETIC - generated, not a business source: incident rate driven by hardware class and capacity size, independent of utilisation"
OPS00356,northcentralus-dc04-cap02,northcentralus-dc04,northcentralus,F32,GPU-class,2025-10-18,Sev4,Memory pressure,14,6,True,"SYNTHETIC - generated, not a business source: incident rate driven by hardware class and capacity size, independent of utilisation"
OPS00471,canadacentral-dc02-cap04,canadacentral-dc02,canadacentral,F8,AMD-standard,2025-10-18,Sev4,Node unresponsive,8,3,True,"SYNTHETIC - generated, not a business source: incident rate driven by hardware class and capacity size, independent of utilisation"
OPS00263,westeurope-dc05-cap01,westeurope-dc05,westeurope,F32,GPU-class,2025-10-18,Sev4,Memory pressure,1,5,True,"SYNTHETIC - generated, not a business source: incident rate driven by hardware class and capacity size, independent of utilisation"
OPS00760,uksouth-dc03-cap03,uksouth-dc03,uksouth,F16,AMD-highmem,2025-10-18,Sev3,Unplanned reboot,46,2,True,"SYNTHETIC - generated, not a business source: incident rate driven by hardware class and capacity size, independent of utilisation"
OPS00343,northcentralus-dc03-cap02,northcentralus-dc03,northcentralus,F8,AMD-highmem,2025-10-18,Sev3,Memory pressure,17,2,True,"SYNTHETIC - generated, not a business source: incident rate driven by hardware class and capacity size, independent of utilisation"
OPS00566,canadacentral-dc10-cap03,canadacentral-dc10,canadacentral,F2,AMD-highmem,2025-10-18,Sev4,Memory pressure,1,3,True,"SYNTHETIC - generated, not a business source: incident rate driven by hardware class and capacity size, independent of utilisation"
OPS00909,eastus-dc05-cap01,eastus-dc05,eastus,F64,AMD-standard,2025-10-19,Sev4,Storage latency,9,6,True,"SYNTHETIC - generated, not a business source: incident rate driven by hardware class and capacity size, independent of utilisation"
OPS00700,eastus2-dc06-cap03,eastus2-dc06,eastus2,F2,AMD-highmem,2025-10-19,Sev1,Node unresponsive,182,1,True,"SYNTHETIC - generated, not a business source: incident rate driven by hardware class and capacity size, independent of utilisation"
OPS00724,eastus2-dc10-cap01,eastus2-dc10,eastus2,F32,AMD-standard,2025-10-19,Sev1,Unplanned reboot,392,1,True,"SYNTHETIC - generated, not a business source: incident rate driven by hardware class and capacity size, independent of utilisation"
OPS00764,uksouth-dc03-cap04,uksouth-dc03,uksouth,F8,AMD-highmem,2025-10-19,Sev3,Capacity throttling,50,8,True,"SYNTHETIC - generated, not a business source: incident rate driven by hardware class and capacity size, independent of utilisation"
OPS00925,eastus-dc06-cap02,eastus-dc06,eastus,F16,AMD-standard,2025-10-19,Sev3,Network partition,42,7,True,"SYNTHETIC - generated, not a business source: incident rate driven by hardware class and capacity size, independent of utilisation"
OPS00926,eastus-dc06-cap02,eastus-dc06,eastus,F16,AMD-standard,2025-10-19,Sev4,Unplanned reboot,5,5,True,"SYNTHETIC - generated, not a business source: incident rate driven by hardware class and capacity size, independent of utilisation"
OPS00090,southcentralus-dc07-cap03,southcentralus-dc07,southcentralus,F4,Intel-highmem,2025-10-20,Sev2,Capacity throttling,165,5,True,"SYNTHETIC - generated, not a business source: incident rate driven by hardware class and capacity size, independent of utilisation"
OPS00221,centralindia-dc10-cap01,centralindia-dc10,centralindia,F64,Intel-highmem,2025-10-20,Sev3,Network partition,40,2,True,"SYNTHETIC - generated, not a business source: incident rate driven by hardware class and capacity size, independent of utilisation"
OPS00149,centralindia-dc04-cap02,centralindia-dc04,centralindia,F16,Intel-highmem,2025-10-20,Sev4,Network partition,14,8,True,"SYNTHETIC - generated, not a business source: incident rate driven by hardware class and capacity size, independent of utilisation"
OPS00894,westus2-dc09-cap02,westus2-dc09,westus2,F4,AMD-standard,2025-10-20,Sev4,Capacity throttling,11,1,True,"SYNTHETIC - generated, not a business source: incident rate driven by hardware class and capacity size, independent of utilisation"
OPS00915,eastus-dc05-cap02,eastus-dc05,eastus,F2,AMD-standard,2025-10-20,Sev3,Capacity throttling,42,8,True,"SYNTHETIC - generated, not a business source: incident rate driven by hardware class and capacity size, independent of utilisation"
OPS00380,northcentralus-dc06-cap01,northcentralus-dc06,northcentralus,F128,GPU-class,2025-10-20,Sev3,Storage latency,5,6,True,"SYNTHETIC - generated, not a business source: incident rate driven by hardware class and capacity size, independent of utilisation"
OPS00070,southcentralus-dc06-cap02,southcentralus-dc06,southcentralus,F16,Intel-highmem,2025-10-21,Sev1,Memory pressure,237,8,True,"SYNTHETIC - generated, not a business source: incident rate driven by hardware class and capacity size, independent of utilisation"
OPS00006,southcentralus-dc01-cap01,southcentralus-dc01,southcentralus,F64,Intel-highmem,2025-10-21,Sev4,Memory pressure,3,2,True,"SYNTHETIC - generated, not a business source: incident rate driven by hardware class and capacity size, independent of utilisation"
OPS00415,northcentralus-dc09-cap01,northcentralus-dc09,northcentralus,F256,GPU-class,2025-10-21,Sev3,Storage latency,45,6,True,"SYNTHETIC - generated, not a business source: incident rate driven by hardware class and capacity size, independent of utilisation"
OPS00730,eastus2-dc10-cap03,eastus2-dc10,eastus2,F8,AMD-standard,2025-10-21,Sev2,Capacity throttling,117,8,True,"SYNTHETIC - generated, not a business source: incident rate driven by hardware class and capacity size, independent of utilisation"
OPS00517,canadacentral-dc07-cap01,canadacentral-dc07,canadacentral,F128,AMD-standard,2025-10-21,Sev3,Memory pressure,15,3,True,"SYNTHETIC - generated, not a business source: incident rate driven by hardware class and capacity size, independent of utilisation"
OPS00577,canadaeast-dc03-cap01,canadaeast-dc03,canadaeast,F128,AMD-standard,2025-10-21,Sev3,Node unresponsive,50,6,True,"SYNTHETIC - generated, not a business source: incident rate driven by hardware class and capacity size, independent of utilisation"
OPS00618,canadaeast-dc08-cap01,canadaeast-dc08,canadaeast,F128,AMD-highmem,2025-10-21,Sev4,Network partition,11,5,True,"SYNTHETIC - generated, not a business source: incident rate driven by hardware class and capacity size, independent of utilisation"
OPS00068,southcentralus-dc06-cap01,southcentralus-dc06,southcentralus,F32,Intel-highmem,2025-10-22,Sev4,Network partition,5,7,True,"SYNTHETIC - generated, not a business source: incident rate driven by hardware class and capacity size, independent of utilisation"
OPS00500,canadacentral-dc06-cap01,canadacentral-dc06,canadacentral,F64,AMD-highmem,2025-10-22,Sev2,Network partition,109,2,True,"SYNTHETIC - generated, not a business source: incident rate driven by hardware class and capacity size, independent of utilisation"
OPS00414,northcentralus-dc09-cap01,northcentralus-dc09,northcentralus,F256,GPU-class,2025-10-22,Sev3,Unplanned reboot,36,2,True,"SYNTHETIC - generated, not a business source: incident rate driven by hardware class and capacity size, independent of utilisation"
OPS00954,northeurope-dc06-cap02,northeurope-dc06,northeurope,F2,AMD-standard,2025-10-22,Sev1,Unplanned reboot,359,7,True,"SYNTHETIC - generated, not a business source: incident rate driven by hardware class and capacity size, independent of utilisation"
OPS00887,westus2-dc06-cap01,westus2-dc06,westus2,F16,AMD-standard,2025-10-22,Sev3,Node unresponsive,44,3,True,"SYNTHETIC - generated, not a business source: incident rate driven by hardware class and capacity size, independent of utilisation"
OPS00879,westus2-dc04-cap01,westus2-dc04,westus2,F16,AMD-standard,2025-10-22,Sev2,Memory pressure,28,1,True,"SYNTHETIC - generated, not a business source: incident rate driven by hardware class and capacity size, independent of utilisation"
OPS00097,southcentralus-dc08-cap03,southcentralus-dc08,southcentralus,F2,Intel-standard,2025-10-22,Sev4,Network partition,14,4,True,"SYNTHETIC - generated, not a business source: incident rate driven by hardware class and capacity size, independent of utilisation"
OPS00217,centralindia-dc10-cap01,centralindia-dc10,centralindia,F64,Intel-highmem,2025-10-22,Sev3,Storage latency,35,6,True,"SYNTHETIC - generated, not a business source: incident rate driven by hardware class and capacity size, independent of utilisation"
OPS00370,northcentralus-dc05-cap01,northcentralus-dc05,northcentralus,F128,GPU-class,2025-10-22,Sev2,Network partition,147,4,True,"SYNTHETIC - generated, not a business source: incident rate driven by hardware class and capacity size, independent of utilisation"
OPS00815,uksouth-dc07-cap01,uksouth-dc07,uksouth,F256,AMD-standard,2025-10-22,Sev4,Memory pressure,3,1,True,"SYNTHETIC - generated, not a business source: incident rate driven by hardware class and capacity size, independent of utilisation"
OPS00572,canadaeast-dc01-cap04,canadaeast-dc01,canadaeast,F2,AMD-highmem,2025-10-23,Sev4,Memory pressure,6,3,True,"SYNTHETIC - generated, not a business source: incident rate driven by hardware class and capacity size, independent of utilisation"
OPS00732,uksouth-dc01-cap01,uksouth-dc01,uksouth,F128,AMD-standard,2025-10-23,Sev2,Storage latency,27,2,True,"SYNTHETIC - generated, not a business source: incident rate driven by hardware class and capacity size, independent of utilisation"
OPS00425,northcentralus-dc09-cap02,northcentralus-dc09,northcentralus,F64,GPU-class,2025-10-23,Sev3,Storage latency,34,6,True,"SYNTHETIC - generated, not a business source: incident rate driven by hardware class and capacity size, independent of utilisation"
OPS00589,canadaeast-dc03-cap01,canadaeast-dc03,canadaeast,F128,AMD-standard,2025-10-23,Sev4,Network partition,3,5,True,"SYNTHETIC - generated, not a business source: incident rate driven by hardware class and capacity size, independent of utilisation"
OPS00637,canadaeast-dc09-cap05,canadaeast-dc09,canadaeast,F2,AMD-highmem,2025-10-24,Sev2,Network partition,25,5,True,"SYNTHETIC - generated, not a business source: incident rate driven by hardware class and capacity size, independent of utilisation"
OPS00009,southcentralus-dc01-cap02,southcentralus-dc01,southcentralus,F16,Intel-highmem,2025-10-24,Sev3,Capacity throttling,43,6,True,"SYNTHETIC - generated, not a business source: incident rate driven by hardware class and capacity size, independent of utilisation"
OPS00510,canadacentral-dc06-cap04,canadacentral-dc06,canadacentral,F2,AMD-highmem,2025-10-24,Sev3,Network partition,51,1,True,"SYNTHETIC - generated, not a business source: incident rate driven by hardware class and capacity size, independent of utilisation"
OPS00225,centralindia-dc10-cap01,centralindia-dc10,centralindia,F64,Intel-highmem,2025-10-24,Sev2,Unplanned reboot,32,6,True,"SYNTHETIC - generated, not a business source: incident rate driven by hardware class and capacity size, independent of utilisation"
OPS00635,canadaeast-dc09-cap04,canadaeast-dc09,canadaeast,F4,AMD-highmem,2025-10-24,Sev3,Unplanned reboot,37,3,True,"SYNTHETIC - generated, not a business source: incident rate driven by hardware class and capacity size, independent of utilisation"
OPS00166,centralindia-dc05-cap01,centralindia-dc05,centralindia,F16,Intel-highmem,2025-10-24,Sev3,Node unresponsive,50,5,True,"SYNTHETIC - generated, not a business source: incident rate driven by hardware class and capacity size, independent of utilisation"
OPS00591,canadaeast-dc03-cap01,canadaeast-dc03,canadaeast,F128,AMD-standard,2025-10-24,Sev4,Network partition,5,1,True,"SYNTHETIC - generated, not a business source: incident rate driven by hardware class and capacity size, independent of utilisation"
OPS00644,canadaeast-dc10-cap01,canadaeast-dc10,canadaeast,F128,AMD-highmem,2025-10-24,Sev3,Memory pressure,39,8,True,"SYNTHETIC - generated, not a business source: incident rate driven by hardware class and capacity size, independent of utilisation"
OPS00822,uksouth-dc07-cap01,uksouth-dc07,uksouth,F256,AMD-standard,2025-10-24,Sev4,Unplanned reboot,6,1,True,"SYNTHETIC - generated, not a business source: incident rate driven by hardware class and capacity size, independent of utilisation"
OPS00275,westeurope-dc07-cap02,westeurope-dc07,westeurope,F2,GPU-class,2025-10-24,Sev3,Network partition,8,5,True,"SYNTHETIC - generated, not a business source: incident rate driven by hardware class and capacity size, independent of utilisation"
OPS00745,uksouth-dc01-cap07,uksouth-dc01,uksouth,F2,AMD-standard,2025-10-24,Sev3,Network partition,51,5,True,"SYNTHETIC - generated, not a business source: incident rate driven by hardware class and capacity size, independent of utilisation"
OPS00111,southcentralus-dc10-cap02,southcentralus-dc10,southcentralus,F8,Intel-highmem,2025-10-24,Sev3,Node unresponsive,45,4,True,"SYNTHETIC - generated, not a business source: incident rate driven by hardware class and capacity size, independent of utilisation"
OPS00446,northcentralus-dc10-cap02,northcentralus-dc10,northcentralus,F8,GPU-class,2025-10-24,Sev3,Node unresponsive,49,2,True,"SYNTHETIC - generated, not a business source: incident rate driven by hardware class and capacity size, independent of utilisation"
OPS00089,southcentralus-dc07-cap03,southcentralus-dc07,southcentralus,F4,Intel-highmem,2025-10-24,Sev2,Network partition,96,7,True,"SYNTHETIC - generated, not a business source: incident rate driven by hardware class and capacity size, independent of utilisation"
OPS00710,eastus2-dc08-cap01,eastus2-dc08,eastus2,F128,AMD-highmem,2025-10-25,Sev2,Unplanned reboot,159,7,True,"SYNTHETIC - generated, not a business source: incident rate driven by hardware class and capacity size, independent of utilisation"
OPS00331,northcentralus-dc02-cap01,northcentralus-dc02,northcentralus,F64,GPU-class,2025-10-25,Sev2,Memory pressure,46,3,True,"SYNTHETIC - generated, not a business source: incident rate driven by hardware class and capacity size, independent of utilisation"
OPS00832,uksouth-dc08-cap01,uksouth-dc08,uksouth,F128,AMD-highmem,2025-10-25,Sev1,Node unresponsive,145,7,True,"SYNTHETIC - generated, not a business source: incident rate driven by hardware class and capacity size, independent of utilisation"
OPS00127,centralindia-dc02-cap01,centralindia-dc02,centralindia,F8,Intel-highmem,2025-10-25,Sev4,Capacity throttling,11,1,True,"SYNTHETIC - generated, not a business source: incident rate driven by hardware class and capacity size, independent of utilisation"
OPS00507,canadacentral-dc06-cap01,canadacentral-dc06,canadacentral,F64,AMD-highmem,2025-10-25,Sev2,Node unresponsive,133,4,True,"SYNTHETIC - generated, not a business source: incident rate driven by hardware class and capacity size, independent of utilisation"
OPS00474,canadacentral-dc02-cap05,canadacentral-dc02,canadacentral,F4,AMD-standard,2025-10-25,Sev3,Network partition,43,3,True,"SYNTHETIC - generated, not a business source: incident rate driven by hardware class and capacity size, independent of utilisation"
OPS00740,uksouth-dc01-cap02,uksouth-dc01,uksouth,F64,AMD-standard,2025-10-25,Sev4,Unplanned reboot,6,1,True,"SYNTHETIC - generated, not a business source: incident rate driven by hardware class and capacity size, independent of utilisation"
OPS00660,eastus2-dc01-cap01,eastus2-dc01,eastus2,F256,AMD-highmem,2025-10-25,Sev4,Capacity throttling,12,7,True,"SYNTHETIC - generated, not a business source: incident rate driven by hardware class and capacity size, independent of utilisation"
OPS00488,canadacentral-dc04-cap01,canadacentral-dc04,canadacentral,F128,AMD-highmem,2025-10-26,Sev1,Capacity throttling,101,4,True,"SYNTHETIC - generated, not a business source: incident rate driven by hardware class and capacity size, independent of utilisation"
OPS00906,eastus-dc05-cap01,eastus-dc05,eastus,F64,AMD-standard,2025-10-26,Sev4,Capacity throttling,14,7,True,"SYNTHETIC - generated, not a business source: incident rate driven by hardware class and capacity size, independent of utilisation"
OPS00957,northeurope-dc07-cap01,northeurope-dc07,northeurope,F32,AMD-standard,2025-10-26,Sev2,Node unresponsive,140,6,True,"SYNTHETIC - generated, not a business source: incident rate driven by hardware class and capacity size, independent of utilisation"
OPS00230,centralindia-dc10-cap02,centralindia-dc10,centralindia,F4,Intel-highmem,2025-10-26,Sev4,Capacity throttling,12,5,True,"SYNTHETIC - generated, not a business source: incident rate driven by hardware class and capacity size, independent of utilisation"
OPS00794,uksouth-dc06-cap06,uksouth-dc06,uksouth,F2,AMD-highmem,2025-10-26,Sev4,Network partition,7,2,True,"SYNTHETIC - generated, not a business source: incident rate driven by hardware class and capacity size, independent of utilisation"
OPS00087,southcentralus-dc07-cap03,southcentralus-dc07,southcentralus,F4,Intel-highmem,2025-10-26,Sev3,Unplanned reboot,21,7,True,"SYNTHETIC - generated, not a business source: incident rate driven by hardware class and capacity size, independent of utilisation"
OPS00026,southcentralus-dc01-cap04,southcentralus-dc01,southcentralus,F4,Intel-highmem,2025-10-26,Sev3,Network partition,9,2,True,"SYNTHETIC - generated, not a business source: incident rate driven by hardware class and capacity size, independent of utilisation"
OPS00361,northcentralus-dc04-cap03,northcentralus-dc04,northcentralus,F4,GPU-class,2025-10-26,Sev2,Unplanned reboot,59,6,True,"SYNTHETIC - generated, not a business source: incident rate driven by hardware class and capacity size, independent of utilisation"
OPS00306,westeurope-dc10-cap02,westeurope-dc10,westeurope,F64,GPU-class,2025-10-27,Sev2,Capacity throttling,53,2,True,"SYNTHETIC - generated, not a business source: incident rate driven by hardware class and capacity size, independent of utilisation"
OPS00159,centralindia-dc04-cap03,centralindia-dc04,centralindia,F4,Intel-highmem,2025-10-27,Sev4,Memory pressure,5,5,True,"SYNTHETIC - generated, not a business source: incident rate driven by hardware class and capacity size, independent of utilisation"
OPS00840,uksouth-dc08-cap01,uksouth-dc08,uksouth,F128,AMD-highmem,2025-10-27,Sev3,Storage latency,44,8,True,"SYNTHETIC - generated, not a business source: incident rate driven by hardware class and capacity size, independent of utilisation"
OPS00216,centralindia-dc10-cap01,centralindia-dc10,centralindia,F64,Intel-highmem,2025-10-27,Sev1,Storage latency,394,7,True,"SYNTHETIC - generated, not a business source: incident rate driven by hardware class and capacity size, independent of utilisation"
OPS00804,uksouth-dc07-cap01,uksouth-dc07,uksouth,F256,AMD-standard,2025-10-28,Sev1,Capacity throttling,393,7,True,"SYNTHETIC - generated, not a business source: incident rate driven by hardware class and capacity size, independent of utilisation"
OPS00316,westeurope-dc10-cap05,westeurope-dc10,westeurope,F2,GPU-class,2025-10-28,Sev2,Capacity throttling,84,1,True,"SYNTHETIC - generated, not a business source: incident rate driven by hardware class and capacity size, independent of utilisation"
OPS00632,canadaeast-dc09-cap03,canadaeast-dc09,canadaeast,F16,AMD-highmem,2025-10-28,Sev4,Memory pressure,14,8,True,"SYNTHETIC - generated, not a business source: incident rate driven by hardware class and capacity size, independent of utilisation"
OPS00094,southcentralus-dc08-cap02,southcentralus-dc08,southcentralus,F4,Intel-standard,2025-10-29,Sev3,Unplanned reboot,50,2,True,"SYNTHETIC - generated, not a business source: incident rate driven by hardware class and capacity size, independent of utilisation"
OPS00379,northcentralus-dc06-cap01,northcentralus-dc06,northcentralus,F128,GPU-class,2025-10-29,Sev4,Node unresponsive,7,6,True,"SYNTHETIC - generated, not a business source: incident rate driven by hardware class and capacity size, independent of utilisation"
OPS00211,centralindia-dc09-cap02,centralindia-dc09,centralindia,F2,Intel-highmem,2025-10-29,Sev4,Storage latency,11,8,True,"SYNTHETIC - generated, not a business source: incident rate driven by hardware class and capacity size, independent of utilisation"
OPS00330,northcentralus-dc02-cap01,northcentralus-dc02,northcentralus,F64,GPU-class,2025-10-29,Sev2,Network partition,36,6,True,"SYNTHETIC - generated, not a business source: incident rate driven by hardware class and capacity size, independent of utilisation"
OPS00846,uksouth-dc08-cap02,uksouth-dc08,uksouth,F64,AMD-highmem,2025-10-29,Sev3,Storage latency,15,2,True,"SYNTHETIC - generated, not a business source: incident rate driven by hardware class and capacity size, independent of utilisation"
OPS00098,southcentralus-dc09-cap01,southcentralus-dc09,southcentralus,F16,Intel-standard,2025-10-29,Sev3,Node unresponsive,49,3,True,"SYNTHETIC - generated, not a business source: incident rate driven by hardware class and capacity size, independent of utilisation"
OPS00368,northcentralus-dc05-cap01,northcentralus-dc05,northcentralus,F128,GPU-class,2025-10-29,Sev3,Capacity throttling,53,5,True,"SYNTHETIC - generated, not a business source: incident rate driven by hardware class and capacity size, independent of utilisation"
OPS00567,canadaeast-dc01-cap01,canadaeast-dc01,canadaeast,F128,AMD-highmem,2025-10-30,Sev3,Unplanned reboot,7,1,True,"SYNTHETIC - generated, not a business source: incident rate driven by hardware class and capacity size, independent of utilisation"
OPS00481,canadacentral-dc03-cap02,canadacentral-dc03,canadacentral,F64,AMD-highmem,2025-10-30,Sev1,Storage latency,67,3,True,"SYNTHETIC - generated, not a business source: incident rate driven by hardware class and capacity size, independent of utilisation"
OPS00171,centralindia-dc05-cap03,centralindia-dc05,centralindia,F4,Intel-highmem,2025-10-30,Sev2,Storage latency,173,3,True,"SYNTHETIC - generated, not a business source: incident rate driven by hardware class and capacity size, independent of utilisation"
OPS00743,uksouth-dc01-cap02,uksouth-dc01,uksouth,F64,AMD-standard,2025-10-30,Sev3,Unplanned reboot,31,8,True,"SYNTHETIC - generated, not a business source: incident rate driven by hardware class and capacity size, independent of utilisation"
OPS00234,centralindia-dc10-cap02,centralindia-dc10,centralindia,F4,Intel-highmem,2025-10-30,Sev4,Network partition,14,8,True,"SYNTHETIC - generated, not a business source: incident rate driven by hardware class and capacity size, independent of utilisation"
OPS00348,northcentralus-dc04-cap01,northcentralus-dc04,northcentralus,F64,GPU-class,2025-10-30,Sev3,Network partition,23,6,True,"SYNTHETIC - generated, not a business source: incident rate driven by hardware class and capacity size, independent of utilisation"
OPS00884,westus2-dc04-cap03,westus2-dc04,westus2,F2,AMD-standard,2025-10-31,Sev1,Node unresponsive,182,8,True,"SYNTHETIC - generated, not a business source: incident rate driven by hardware class and capacity size, independent of utilisation"
OPS00327,northcentralus-dc02-cap01,northcentralus-dc02,northcentralus,F64,GPU-class,2025-10-31,Sev3,Node unresponsive,6,4,True,"SYNTHETIC - generated, not a business source: incident rate driven by hardware class and capacity size, independent of utilisation"
OPS00279,westeurope-dc07-cap02,westeurope-dc07,westeurope,F2,GPU-class,2025-10-31,Sev3,Storage latency,33,2,True,"SYNTHETIC - generated, not a business source: incident rate driven by hardware class and capacity size, independent of utilisation"
OPS00587,canadaeast-dc03-cap01,canadaeast-dc03,canadaeast,F128,AMD-standard,2025-10-31,Sev1,Unplanned reboot,321,5,True,"SYNTHETIC - generated, not a business source: incident rate driven by hardware class and capacity size, independent of utilisation"
OPS00829,uksouth-dc07-cap02,uksouth-dc07,uksouth,F32,AMD-standard,2025-10-31,Sev4,Network partition,9,1,True,"SYNTHETIC - generated, not a business source: incident rate driven by hardware class and capacity size, independent of utilisation"
OPS00254,westeurope-dc02-cap01,westeurope-dc02,westeurope,F64,AMD-highmem,2025-10-31,Sev2,Capacity throttling,24,2,True,"SYNTHETIC - generated, not a business source: incident rate driven by hardware class and capacity size, independent of utilisation"
OPS00505,canadacentral-dc06-cap01,canadacentral-dc06,canadacentral,F64,AMD-highmem,2025-10-31,Sev1,Capacity throttling,308,8,True,"SYNTHETIC - generated, not a business source: incident rate driven by hardware class and capacity size, independent of utilisation"
OPS00102,southcentralus-dc09-cap02,southcentralus-dc09,southcentralus,F8,Intel-standard,2025-11-01,Sev2,Network partition,145,3,True,"SYNTHETIC - generated, not a business source: incident rate driven by hardware class and capacity size, independent of utilisation"
OPS00115,southcentralus-dc10-cap04,southcentralus-dc10,southcentralus,F2,Intel-highmem,2025-11-01,Sev3,Storage latency,58,6,True,"SYNTHETIC - generated, not a business source: incident rate driven by hardware class and capacity size, independent of utilisation"
OPS00541,canadacentral-dc07-cap04,canadacentral-dc07,canadacentral,F8,AMD-standard,2025-11-01,Sev4,Node unresponsive,14,6,True,"SYNTHETIC - generated, not a business source: incident rate driven by hardware class and capacity size, independent of utilisation"
OPS00158,centralindia-dc04-cap03,centralindia-dc04,centralindia,F4,Intel-highmem,2025-11-01,Sev4,Unplanned reboot,1,2,True,"SYNTHETIC - generated, not a business source: incident rate driven by hardware class and capacity size, independent of utilisation"
OPS00322,northcentralus-dc01-cap02,northcentralus-dc01,northcentralus,F4,GPU-class,2025-11-01,Sev3,Memory pressure,53,1,True,"SYNTHETIC - generated, not a business source: incident rate driven by hardware class and capacity size, independent of utilisation"
OPS00270,westeurope-dc06-cap02,westeurope-dc06,westeurope,F4,GPU-class,2025-11-01,Sev4,Memory pressure,4,2,True,"SYNTHETIC - generated, not a business source: incident rate driven by hardware class and capacity size, independent of utilisation"
OPS00751,uksouth-dc02-cap03,uksouth-dc02,uksouth,F4,AMD-highmem,2025-11-01,Sev2,Network partition,43,8,True,"SYNTHETIC - generated, not a business source: incident rate driven by hardware class and capacity size, independent of utilisation"
OPS00213,centralindia-dc09-cap02,centralindia-dc09,centralindia,F2,Intel-highmem,2025-11-01,Sev2,Capacity throttling,119,4,True,"SYNTHETIC - generated, not a business source: incident rate driven by hardware class and capacity size, independent of utilisation"
OPS00125,centralindia-dc01-cap03,centralindia-dc01,centralindia,F2,Intel-standard,2025-11-02,Sev3,Unplanned reboot,46,1,True,"SYNTHETIC - generated, not a business source: incident rate driven by hardware class and capacity size, independent of utilisation"
OPS00335,northcentralus-dc02-cap02,northcentralus-dc02,northcentralus,F8,GPU-class,2025-11-02,Sev2,Storage latency,165,6,True,"SYNTHETIC - generated, not a business source: incident rate driven by hardware class and capacity size, independent of utilisation"
OPS00715,eastus2-dc08-cap02,eastus2-dc08,eastus2,F128,AMD-highmem,2025-11-02,Sev4,Storage latency,11,5,True,"SYNTHETIC - generated, not a business source: incident rate driven by hardware class and capacity size, independent of utilisation"
OPS00843,uksouth-dc08-cap02,uksouth-dc08,uksouth,F64,AMD-highmem,2025-11-02,Sev1,Capacity throttling,87,2,True,"SYNTHETIC - generated, not a business source: incident rate driven by hardware class and capacity size, independent of utilisation"
OPS00080,southcentralus-dc07-cap01,southcentralus-dc07,southcentralus,F16,Intel-highmem,2025-11-02,Sev2,Network partition,76,1,True,"SYNTHETIC - generated, not a business source: incident rate driven by hardware class and capacity size, independent of utilisation"
OPS00468,canadacentral-dc02-cap02,canadacentral-dc02,canadacentral,F64,AMD-standard,2025-11-02,Sev4,Node unresponsive,10,2,True,"SYNTHETIC - generated, not a business source: incident rate driven by hardware class and capacity size, independent of utilisation"
OPS00539,canadacentral-dc07-cap03,canadacentral-dc07,canadacentral,F64,AMD-standard,2025-11-02,Sev4,Node unresponsive,13,5,True,"SYNTHETIC - generated, not a business source: incident rate driven by hardware class and capacity size, independent of utilisation"
OPS00113,southcentralus-dc10-cap03,southcentralus-dc10,southcentralus,F4,Intel-highmem,2025-11-02,Sev3,Unplanned reboot,41,8,True,"SYNTHETIC - generated, not a business source: incident rate driven by hardware class and capacity size, independent of utilisation"
OPS00785,uksouth-dc06-cap02,uksouth-dc06,uksouth,F64,AMD-highmem,2025-11-02,Sev2,Capacity throttling,158,3,True,"SYNTHETIC - generated, not a business source: incident rate driven by hardware class and capacity size, independent of utilisation"
OPS00061,southcentralus-dc05-cap01,southcentralus-dc05,southcentralus,F64,Intel-standard,2025-11-03,Sev3,Network partition,51,1,True,"SYNTHETIC - generated, not a business source: incident rate driven by hardware class and capacity size, independent of utilisation"
OPS00041,southcentralus-dc03-cap02,southcentralus-dc03,southcentralus,F4,Intel-standard,2025-11-03,Sev2,Node unresponsive,47,8,True,"SYNTHETIC - generated, not a business source: incident rate driven by hardware class and capacity size, independent of utilisation"
OPS00332,northcentralus-dc02-cap01,northcentralus-dc02,northcentralus,F64,GPU-class,2025-11-03,Sev3,Capacity throttling,29,4,True,"SYNTHETIC - generated, not a business source: incident rate driven by hardware class and capacity size, independent of utilisation"
OPS00375,northcentralus-dc05-cap02,northcentralus-dc05,northcentralus,F32,GPU-class,2025-11-03,Sev3,Unplanned reboot,34,8,True,"SYNTHETIC - generated, not a business source: incident rate driven by hardware class and capacity size, independent of utilisation"
OPS00093,southcentralus-dc08-cap02,southcentralus-dc08,southcentralus,F4,Intel-standard,2025-11-03,Sev4,Unplanned reboot,11,8,True,"SYNTHETIC - generated, not a business source: incident rate driven by hardware class and capacity size, independent of utilisation"
OPS00180,centralindia-dc06-cap01,centralindia-dc06,centralindia,F32,Intel-highmem,2025-11-03,Sev3,Memory pressure,15,7,True,"SYNTHETIC - generated, not a business source: incident rate driven by hardware class and capacity size, independent of utilisation"
OPS00440,northcentralus-dc10-cap01,northcentralus-dc10,northcentralus,F128,GPU-class,2025-11-03,Sev3,Unplanned reboot,29,5,True,"SYNTHETIC - generated, not a business source: incident rate driven by hardware class and capacity size, independent of utilisation"
OPS00597,canadaeast-dc06-cap01,canadaeast-dc06,canadaeast,F128,AMD-highmem,2025-11-03,Sev3,Capacity throttling,20,6,True,"SYNTHETIC - generated, not a business source: incident rate driven by hardware class and capacity size, independent of utilisation"
OPS00956,northeurope-dc07-cap01,northeurope-dc07,northeurope,F32,AMD-standard,2025-11-03,Sev4,Node unresponsive,1,7,True,"SYNTHETIC - generated, not a business source: incident rate driven by hardware class and capacity size, independent of utilisation"
OPS00131,centralindia-dc02-cap02,centralindia-dc02,centralindia,F2,Intel-highmem,2025-11-04,Sev3,Network partition,42,1,True,"SYNTHETIC - generated, not a business source: incident rate driven by hardware class and capacity size, independent of utilisation"
OPS00423,northcentralus-dc09-cap01,northcentralus-dc09,northcentralus,F256,GPU-class,2025-11-04,Sev2,Node unresponsive,57,3,True,"SYNTHETIC - generated, not a business source: incident rate driven by hardware class and capacity size, independent of utilisation"
OPS00952,northeurope-dc04-cap01,northeurope-dc04,northeurope,F16,AMD-standard,2025-11-04,Sev4,Unplanned reboot,6,6,True,"SYNTHETIC - generated, not a business source: incident rate driven by hardware class and capacity size, independent of utilisation"
OPS00043,southcentralus-dc03-cap03,southcentralus-dc03,southcentralus,F2,Intel-standard,2025-11-04,Sev3,Capacity throttling,40,8,True,"SYNTHETIC - generated, not a business source: incident rate driven by hardware class and capacity size, independent of utilisation"
OPS00011,southcentralus-dc01-cap02,southcentralus-dc01,southcentralus,F16,Intel-highmem,2025-11-04,Sev3,Network partition,47,5,True,"SYNTHETIC - generated, not a business source: incident rate driven by hardware class and capacity size, independent of utilisation"
OPS00170,centralindia-dc05-cap02,centralindia-dc05,centralindia,F8,Intel-highmem,2025-11-04,Sev4,Capacity throttling,12,8,True,"SYNTHETIC - generated, not a business source: incident rate driven by hardware class and capacity size, independent of utilisation"
OPS00038,southcentralus-dc03-cap01,southcentralus-dc03,southcentralus,F32,Intel-standard,2025-11-04,Sev2,Memory pressure,38,1,True,"SYNTHETIC - generated, not a business source: incident rate driven by hardware class and capacity size, independent of utilisation"
OPS00219,centralindia-dc10-cap01,centralindia-dc10,centralindia,F64,Intel-highmem,2025-11-05,Sev3,Node unresponsive,53,3,True,"SYNTHETIC - generated, not a business source: incident rate driven by hardware class and capacity size, independent of utilisation"
OPS00392,northcentralus-dc08-cap01,northcentralus-dc08,northcentralus,F128,AMD-highmem,2025-11-05,Sev3,Memory pressure,12,6,True,"SYNTHETIC - generated, not a business source: incident rate driven by hardware class and capacity size, independent of utilisation"
OPS00674,eastus2-dc01-cap05,eastus2-dc01,eastus2,F2,AMD-highmem,2025-11-05,Sev4,Node unresponsive,1,1,True,"SYNTHETIC - generated, not a business source: incident rate driven by hardware class and capacity size, independent of utilisation"
OPS00321,northcentralus-dc01-cap02,northcentralus-dc01,northcentralus,F4,GPU-class,2025-11-05,Sev1,Storage latency,86,1,True,"SYNTHETIC - generated, not a business source: incident rate driven by hardware class and capacity size, independent of utilisation"
OPS00037,southcentralus-dc03-cap01,southcentralus-dc03,southcentralus,F32,Intel-standard,2025-11-05,Sev2,Memory pressure,66,1,True,"SYNTHETIC - generated, not a business source: incident rate driven by hardware class and capacity size, independent of utilisation"
OPS00278,westeurope-dc07-cap02,westeurope-dc07,westeurope,F2,GPU-class,2025-11-05,Sev3,Network partition,15,5,True,"SYNTHETIC - generated, not a business source: incident rate driven by hardware class and capacity size, independent of utilisation"
OPS00231,centralindia-dc10-cap02,centralindia-dc10,centralindia,F4,Intel-highmem,2025-11-05,Sev2,Unplanned reboot,178,8,True,"SYNTHETIC - generated, not a business source: incident rate driven by hardware class and capacity size, independent of utilisation"
OPS00868,westus2-dc01-cap02,westus2-dc01,westus2,F8,AMD-standard,2025-11-05,Sev3,Memory pressure,33,8,True,"SYNTHETIC - generated, not a business source: incident rate driven by hardware class and capacity size, independent of utilisation"
OPS00269,westeurope-dc06-cap02,westeurope-dc06,westeurope,F4,GPU-class,2025-11-06,Sev2,Memory pressure,118,5,True,"SYNTHETIC - generated, not a business source: incident rate driven by hardware class and capacity size, independent of utilisation"
OPS00844,uksouth-dc08-cap02,uksouth-dc08,uksouth,F64,AMD-highmem,2025-11-06,Sev4,Memory pressure,12,2,True,"SYNTHETIC - generated, not a business source: incident rate driven by hardware class and capacity size, independent of utilisation"
OPS00310,westeurope-dc10-cap02,westeurope-dc10,westeurope,F64,GPU-class,2025-11-06,Sev4,Unplanned reboot,11,4,True,"SYNTHETIC - generated, not a business source: incident rate driven by hardware class and capacity size, independent of utilisation"
OPS00256,westeurope-dc03-cap01,westeurope-dc03,westeurope,F8,GPU-class,2025-11-06,Sev3,Memory pressure,59,2,True,"SYNTHETIC - generated, not a business source: incident rate driven by hardware class and capacity size, independent of utilisation"
OPS00612,canadaeast-dc07-cap01,canadaeast-dc07,canadaeast,F32,AMD-standard,2025-11-06,Sev4,Unplanned reboot,3,3,True,"SYNTHETIC - generated, not a business source: incident rate driven by hardware class and capacity size, independent of utilisation"
OPS00349,northcentralus-dc04-cap01,northcentralus-dc04,northcentralus,F64,GPU-class,2025-11-06,Sev4,Memory pressure,11,5,True,"SYNTHETIC - generated, not a business source: incident rate driven by hardware class and capacity size, independent of utilisation"
OPS00631,canadaeast-dc09-cap02,canadaeast-dc09,canadaeast,F64,AMD-highmem,2025-11-07,Sev3,Capacity throttling,7,5,True,"SYNTHETIC - generated, not a business source: incident rate driven by hardware class and capacity size, independent of utilisation"
OPS00222,centralindia-dc10-cap01,centralindia-dc10,centralindia,F64,Intel-highmem,2025-11-07,Sev3,Memory pressure,50,3,True,"SYNTHETIC - generated, not a business source: incident rate driven by hardware class and capacity size, independent of utilisation"
OPS00886,westus2-dc05-cap01,westus2-dc05,westus2,F4,AMD-highmem,2025-11-07,Sev3,Node unresponsive,48,8,True,"SYNTHETIC - generated, not a business source: incident rate driven by hardware class and capacity size, independent of utilisation"
OPS00903,eastus-dc04-cap01,eastus-dc04,eastus,F8,AMD-highmem,2025-11-07,Sev3,Capacity throttling,56,4,True,"SYNTHETIC - generated, not a business source: incident rate driven by hardware class and capacity size, independent of utilisation"
OPS00604,canadaeast-dc06-cap02,canadaeast-dc06,canadaeast,F64,AMD-highmem,2025-11-07,Sev3,Node unresponsive,12,5,True,"SYNTHETIC - generated, not a business source: incident rate driven by hardware class and capacity size, independent of utilisation"
OPS00713,eastus2-dc08-cap02,eastus2-dc08,eastus2,F128,AMD-highmem,2025-11-07,Sev3,Capacity throttling,45,1,True,"SYNTHETIC - generated, not a business source: incident rate driven by hardware class and capacity size, independent of utilisation"
OPS00034,southcentralus-dc02-cap01,southcentralus-dc02,southcentralus,F32,Intel-highmem,2025-11-07,Sev3,Memory pressure,41,6,True,"SYNTHETIC - generated, not a business source: incident rate driven by hardware class and capacity size, independent of utilisation"
OPS00122,centralindia-dc01-cap01,centralindia-dc01,centralindia,F16,Intel-standard,2025-11-07,Sev2,Memory pressure,109,3,True,"SYNTHETIC - generated, not a business source: incident rate driven by hardware class and capacity size, independent of utilisation"
OPS00802,uksouth-dc07-cap01,uksouth-dc07,uksouth,F256,AMD-standard,2025-11-07,Sev3,Unplanned reboot,43,8,True,"SYNTHETIC - generated, not a business source: incident rate driven by hardware class and capacity size, independent of utilisation"
OPS00297,westeurope-dc10-cap01,westeurope-dc10,westeurope,F128,GPU-class,2025-11-08,Sev1,Memory pressure,146,1,True,"SYNTHETIC - generated, not a business source: incident rate driven by hardware class and capacity size, independent of utilisation"
OPS00898,eastus-dc01-cap01,eastus-dc01,eastus,F32,AMD-highmem,2025-11-08,Sev4,Network partition,10,1,True,"SYNTHETIC - generated, not a business source: incident rate driven by hardware class and capacity size, independent of utilisation"
OPS00191,centralindia-dc07-cap01,centralindia-dc07,centralindia,F16,Intel-standard,2025-11-08,Sev2,Storage latency,167,7,True,"SYNTHETIC - generated, not a business source: incident rate driven by hardware class and capacity size, independent of utilisation"
OPS00525,canadacentral-dc07-cap02,canadacentral-dc07,canadacentral,F128,AMD-standard,2025-11-08,Sev3,Network partition,18,8,True,"SYNTHETIC - generated, not a business source: incident rate driven by hardware class and capacity size, independent of utilisation"
OPS00378,northcentralus-dc06-cap01,northcentralus-dc06,northcentralus,F128,GPU-class,2025-11-08,Sev4,Node unresponsive,10,8,True,"SYNTHETIC - generated, not a business source: incident rate driven by hardware class and capacity size, independent of utilisation"
OPS00791,uksouth-dc06-cap04,uksouth-dc06,uksouth,F16,AMD-highmem,2025-11-08,Sev4,Capacity throttling,6,3,True,"SYNTHETIC - generated, not a business source: incident rate driven by hardware class and capacity size, independent of utilisation"
OPS00820,uksouth-dc07-cap01,uksouth-dc07,uksouth,F256,AMD-standard,2025-11-09,Sev4,Network partition,1,7,True,"SYNTHETIC - generated, not a business source: incident rate driven by hardware class and capacity size, independent of utilisation"
OPS00340,northcentralus-dc02-cap04,northcentralus-dc02,northcentralus,F2,GPU-class,2025-11-09,Sev4,Network partition,1,4,True,"SYNTHETIC - generated, not a business source: incident rate driven by hardware class and capacity size, independent of utilisation"
OPS00837,uksouth-dc08-cap01,uksouth-dc08,uksouth,F128,AMD-highmem,2025-11-09,Sev4,Capacity throttling,8,7,True,"SYNTHETIC - generated, not a business source: incident rate driven by hardware class and capacity size, independent of utilisation"
OPS00659,eastus2-dc01-cap01,eastus2-dc01,eastus2,F256,AMD-highmem,2025-11-09,Sev3,Unplanned reboot,11,5,True,"SYNTHETIC - generated, not a business source: incident rate driven by hardware class and capacity size, independent of utilisation"
OPS00888,westus2-dc06-cap02,westus2-dc06,westus2,F8,AMD-standard,2025-11-10,Sev4,Memory pressure,12,5,True,"SYNTHETIC - generated, not a business source: incident rate driven by hardware class and capacity size, independent of utilisation"
OPS00905,eastus-dc05-cap01,eastus-dc05,eastus,F64,AMD-standard,2025-11-10,Sev3,Network partition,11,1,True,"SYNTHETIC - generated, not a business source: incident rate driven by hardware class and capacity size, independent of utilisation"
OPS00928,eastus-dc08-cap01,eastus-dc08,eastus,F64,AMD-standard,2025-11-10,Sev4,Unplanned reboot,7,7,True,"SYNTHETIC - generated, not a business source: incident rate driven by hardware class and capacity size, independent of utilisation"
OPS00151,centralindia-dc04-cap03,centralindia-dc04,centralindia,F4,Intel-highmem,2025-11-10,Sev3,Storage latency,43,5,True,"SYNTHETIC - generated, not a business source: incident rate driven by hardware class and capacity size, independent of utilisation"
OPS00656,eastus2-dc01-cap01,eastus2-dc01,eastus2,F256,AMD-highmem,2025-11-10,Sev4,Node unresponsive,5,4,True,"SYNTHETIC - generated, not a business source: incident rate driven by hardware class and capacity size, independent of utilisation"
OPS00530,canadacentral-dc07-cap02,canadacentral-dc07,canadacentral,F128,AMD-standard,2025-11-10,Sev4,Storage latency,2,8,True,"SYNTHETIC - generated, not a business source: incident rate driven by hardware class and capacity size, independent of utilisation"
OPS00878,westus2-dc03-cap02,westus2-dc03,westus2,F8,AMD-standard,2025-11-11,Sev2,Capacity throttling,172,7,True,"SYNTHETIC - generated, not a business source: incident rate driven by hardware class and capacity size, independent of utilisation"
OPS00509,canadacentral-dc06-cap02,canadacentral-dc06,canadacentral,F16,AMD-highmem,2025-11-11,Sev1,Memory pressure,310,6,True,"SYNTHETIC - generated, not a business source: incident rate driven by hardware class and capacity size, independent of utilisation"
OPS00179,centralindia-dc06-cap01,centralindia-dc06,centralindia,F32,Intel-highmem,2025-11-11,Sev4,Node unresponsive,14,7,True,"SYNTHETIC - generated, not a business source: incident rate driven by hardware class and capacity size, independent of utilisation"
OPS00095,southcentralus-dc08-cap03,southcentralus-dc08,southcentralus,F2,Intel-standard,2025-11-11,Sev2,Unplanned reboot,20,5,True,"SYNTHETIC - generated, not a business source: incident rate driven by hardware class and capacity size, independent of utilisation"
OPS00195,centralindia-dc07-cap02,centralindia-dc07,centralindia,F8,Intel-standard,2025-11-11,Sev3,Unplanned reboot,59,4,True,"SYNTHETIC - generated, not a business source: incident rate driven by hardware class and capacity size, independent of utilisation"
OPS00076,southcentralus-dc07-cap01,southcentralus-dc07,southcentralus,F16,Intel-highmem,2025-11-12,Sev2,Capacity throttling,146,7,True,"SYNTHETIC - generated, not a business source: incident rate driven by hardware class and capacity size, independent of utilisation"
OPS00535,canadacentral-dc07-cap02,canadacentral-dc07,canadacentral,F128,AMD-standard,2025-11-12,Sev3,Unplanned reboot,49,3,True,"SYNTHETIC - generated, not a business source: incident rate driven by hardware class and capacity size, independent of utilisation"
OPS00542,canadacentral-dc07-cap04,canadacentral-dc07,canadacentral,F8,AMD-standard,2025-11-12,Sev4,Memory pressure,7,6,True,"SYNTHETIC - generated, not a business source: incident rate driven by hardware class and capacity size, independent of utilisation"
OPS00685,eastus2-dc03-cap03,eastus2-dc03,eastus2,F8,AMD-highmem,2025-11-12,Sev4,Unplanned reboot,4,8,True,"SYNTHETIC - generated, not a business source: incident rate driven by hardware class and capacity size, independent of utilisation"
OPS00200,centralindia-dc08-cap01,centralindia-dc08,centralindia,F8,Intel-standard,2025-11-12,Sev3,Node unresponsive,40,5,True,"SYNTHETIC - generated, not a business source: incident rate driven by hardware class and capacity size, independent of utilisation"
OPS00765,uksouth-dc03-cap04,uksouth-dc03,uksouth,F8,AMD-highmem,2025-11-13,Sev2,Unplanned reboot,116,6,True,"SYNTHETIC - generated, not a business source: incident rate driven by hardware class and capacity size, independent of utilisation"
OPS00776,uksouth-dc06-cap01,uksouth-dc06,uksouth,F128,AMD-highmem,2025-11-13,Sev4,Node unresponsive,3,5,True,"SYNTHETIC - generated, not a business source: incident rate driven by hardware class and capacity size, independent of utilisation"
OPS00946,northeurope-dc01-cap01,northeurope-dc01,northeurope,F64,AMD-highmem,2025-11-13,Sev3,Memory pressure,44,4,True,"SYNTHETIC - generated, not a business source: incident rate driven by hardware class and capacity size, independent of utilisation"
OPS00801,uksouth-dc07-cap01,uksouth-dc07,uksouth,F256,AMD-standard,2025-11-13,Sev2,Node unresponsive,34,8,True,"SYNTHETIC - generated, not a business source: incident rate driven by hardware class and capacity size, independent of utilisation"
OPS00421,northcentralus-dc09-cap01,northcentralus-dc09,northcentralus,F256,GPU-class,2025-11-13,Sev4,Unplanned reboot,11,5,True,"SYNTHETIC - generated, not a business source: incident rate driven by hardware class and capacity size, independent of utilisation"
OPS00852,uksouth-dc09-cap01,uksouth-dc09,uksouth,F128,AMD-highmem,2025-11-13,Sev3,Network partition,37,6,True,"SYNTHETIC - generated, not a business source: incident rate driven by hardware class and capacity size, independent of utilisation"
OPS00670,eastus2-dc01-cap03,eastus2-dc01,eastus2,F16,AMD-highmem,2025-11-14,Sev4,Network partition,7,6,True,"SYNTHETIC - generated, not a business source: incident rate driven by hardware class and capacity size, independent of utilisation"
OPS00462,canadacentral-dc02-cap01,canadacentral-dc02,canadacentral,F128,AMD-standard,2025-11-14,Sev3,Node unresponsive,45,1,True,"SYNTHETIC - generated, not a business source: incident rate driven by hardware class and capacity size, independent of utilisation"
OPS00642,canadaeast-dc10-cap01,canadaeast-dc10,canadaeast,F128,AMD-highmem,2025-11-14,Sev4,Unplanned reboot,7,4,True,"SYNTHETIC - generated, not a business source: incident rate driven by hardware class and capacity size, independent of utilisation"
OPS00598,canadaeast-dc06-cap01,canadaeast-dc06,canadaeast,F128,AMD-highmem,2025-11-14,Sev4,Capacity throttling,7,1,True,"SYNTHETIC - generated, not a business source: incident rate driven by hardware class and capacity size, independent of utilisation"
OPS00224,centralindia-dc10-cap01,centralindia-dc10,centralindia,F64,Intel-highmem,2025-11-14,Sev4,Storage latency,10,2,True,"SYNTHETIC - generated, not a business source: incident rate driven by hardware class and capacity size, independent of utilisation"
OPS00921,eastus-dc06-cap01,eastus-dc06,eastus,F32,AMD-standard,2025-11-14,Sev3,Unplanned reboot,10,1,True,"SYNTHETIC - generated, not a business source: incident rate driven by hardware class and capacity size, independent of utilisation"
OPS00896,eastus-dc01-cap01,eastus-dc01,eastus,F32,AMD-highmem,2025-11-14,Sev1,Storage latency,63,8,True,"SYNTHETIC - generated, not a business source: incident rate driven by hardware class and capacity size, independent of utilisation"
OPS00973,northeurope-dc10-cap01,northeurope-dc10,northeurope,F32,AMD-standard,2025-11-15,Sev2,Unplanned reboot,23,7,True,"SYNTHETIC - generated, not a business source: incident rate driven by hardware class and capacity size, independent of utilisation"
OPS00568,canadaeast-dc01-cap01,canadaeast-dc01,canadaeast,F128,AMD-highmem,2025-11-15,Sev2,Storage latency,161,2,True,"SYNTHETIC - generated, not a business source: incident rate driven by hardware class and capacity size, independent of utilisation"
OPS00244,westeurope-dc01-cap02,westeurope-dc01,westeurope,F8,GPU-class,2025-11-15,Sev1,Storage latency,212,5,True,"SYNTHETIC - generated, not a business source: incident rate driven by hardware class and capacity size, independent of utilisation"
OPS00803,uksouth-dc07-cap01,uksouth-dc07,uksouth,F256,AMD-standard,2025-11-15,Sev4,Unplanned reboot,8,8,True,"SYNTHETIC - generated, not a business source: incident rate driven by hardware class and capacity size, independent of utilisation"
OPS00668,eastus2-dc01-cap02,eastus2-dc01,eastus2,F128,AMD-highmem,2025-11-15,Sev1,Capacity throttling,177,7,True,"SYNTHETIC - generated, not a business source: incident rate driven by hardware class and capacity size, independent of utilisation"
OPS00144,centralindia-dc04-cap02,centralindia-dc04,centralindia,F16,Intel-highmem,2025-11-15,Sev2,Storage latency,88,1,True,"SYNTHETIC - generated, not a business source: incident rate driven by hardware class and capacity size, independent of utilisation"
OPS00841,uksouth-dc08-cap01,uksouth-dc08,uksouth,F128,AMD-highmem,2025-11-15,Sev4,Storage latency,4,2,True,"SYNTHETIC - generated, not a business source: incident rate driven by hardware class and capacity size, independent of utilisation"
OPS00155,centralindia-dc04-cap03,centralindia-dc04,centralindia,F4,Intel-highmem,2025-11-15,Sev3,Unplanned reboot,6,5,True,"SYNTHETIC - generated, not a business source: incident rate driven by hardware class and capacity size, independent of utilisation"
OPS00472,canadacentral-dc02-cap04,canadacentral-dc02,canadacentral,F8,AMD-standard,2025-11-15,Sev2,Unplanned reboot,40,4,True,"SYNTHETIC - generated, not a business source: incident rate driven by hardware class and capacity size, independent of utilisation"
OPS00709,eastus2-dc08-cap01,eastus2-dc08,eastus2,F128,AMD-highmem,2025-11-15,Sev2,Storage latency,134,6,True,"SYNTHETIC - generated, not a business source: incident rate driven by hardware class and capacity size, independent of utilisation"
OPS00342,northcentralus-dc03-cap01,northcentralus-dc03,northcentralus,F64,AMD-highmem,2025-11-15,Sev3,Node unresponsive,17,1,True,"SYNTHETIC - generated, not a business source: incident rate driven by hardware class and capacity size, independent of utilisation"
OPS00662,eastus2-dc01-cap01,eastus2-dc01,eastus2,F256,AMD-highmem,2025-11-16,Sev4,Node unresponsive,4,3,True,"SYNTHETIC - generated, not a business source: incident rate driven by hardware class and capacity size, independent of utilisation"
OPS00352,northcentralus-dc04-cap02,northcentralus-dc04,northcentralus,F32,GPU-class,2025-11-17,Sev3,Unplanned reboot,49,3,True,"SYNTHETIC - generated, not a business source: incident rate driven by hardware class and capacity size, independent of utilisation"
OPS00959,northeurope-dc07-cap01,northeurope-dc07,northeurope,F32,AMD-standard,2025-11-17,Sev3,Memory pressure,56,8,True,"SYNTHETIC - generated, not a business source: incident rate driven by hardware class and capacity size, independent of utilisation"
OPS00792,uksouth-dc06-cap04,uksouth-dc06,uksouth,F16,AMD-highmem,2025-11-17,Sev3,Network partition,21,4,True,"SYNTHETIC - generated, not a business source: incident rate driven by hardware class and capacity size, independent of utilisation"
OPS00545,canadacentral-dc08-cap01,canadacentral-dc08,canadacentral,F128,AMD-highmem,2025-11-17,Sev3,Storage latency,15,1,True,"SYNTHETIC - generated, not a business source: incident rate driven by hardware class and capacity size, independent of utilisation"
OPS00974,northeurope-dc10-cap01,northeurope-dc10,northeurope,F32,AMD-standard,2025-11-17,Sev4,Capacity throttling,7,4,True,"SYNTHETIC - generated, not a business source: incident rate driven by hardware class and capacity size, independent of utilisation"
OPS00767,uksouth-dc03-cap06,uksouth-dc03,uksouth,F2,AMD-highmem,2025-11-17,Sev4,Node unresponsive,3,1,True,"SYNTHETIC - generated, not a business source: incident rate driven by hardware class and capacity size, independent of utilisation"
OPS00938,eastus-dc09-cap01,eastus-dc09,eastus,F8,AMD-highmem,2025-11-17,Sev4,Storage latency,12,2,True,"SYNTHETIC - generated, not a business source: incident rate driven by hardware class and capacity size, independent of utilisation"
OPS00941,eastus-dc10-cap03,eastus-dc10,eastus,F8,AMD-highmem,2025-11-17,Sev4,Unplanned reboot,8,3,True,"SYNTHETIC - generated, not a business source: incident rate driven by hardware class and capacity size, independent of utilisation"
OPS00498,canadacentral-dc05-cap01,canadacentral-dc05,canadacentral,F128,AMD-highmem,2025-11-18,Sev2,Capacity throttling,124,1,True,"SYNTHETIC - generated, not a business source: incident rate driven by hardware class and capacity size, independent of utilisation"
OPS00004,southcentralus-dc01-cap01,southcentralus-dc01,southcentralus,F64,Intel-highmem,2025-11-18,Sev1,Storage latency,180,1,True,"SYNTHETIC - generated, not a business source: incident rate driven by hardware class and capacity size, independent of utilisation"
OPS00198,centralindia-dc07-cap03,centralindia-dc07,centralindia,F2,Intel-standard,2025-11-18,Sev2,Capacity throttling,81,8,True,"SYNTHETIC - generated, not a business source: incident rate driven by hardware class and capacity size, independent of utilisation"
OPS00796,uksouth-dc07-cap01,uksouth-dc07,uksouth,F256,AMD-standard,2025-11-18,Sev3,Network partition,47,4,True,"SYNTHETIC - generated, not a business source: incident rate driven by hardware class and capacity size, independent of utilisation"
OPS00620,canadaeast-dc08-cap02,canadaeast-dc08,canadaeast,F16,AMD-highmem,2025-11-18,Sev4,Memory pressure,14,7,True,"SYNTHETIC - generated, not a business source: incident rate driven by hardware class and capacity size, independent of utilisation"
OPS00518,canadacentral-dc07-cap01,canadacentral-dc07,canadacentral,F128,AMD-standard,2025-11-18,Sev2,Storage latency,48,6,True,"SYNTHETIC - generated, not a business source: incident rate driven by hardware class and capacity size, independent of utilisation"
OPS00130,centralindia-dc02-cap01,centralindia-dc02,centralindia,F8,Intel-highmem,2025-11-18,Sev3,Memory pressure,12,7,True,"SYNTHETIC - generated, not a business source: incident rate driven by hardware class and capacity size, independent of utilisation"
OPS00021,southcentralus-dc01-cap03,southcentralus-dc01,southcentralus,F8,Intel-highmem,2025-11-18,Sev4,Storage latency,1,2,True,"SYNTHETIC - generated, not a business source: incident rate driven by hardware class and capacity size, independent of utilisation"
OPS00924,eastus-dc06-cap02,eastus-dc06,eastus,F16,AMD-standard,2025-11-18,Sev3,Unplanned reboot,26,6,True,"SYNTHETIC - generated, not a business source: incident rate driven by hardware class and capacity size, independent of utilisation"
OPS00705,eastus2-dc08-cap01,eastus2-dc08,eastus2,F128,AMD-highmem,2025-11-19,Sev3,Network partition,38,4,True,"SYNTHETIC - generated, not a business source: incident rate driven by hardware class and capacity size, independent of utilisation"
OPS00532,canadacentral-dc07-cap02,canadacentral-dc07,canadacentral,F128,AMD-standard,2025-11-19,Sev4,Node unresponsive,1,3,True,"SYNTHETIC - generated, not a business source: incident rate driven by hardware class and capacity size, independent of utilisation"
OPS00078,southcentralus-dc07-cap01,southcentralus-dc07,southcentralus,F16,Intel-highmem,2025-11-19,Sev3,Capacity throttling,15,8,True,"SYNTHETIC - generated, not a business source: incident rate driven by hardware class and capacity size, independent of utilisation"
OPS00250,westeurope-dc01-cap04,westeurope-dc01,westeurope,F2,GPU-class,2025-11-19,Sev3,Memory pressure,39,5,True,"SYNTHETIC - generated, not a business source: incident rate driven by hardware class and capacity size, independent of utilisation"
OPS00355,northcentralus-dc04-cap02,northcentralus-dc04,northcentralus,F32,GPU-class,2025-11-19,Sev4,Capacity throttling,2,4,True,"SYNTHETIC - generated, not a business source: incident rate driven by hardware class and capacity size, independent of utilisation"
OPS00454,canadacentral-dc01-cap02,canadacentral-dc01,canadacentral,F32,AMD-highmem,2025-11-19,Sev3,Network partition,45,6,True,"SYNTHETIC - generated, not a business source: incident rate driven by hardware class and capacity size, independent of utilisation"
OPS00402,northcentralus-dc09-cap01,northcentralus-dc09,northcentralus,F256,GPU-class,2025-11-19,Sev3,Memory pressure,7,5,True,"SYNTHETIC - generated, not a business source: incident rate driven by hardware class and capacity size, independent of utilisation"
OPS00504,canadacentral-dc06-cap01,canadacentral-dc06,canadacentral,F64,AMD-highmem,2025-11-19,Sev4,Storage latency,2,1,True,"SYNTHETIC - generated, not a business source: incident rate driven by hardware class and capacity size, independent of utilisation"
OPS00106,southcentralus-dc10-cap01,southcentralus-dc10,southcentralus,F16,Intel-highmem,2025-11-19,Sev3,Memory pressure,28,1,True,"SYNTHETIC - generated, not a business source: incident rate driven by hardware class and capacity size, independent of utilisation"
OPS00264,westeurope-dc06-cap01,westeurope-dc06,westeurope,F8,GPU-class,2025-11-19,Sev3,Node unresponsive,15,4,True,"SYNTHETIC - generated, not a business source: incident rate driven by hardware class and capacity size, independent of utilisation"
OPS00503,canadacentral-dc06-cap01,canadacentral-dc06,canadacentral,F64,AMD-highmem,2025-11-20,Sev3,Capacity throttling,26,2,True,"SYNTHETIC - generated, not a business source: incident rate driven by hardware class and capacity size, independent of utilisation"
OPS00654,canadaeast-dc10-cap06,canadaeast-dc10,canadaeast,F2,AMD-highmem,2025-11-20,Sev4,Network partition,2,2,True,"SYNTHETIC - generated, not a business source: incident rate driven by hardware class and capacity size, independent of utilisation"
OPS00074,southcentralus-dc06-cap02,southcentralus-dc06,southcentralus,F16,Intel-highmem,2025-11-20,Sev1,Node unresponsive,297,2,True,"SYNTHETIC - generated, not a business source: incident rate driven by hardware class and capacity size, independent of utilisation"
OPS00239,westeurope-dc01-cap01,westeurope-dc01,westeurope,F16,GPU-class,2025-11-20,Sev2,Network partition,77,6,True,"SYNTHETIC - generated, not a business source: incident rate driven by hardware class and capacity size, independent of utilisation"
OPS00451,canadacentral-dc01-cap01,canadacentral-dc01,canadacentral,F128,AMD-highmem,2025-11-20,Sev3,Unplanned reboot,53,7,True,"SYNTHETIC - generated, not a business source: incident rate driven by hardware class and capacity size, independent of utilisation"
OPS00334,northcentralus-dc02-cap02,northcentralus-dc02,northcentralus,F8,GPU-class,2025-11-20,Sev2,Capacity throttling,91,7,True,"SYNTHETIC - generated, not a business source: incident rate driven by hardware class and capacity size, independent of utilisation"
OPS00916,eastus-dc05-cap02,eastus-dc05,eastus,F2,AMD-standard,2025-11-20,Sev3,Network partition,59,8,True,"SYNTHETIC - generated, not a business source: incident rate driven by hardware class and capacity size, independent of utilisation"
OPS00579,canadaeast-dc03-cap01,canadaeast-dc03,canadaeast,F128,AMD-standard,2025-11-20,Sev3,Memory pressure,57,1,True,"SYNTHETIC - generated, not a business source: incident rate driven by hardware class and capacity size, independent of utilisation"
OPS00603,canadaeast-dc06-cap01,canadaeast-dc06,canadaeast,F128,AMD-highmem,2025-11-20,Sev3,Storage latency,12,3,True,"SYNTHETIC - generated, not a business source: incident rate driven by hardware class and capacity size, independent of utilisation"
OPS00899,eastus-dc02-cap01,eastus-dc02,eastus,F16,AMD-standard,2025-11-20,Sev2,Network partition,166,8,True,"SYNTHETIC - generated, not a business source: incident rate driven by hardware class and capacity size, independent of utilisation"
OPS00077,southcentralus-dc07-cap01,southcentralus-dc07,southcentralus,F16,Intel-highmem,2025-11-20,Sev4,Unplanned reboot,5,6,True,"SYNTHETIC - generated, not a business source: incident rate driven by hardware class and capacity size, independent of utilisation"
OPS00108,southcentralus-dc10-cap01,southcentralus-dc10,southcentralus,F16,Intel-highmem,2025-11-20,Sev3,Node unresponsive,37,7,True,"SYNTHETIC - generated, not a business source: incident rate driven by hardware class and capacity size, independent of utilisation"
OPS00979,northeurope-dc10-cap04,northeurope-dc10,northeurope,F2,AMD-standard,2025-11-21,Sev4,Node unresponsive,2,2,True,"SYNTHETIC - generated, not a business source: incident rate driven by hardware class and capacity size, independent of utilisation"
OPS00553,canadacentral-dc09-cap01,canadacentral-dc09,canadacentral,F128,AMD-highmem,2025-11-21,Sev2,Capacity throttling,80,3,True,"SYNTHETIC - generated, not a business source: incident rate driven by hardware class and capacity size, independent of utilisation"
OPS00015,southcentralus-dc01-cap02,southcentralus-dc01,southcentralus,F16,Intel-highmem,2025-11-21,Sev1,Storage latency,204,5,True,"SYNTHETIC - generated, not a business source: incident rate driven by hardware class and capacity size, independent of utilisation"
OPS00141,centralindia-dc04-cap01,centralindia-dc04,centralindia,F32,Intel-highmem,2025-11-22,Sev3,Node unresponsive,33,6,True,"SYNTHETIC - generated, not a business source: incident rate driven by hardware class and capacity size, independent of utilisation"
OPS00671,eastus2-dc01-cap04,eastus2-dc01,eastus2,F8,AMD-highmem,2025-11-22,Sev4,Unplanned reboot,1,5,True,"SYNTHETIC - generated, not a business source: incident rate driven by hardware class and capacity size, independent of utilisation"
OPS00694,eastus2-dc05-cap01,eastus2-dc05,eastus2,F128,AMD-highmem,2025-11-22,Sev3,Node unresponsive,9,4,True,"SYNTHETIC - generated, not a business source: incident rate driven by hardware class and capacity size, independent of utilisation"
OPS00882,westus2-dc04-cap03,westus2-dc04,westus2,F2,AMD-standard,2025-11-22,Sev3,Capacity throttling,27,5,True,"SYNTHETIC - generated, not a business source: incident rate driven by hardware class and capacity size, independent of utilisation"
OPS00880,westus2-dc04-cap02,westus2-dc04,westus2,F4,AMD-standard,2025-11-22,Sev2,Memory pressure,29,2,True,"SYNTHETIC - generated, not a business source: incident rate driven by hardware class and capacity size, independent of utilisation"
OPS00398,northcentralus-dc09-cap01,northcentralus-dc09,northcentralus,F256,GPU-class,2025-11-22,Sev3,Storage latency,30,6,True,"SYNTHETIC - generated, not a business source: incident rate driven by hardware class and capacity size, independent of utilisation"
OPS00937,eastus-dc08-cap02,eastus-dc08,eastus,F4,AMD-standard,2025-11-22,Sev4,Capacity throttling,1,3,True,"SYNTHETIC - generated, not a business source: incident rate driven by hardware class and capacity size, independent of utilisation"
OPS00524,canadacentral-dc07-cap02,canadacentral-dc07,canadacentral,F128,AMD-standard,2025-11-22,Sev3,Memory pressure,31,3,True,"SYNTHETIC - generated, not a business source: incident rate driven by hardware class and capacity size, independent of utilisation"
OPS00521,canadacentral-dc07-cap01,canadacentral-dc07,canadacentral,F128,AMD-standard,2025-11-23,Sev3,Node unresponsive,23,7,True,"SYNTHETIC - generated, not a business source: incident rate driven by hardware class and capacity size, independent of utilisation"
OPS00574,canadaeast-dc02-cap02,canadaeast-dc02,canadaeast,F4,AMD-highmem,2025-11-23,Sev2,Network partition,93,8,True,"SYNTHETIC - generated, not a business source: incident rate driven by hardware class and capacity size, independent of utilisation"
OPS00112,southcentralus-dc10-cap03,southcentralus-dc10,southcentralus,F4,Intel-highmem,2025-11-23,Sev4,Unplanned reboot,3,3,True,"SYNTHETIC - generated, not a business source: incident rate driven by hardware class and capacity size, independent of utilisation"
OPS00657,eastus2-dc01-cap01,eastus2-dc01,eastus2,F256,AMD-highmem,2025-11-23,Sev1,Node unresponsive,314,7,True,"SYNTHETIC - generated, not a business source: incident rate driven by hardware class and capacity size, independent of utilisation"
OPS00754,uksouth-dc03-cap01,uksouth-dc03,uksouth,F128,AMD-highmem,2025-11-23,Sev3,Unplanned reboot,43,8,True,"SYNTHETIC - generated, not a business source: incident rate driven by hardware class and capacity size, independent of utilisation"
OPS00798,uksouth-dc07-cap01,uksouth-dc07,uksouth,F256,AMD-standard,2025-11-23,Sev2,Unplanned reboot,28,8,True,"SYNTHETIC - generated, not a business source: incident rate driven by hardware class and capacity size, independent of utilisation"
OPS00513,canadacentral-dc07-cap01,canadacentral-dc07,canadacentral,F128,AMD-standard,2025-11-23,Sev3,Network partition,33,2,True,"SYNTHETIC - generated, not a business source: incident rate driven by hardware class and capacity size, independent of utilisation"
OPS00025,southcentralus-dc01-cap04,southcentralus-dc01,southcentralus,F4,Intel-highmem,2025-11-24,Sev3,Node unresponsive,44,4,True,"SYNTHETIC - generated, not a business source: incident rate driven by hardware class and capacity size, independent of utilisation"
OPS00922,eastus-dc06-cap01,eastus-dc06,eastus,F32,AMD-standard,2025-11-24,Sev2,Memory pressure,170,8,True,"SYNTHETIC - generated, not a business source: incident rate driven by hardware class and capacity size, independent of utilisation"
OPS00360,northcentralus-dc04-cap03,northcentralus-dc04,northcentralus,F4,GPU-class,2025-11-24,Sev3,Node unresponsive,21,8,True,"SYNTHETIC - generated, not a business source: incident rate driven by hardware class and capacity size, independent of utilisation"
OPS00889,westus2-dc07-cap01,westus2-dc07,westus2,F64,AMD-highmem,2025-11-24,Sev3,Storage latency,13,4,True,"SYNTHETIC - generated, not a business source: incident rate driven by hardware class and capacity size, independent of utilisation"
OPS00442,northcentralus-dc10-cap01,northcentralus-dc10,northcentralus,F128,GPU-class,2025-11-25,Sev3,Network partition,57,2,True,"SYNTHETIC - generated, not a business source: incident rate driven by hardware class and capacity size, independent of utilisation"
OPS00733,uksouth-dc01-cap01,uksouth-dc01,uksouth,F128,AMD-standard,2025-11-25,Sev4,Storage latency,13,8,True,"SYNTHETIC - generated, not a business source: incident rate driven by hardware class and capacity size, independent of utilisation"
OPS00246,westeurope-dc01-cap02,westeurope-dc01,westeurope,F8,GPU-class,2025-11-25,Sev4,Capacity throttling,6,1,True,"SYNTHETIC - generated, not a business source: incident rate driven by hardware class and capacity size, independent of utilisation"
OPS00759,uksouth-dc03-cap03,uksouth-dc03,uksouth,F16,AMD-highmem,2025-11-25,Sev3,Storage latency,52,7,True,"SYNTHETIC - generated, not a business source: incident rate driven by hardware class and capacity size, independent of utilisation"
OPS00536,canadacentral-dc07-cap03,canadacentral-dc07,canadacentral,F64,AMD-standard,2025-11-25,Sev3,Unplanned reboot,10,1,True,"SYNTHETIC - generated, not a business source: incident rate driven by hardware class and capacity size, independent of utilisation"
OPS00318,northcentralus-dc01-cap01,northcentralus-dc01,northcentralus,F64,GPU-class,2025-11-25,Sev4,Capacity throttling,2,2,True,"SYNTHETIC - generated, not a business source: incident rate driven by hardware class and capacity size, independent of utilisation"
OPS00692,eastus2-dc04-cap04,eastus2-dc04,eastus2,F4,AMD-highmem,2025-11-25,Sev4,Node unresponsive,1,6,True,"SYNTHETIC - generated, not a business source: incident rate driven by hardware class and capacity size, independent of utilisation"
OPS00580,canadaeast-dc03-cap01,canadaeast-dc03,canadaeast,F128,AMD-standard,2025-11-25,Sev4,Unplanned reboot,8,4,True,"SYNTHETIC - generated, not a business source: incident rate driven by hardware class and capacity size, independent of utilisation"
OPS00605,canadaeast-dc06-cap02,canadaeast-dc06,canadaeast,F64,AMD-highmem,2025-11-26,Sev2,Memory pressure,167,6,True,"SYNTHETIC - generated, not a business source: incident rate driven by hardware class and capacity size, independent of utilisation"
OPS00594,canadaeast-dc05-cap01,canadaeast-dc05,canadaeast,F64,AMD-highmem,2025-11-26,Sev3,Memory pressure,23,8,True,"SYNTHETIC - generated, not a business source: incident rate driven by hardware class and capacity size, independent of utilisation"
OPS00769,uksouth-dc05-cap02,uksouth-dc05,uksouth,F16,AMD-highmem,2025-11-26,Sev4,Memory pressure,11,1,True,"SYNTHETIC - generated, not a business source: incident rate driven by hardware class and capacity size, independent of utilisation"
OPS00235,centralindia-dc10-cap03,centralindia-dc10,centralindia,F2,Intel-highmem,2025-11-26,Sev3,Memory pressure,11,3,True,"SYNTHETIC - generated, not a business source: incident rate driven by hardware class and capacity size, independent of utilisation"
OPS00363,northcentralus-dc05-cap01,northcentralus-dc05,northcentralus,F128,GPU-class,2025-11-26,Sev1,Capacity throttling,47,1,True,"SYNTHETIC - generated, not a business source: incident rate driven by hardware class and capacity size, independent of utilisation"
OPS00283,westeurope-dc09-cap01,westeurope-dc09,westeurope,F32,AMD-highmem,2025-11-26,Sev2,Network partition,43,6,True,"SYNTHETIC - generated, not a business source: incident rate driven by hardware class and capacity size, independent of utilisation"
OPS00444,northcentralus-dc10-cap01,northcentralus-dc10,northcentralus,F128,GPU-class,2025-11-26,Sev3,Node unresponsive,16,1,True,"SYNTHETIC - generated, not a business source: incident rate driven by hardware class and capacity size, independent of utilisation"
OPS00337,northcentralus-dc02-cap03,northcentralus-dc02,northcentralus,F4,GPU-class,2025-11-27,Sev4,Node unresponsive,9,6,True,"SYNTHETIC - generated, not a business source: incident rate driven by hardware class and capacity size, independent of utilisation"
OPS00731,eastus2-dc10-cap03,eastus2-dc10,eastus2,F8,AMD-standard,2025-11-27,Sev3,Memory pressure,51,4,True,"SYNTHETIC - generated, not a business source: incident rate driven by hardware class and capacity size, independent of utilisation"
OPS00431,northcentralus-dc09-cap03,northcentralus-dc09,northcentralus,F2,GPU-class,2025-11-27,Sev3,Network partition,48,6,True,"SYNTHETIC - generated, not a business source: incident rate driven by hardware class and capacity size, independent of utilisation"
OPS00024,southcentralus-dc01-cap04,southcentralus-dc01,southcentralus,F4,Intel-highmem,2025-11-27,Sev1,Memory pressure,87,1,True,"SYNTHETIC - generated, not a business source: incident rate driven by hardware class and capacity size, independent of utilisation"
OPS00690,eastus2-dc04-cap02,eastus2-dc04,eastus2,F16,AMD-highmem,2025-11-27,Sev3,Capacity throttling,20,3,True,"SYNTHETIC - generated, not a business source: incident rate driven by hardware class and capacity size, independent of utilisation"
OPS00499,canadacentral-dc05-cap02,canadacentral-dc05,canadacentral,F2,AMD-highmem,2025-11-27,Sev1,Network partition,66,7,True,"SYNTHETIC - generated, not a business source: incident rate driven by hardware class and capacity size, independent of utilisation"
OPS00607,canadaeast-dc06-cap02,canadaeast-dc06,canadaeast,F64,AMD-highmem,2025-11-28,Sev2,Storage latency,86,7,True,"SYNTHETIC - generated, not a business source: incident rate driven by hardware class and capacity size, independent of utilisation"
OPS00430,northcentralus-dc09-cap03,northcentralus-dc09,northcentralus,F2,GPU-class,2025-11-28,Sev3,Storage latency,33,1,True,"SYNTHETIC - generated, not a business source: incident rate driven by hardware class and capacity size, independent of utilisation"
OPS00035,southcentralus-dc02-cap01,southcentralus-dc02,southcentralus,F32,Intel-highmem,2025-11-28,Sev3,Node unresponsive,30,2,True,"SYNTHETIC - generated, not a business source: incident rate driven by hardware class and capacity size, independent of utilisation"
OPS00917,eastus-dc06-cap01,eastus-dc06,eastus,F32,AMD-standard,2025-11-28,Sev3,Network partition,43,8,True,"SYNTHETIC - generated, not a business source: incident rate driven by hardware class and capacity size, independent of utilisation"
OPS00274,westeurope-dc07-cap01,westeurope-dc07,westeurope,F4,GPU-class,2025-11-28,Sev4,Node unresponsive,2,1,True,"SYNTHETIC - generated, not a business source: incident rate driven by hardware class and capacity size, independent of utilisation"
OPS00533,canadacentral-dc07-cap02,canadacentral-dc07,canadacentral,F128,AMD-standard,2025-11-28,Sev4,Memory pressure,13,1,True,"SYNTHETIC - generated, not a business source: incident rate driven by hardware class and capacity size, independent of utilisation"
OPS00092,southcentralus-dc08-cap02,southcentralus-dc08,southcentralus,F4,Intel-standard,2025-11-29,Sev4,Memory pressure,5,4,True,"SYNTHETIC - generated, not a business source: incident rate driven by hardware class and capacity size, independent of utilisation"
OPS00865,westus2-dc01-cap01,westus2-dc01,westus2,F16,AMD-standard,2025-11-29,Sev4,Capacity throttling,11,8,True,"SYNTHETIC - generated, not a business source: incident rate driven by hardware class and capacity size, independent of utilisation"
OPS00240,westeurope-dc01-cap01,westeurope-dc01,westeurope,F16,GPU-class,2025-11-29,Sev4,Unplanned reboot,12,1,True,"SYNTHETIC - generated, not a business source: incident rate driven by hardware class and capacity size, independent of utilisation"
OPS00876,westus2-dc03-cap01,westus2-dc03,westus2,F32,AMD-standard,2025-11-29,Sev3,Network partition,56,6,True,"SYNTHETIC - generated, not a business source: incident rate driven by hardware class and capacity size, independent of utilisation"
OPS00641,canadaeast-dc10-cap01,canadaeast-dc10,canadaeast,F128,AMD-highmem,2025-11-29,Sev3,Memory pressure,6,7,True,"SYNTHETIC - generated, not a business source: incident rate driven by hardware class and capacity size, independent of utilisation"
OPS00955,northeurope-dc06-cap02,northeurope-dc06,northeurope,F2,AMD-standard,2025-11-29,Sev4,Unplanned reboot,9,5,True,"SYNTHETIC - generated, not a business source: incident rate driven by hardware class and capacity size, independent of utilisation"
OPS00284,westeurope-dc09-cap01,westeurope-dc09,westeurope,F32,AMD-highmem,2025-11-29,Sev4,Storage latency,14,7,True,"SYNTHETIC - generated, not a business source: incident rate driven by hardware class and capacity size, independent of utilisation"
OPS00927,eastus-dc07-cap01,eastus-dc07,eastus,F8,AMD-highmem,2025-11-29,Sev4,Unplanned reboot,13,4,True,"SYNTHETIC - generated, not a business source: incident rate driven by hardware class and capacity size, independent of utilisation"
OPS00901,eastus-dc03-cap02,eastus-dc03,eastus,F2,AMD-highmem,2025-11-29,Sev3,Network partition,44,2,True,"SYNTHETIC - generated, not a business source: incident rate driven by hardware class and capacity size, independent of utilisation"
OPS00128,centralindia-dc02-cap01,centralindia-dc02,centralindia,F8,Intel-highmem,2025-11-29,Sev4,Network partition,1,2,True,"SYNTHETIC - generated, not a business source: incident rate driven by hardware class and capacity size, independent of utilisation"
OPS00416,northcentralus-dc09-cap01,northcentralus-dc09,northcentralus,F256,GPU-class,2025-11-29,Sev4,Storage latency,13,1,True,"SYNTHETIC - generated, not a business source: incident rate driven by hardware class and capacity size, independent of utilisation"
OPS00463,canadacentral-dc02-cap01,canadacentral-dc02,canadacentral,F128,AMD-standard,2025-11-30,Sev2,Network partition,134,7,True,"SYNTHETIC - generated, not a business source: incident rate driven by hardware class and capacity size, independent of utilisation"
OPS00262,westeurope-dc05-cap01,westeurope-dc05,westeurope,F32,GPU-class,2025-11-30,Sev1,Network partition,372,1,True,"SYNTHETIC - generated, not a business source: incident rate driven by hardware class and capacity size, independent of utilisation"
OPS00554,canadacentral-dc09-cap01,canadacentral-dc09,canadacentral,F128,AMD-highmem,2025-11-30,Sev3,Network partition,58,5,True,"SYNTHETIC - generated, not a business source: incident rate driven by hardware class and capacity size, independent of utilisation"
OPS00756,uksouth-dc03-cap01,uksouth-dc03,uksouth,F128,AMD-highmem,2025-11-30,Sev4,Storage latency,13,8,True,"SYNTHETIC - generated, not a business source: incident rate driven by hardware class and capacity size, independent of utilisation"
OPS00259,westeurope-dc03-cap03,westeurope-dc03,westeurope,F2,GPU-class,2025-11-30,Sev4,Node unresponsive,4,7,True,"SYNTHETIC - generated, not a business source: incident rate driven by hardware class and capacity size, independent of utilisation"
OPS00682,eastus2-dc02-cap03,eastus2-dc02,eastus2,F2,AMD-highmem,2025-11-30,Sev2,Node unresponsive,124,3,True,"SYNTHETIC - generated, not a business source: incident rate driven by hardware class and capacity size, independent of utilisation"
OPS00493,canadacentral-dc04-cap02,canadacentral-dc04,canadacentral,F32,AMD-highmem,2025-12-01,Sev2,Network partition,133,8,True,"SYNTHETIC - generated, not a business source: incident rate driven by hardware class and capacity size, independent of utilisation"
OPS00455,canadacentral-dc02-cap01,canadacentral-dc02,canadacentral,F128,AMD-standard,2025-12-01,Sev3,Memory pressure,39,5,True,"SYNTHETIC - generated, not a business source: incident rate driven by hardware class and capacity size, independent of utilisation"
OPS00427,northcentralus-dc09-cap02,northcentralus-dc09,northcentralus,F64,GPU-class,2025-12-01,Sev3,Unplanned reboot,56,6,True,"SYNTHETIC - generated, not a business source: incident rate driven by hardware class and capacity size, independent of utilisation"
OPS00119,southcentralus-dc10-cap04,southcentralus-dc10,southcentralus,F2,Intel-highmem,2025-12-01,Sev3,Unplanned reboot,14,2,True,"SYNTHETIC - generated, not a business source: incident rate driven by hardware class and capacity size, independent of utilisation"
OPS00317,northcentralus-dc01-cap01,northcentralus-dc01,northcentralus,F64,GPU-class,2025-12-02,Sev2,Storage latency,96,6,True,"SYNTHETIC - generated, not a business source: incident rate driven by hardware class and capacity size, independent of utilisation"
OPS00872,westus2-dc02-cap01,westus2-dc02,westus2,F32,AMD-standard,2025-12-02,Sev2,Storage latency,168,8,True,"SYNTHETIC - generated, not a business source: incident rate driven by hardware class and capacity size, independent of utilisation"
OPS00028,southcentralus-dc02-cap01,southcentralus-dc02,southcentralus,F32,Intel-highmem,2025-12-02,Sev4,Storage latency,10,2,True,"SYNTHETIC - generated, not a business source: incident rate driven by hardware class and capacity size, independent of utilisation"
OPS00456,canadacentral-dc02-cap01,canadacentral-dc02,canadacentral,F128,AMD-standard,2025-12-02,Sev4,Node unresponsive,7,7,True,"SYNTHETIC - generated, not a business source: incident rate driven by hardware class and capacity size, independent of utilisation"
OPS00291,westeurope-dc10-cap01,westeurope-dc10,westeurope,F128,GPU-class,2025-12-02,Sev4,Unplanned reboot,14,4,True,"SYNTHETIC - generated, not a business source: incident rate driven by hardware class and capacity size, independent of utilisation"
OPS00397,northcentralus-dc09-cap01,northcentralus-dc09,northcentralus,F256,GPU-class,2025-12-02,Sev4,Storage latency,13,4,True,"SYNTHETIC - generated, not a business source: incident rate driven by hardware class and capacity size, independent of utilisation"
OPS00555,canadacentral-dc09-cap01,canadacentral-dc09,canadacentral,F128,AMD-highmem,2025-12-03,Sev2,Node unresponsive,56,2,True,"SYNTHETIC - generated, not a business source: incident rate driven by hardware class and capacity size, independent of utilisation"
OPS00207,centralindia-dc09-cap01,centralindia-dc09,centralindia,F8,Intel-highmem,2025-12-03,Sev3,Capacity throttling,51,4,True,"SYNTHETIC - generated, not a business source: incident rate driven by hardware class and capacity size, independent of utilisation"
OPS00036,southcentralus-dc03-cap01,southcentralus-dc03,southcentralus,F32,Intel-standard,2025-12-03,Sev4,Capacity throttling,14,5,True,"SYNTHETIC - generated, not a business source: incident rate driven by hardware class and capacity size, independent of utilisation"
OPS00203,centralindia-dc08-cap02,centralindia-dc08,centralindia,F2,Intel-standard,2025-12-04,Sev3,Node unresponsive,46,7,True,"SYNTHETIC - generated, not a business source: incident rate driven by hardware class and capacity size, independent of utilisation"
OPS00323,northcentralus-dc01-cap02,northcentralus-dc01,northcentralus,F4,GPU-class,2025-12-04,Sev4,Node unresponsive,3,8,True,"SYNTHETIC - generated, not a business source: incident rate driven by hardware class and capacity size, independent of utilisation"
OPS00860,uksouth-dc10-cap01,uksouth-dc10,uksouth,F128,AMD-highmem,2025-12-04,Sev2,Unplanned reboot,80,6,True,"SYNTHETIC - generated, not a business source: incident rate driven by hardware class and capacity size, independent of utilisation"
OPS00056,southcentralus-dc04-cap02,southcentralus-dc04,southcentralus,F4,Intel-standard,2025-12-04,Sev3,Unplanned reboot,16,6,True,"SYNTHETIC - generated, not a business source: incident rate driven by hardware class and capacity size, independent of utilisation"
OPS00546,canadacentral-dc08-cap01,canadacentral-dc08,canadacentral,F128,AMD-highmem,2025-12-04,Sev3,Unplanned reboot,52,5,True,"SYNTHETIC - generated, not a business source: incident rate driven by hardware class and capacity size, independent of utilisation"
OPS00649,canadaeast-dc10-cap02,canadaeast-dc10,canadaeast,F64,AMD-highmem,2025-12-04,Sev3,Capacity throttling,41,1,True,"SYNTHETIC - generated, not a business source: incident rate driven by hardware class and capacity size, independent of utilisation"
OPS00432,northcentralus-dc10-cap01,northcentralus-dc10,northcentralus,F128,GPU-class,2025-12-05,Sev3,Memory pressure,50,2,True,"SYNTHETIC - generated, not a business source: incident rate driven by hardware class and capacity size, independent of utilisation"
OPS00871,westus2-dc01-cap03,westus2-dc01,westus2,F4,AMD-standard,2025-12-05,Sev3,Unplanned reboot,7,7,True,"SYNTHETIC - generated, not a business source: incident rate driven by hardware class and capacity size, independent of utilisation"
OPS00238,centralindia-dc10-cap03,centralindia-dc10,centralindia,F2,Intel-highmem,2025-12-05,Sev4,Node unresponsive,4,4,True,"SYNTHETIC - generated, not a business source: incident rate driven by hardware class and capacity size, independent of utilisation"
OPS00458,canadacentral-dc02-cap01,canadacentral-dc02,canadacentral,F128,AMD-standard,2025-12-05,Sev2,Unplanned reboot,175,7,True,"SYNTHETIC - generated, not a business source: incident rate driven by hardware class and capacity size, independent of utilisation"
OPS00768,uksouth-dc04-cap02,uksouth-dc04,uksouth,F2,AMD-standard,2025-12-05,Sev3,Node unresponsive,36,2,True,"SYNTHETIC - generated, not a business source: incident rate driven by hardware class and capacity size, independent of utilisation"
OPS00595,canadaeast-dc05-cap01,canadaeast-dc05,canadaeast,F64,AMD-highmem,2025-12-05,Sev3,Unplanned reboot,54,5,True,"SYNTHETIC - generated, not a business source: incident rate driven by hardware class and capacity size, independent of utilisation"
OPS00537,canadacentral-dc07-cap03,canadacentral-dc07,canadacentral,F64,AMD-standard,2025-12-05,Sev3,Storage latency,23,7,True,"SYNTHETIC - generated, not a business source: incident rate driven by hardware class and capacity size, independent of utilisation"
OPS00757,uksouth-dc03-cap02,uksouth-dc03,uksouth,F64,AMD-highmem,2025-12-05,Sev3,Capacity throttling,16,2,True,"SYNTHETIC - generated, not a business source: incident rate driven by hardware class and capacity size, independent of utilisation"
OPS00236,centralindia-dc10-cap03,centralindia-dc10,centralindia,F2,Intel-highmem,2025-12-05,Sev3,Node unresponsive,45,4,True,"SYNTHETIC - generated, not a business source: incident rate driven by hardware class and capacity size, independent of utilisation"
OPS00907,eastus-dc05-cap01,eastus-dc05,eastus,F64,AMD-standard,2025-12-06,Sev4,Capacity throttling,14,6,True,"SYNTHETIC - generated, not a business source: incident rate driven by hardware class and capacity size, independent of utilisation"
OPS00012,southcentralus-dc01-cap02,southcentralus-dc01,southcentralus,F16,Intel-highmem,2025-12-06,Sev4,Storage latency,9,7,True,"SYNTHETIC - generated, not a business source: incident rate driven by hardware class and capacity size, independent of utilisation"
OPS00419,northcentralus-dc09-cap01,northcentralus-dc09,northcentralus,F256,GPU-class,2025-12-06,Sev2,Network partition,117,4,True,"SYNTHETIC - generated, not a business source: incident rate driven by hardware class and capacity size, independent of utilisation"
OPS00301,westeurope-dc10-cap01,westeurope-dc10,westeurope,F128,GPU-class,2025-12-06,Sev3,Capacity throttling,33,8,True,"SYNTHETIC - generated, not a business source: incident rate driven by hardware class and capacity size, independent of utilisation"
OPS00107,southcentralus-dc10-cap01,southcentralus-dc10,southcentralus,F16,Intel-highmem,2025-12-06,Sev3,Memory pressure,22,8,True,"SYNTHETIC - generated, not a business source: incident rate driven by hardware class and capacity size, independent of utilisation"
OPS00445,northcentralus-dc10-cap02,northcentralus-dc10,northcentralus,F8,GPU-class,2025-12-06,Sev4,Unplanned reboot,3,3,True,"SYNTHETIC - generated, not a business source: incident rate driven by hardware class and capacity size, independent of utilisation"
OPS00728,eastus2-dc10-cap02,eastus2-dc10,eastus2,F16,AMD-standard,2025-12-06,Sev3,Capacity throttling,40,6,True,"SYNTHETIC - generated, not a business source: incident rate driven by hardware class and capacity size, independent of utilisation"
OPS00787,uksouth-dc06-cap02,uksouth-dc06,uksouth,F64,AMD-highmem,2025-12-06,Sev2,Storage latency,138,6,True,"SYNTHETIC - generated, not a business source: incident rate driven by hardware class and capacity size, independent of utilisation"
OPS00010,southcentralus-dc01-cap02,southcentralus-dc01,southcentralus,F16,Intel-highmem,2025-12-07,Sev4,Node unresponsive,8,5,True,"SYNTHETIC - generated, not a business source: incident rate driven by hardware class and capacity size, independent of utilisation"
OPS00892,westus2-dc08-cap02,westus2-dc08,westus2,F8,AMD-standard,2025-12-07,Sev3,Memory pressure,17,5,True,"SYNTHETIC - generated, not a business source: incident rate driven by hardware class and capacity size, independent of utilisation"
OPS00971,northeurope-dc10-cap01,northeurope-dc10,northeurope,F32,AMD-standard,2025-12-07,Sev2,Capacity throttling,51,7,True,"SYNTHETIC - generated, not a business source: incident rate driven by hardware class and capacity size, independent of utilisation"
OPS00214,centralindia-dc09-cap02,centralindia-dc09,centralindia,F2,Intel-highmem,2025-12-07,Sev3,Capacity throttling,24,4,True,"SYNTHETIC - generated, not a business source: incident rate driven by hardware class and capacity size, independent of utilisation"
OPS00839,uksouth-dc08-cap01,uksouth-dc08,uksouth,F128,AMD-highmem,2025-12-07,Sev1,Node unresponsive,96,1,True,"SYNTHETIC - generated, not a business source: incident rate driven by hardware class and capacity size, independent of utilisation"
OPS00833,uksouth-dc08-cap01,uksouth-dc08,uksouth,F128,AMD-highmem,2025-12-07,Sev1,Memory pressure,311,5,True,"SYNTHETIC - generated, not a business source: incident rate driven by hardware class and capacity size, independent of utilisation"
OPS00223,centralindia-dc10-cap01,centralindia-dc10,centralindia,F64,Intel-highmem,2025-12-08,Sev2,Network partition,178,2,True,"SYNTHETIC - generated, not a business source: incident rate driven by hardware class and capacity size, independent of utilisation"
OPS00818,uksouth-dc07-cap01,uksouth-dc07,uksouth,F256,AMD-standard,2025-12-08,Sev2,Memory pressure,134,3,True,"SYNTHETIC - generated, not a business source: incident rate driven by hardware class and capacity size, independent of utilisation"
OPS00369,northcentralus-dc05-cap01,northcentralus-dc05,northcentralus,F128,GPU-class,2025-12-08,Sev1,Storage latency,147,2,True,"SYNTHETIC - generated, not a business source: incident rate driven by hardware class and capacity size, independent of utilisation"
OPS00828,uksouth-dc07-cap02,uksouth-dc07,uksouth,F32,AMD-standard,2025-12-08,Sev3,Unplanned reboot,19,2,True,"SYNTHETIC - generated, not a business source: incident rate driven by hardware class and capacity size, independent of utilisation"
OPS00508,canadacentral-dc06-cap02,canadacentral-dc06,canadacentral,F16,AMD-highmem,2025-12-08,Sev4,Capacity throttling,13,3,True,"SYNTHETIC - generated, not a business source: incident rate driven by hardware class and capacity size, independent of utilisation"
OPS00268,westeurope-dc06-cap02,westeurope-dc06,westeurope,F4,GPU-class,2025-12-08,Sev4,Unplanned reboot,7,4,True,"SYNTHETIC - generated, not a business source: incident rate driven by hardware class and capacity size, independent of utilisation"
OPS00018,southcentralus-dc01-cap03,southcentralus-dc01,southcentralus,F8,Intel-highmem,2025-12-09,Sev1,Network partition,232,8,True,"SYNTHETIC - generated, not a business source: incident rate driven by hardware class and capacity size, independent of utilisation"
OPS00784,uksouth-dc06-cap02,uksouth-dc06,uksouth,F64,AMD-highmem,2025-12-09,Sev2,Network partition,117,7,True,"SYNTHETIC - generated, not a business source: incident rate driven by hardware class and capacity size, independent of utilisation"
OPS00178,centralindia-dc06-cap01,centralindia-dc06,centralindia,F32,Intel-highmem,2025-12-09,Sev3,Capacity throttling,34,1,True,"SYNTHETIC - generated, not a business source: incident rate driven by hardware class and capacity size, independent of utilisation"
OPS00354,northcentralus-dc04-cap02,northcentralus-dc04,northcentralus,F32,GPU-class,2025-12-09,Sev3,Storage latency,16,1,True,"SYNTHETIC - generated, not a business source: incident rate driven by hardware class and capacity size, independent of utilisation"
OPS00202,centralindia-dc08-cap02,centralindia-dc08,centralindia,F2,Intel-standard,2025-12-09,Sev3,Storage latency,10,2,True,"SYNTHETIC - generated, not a business source: incident rate driven by hardware class and capacity size, independent of utilisation"
OPS00204,centralindia-dc09-cap01,centralindia-dc09,centralindia,F8,Intel-highmem,2025-12-09,Sev4,Capacity throttling,5,1,True,"SYNTHETIC - generated, not a business source: incident rate driven by hardware class and capacity size, independent of utilisation"
OPS00320,northcentralus-dc01-cap01,northcentralus-dc01,northcentralus,F64,GPU-class,2025-12-09,Sev3,Unplanned reboot,12,8,True,"SYNTHETIC - generated, not a business source: incident rate driven by hardware class and capacity size, independent of utilisation"
OPS00622,canadaeast-dc08-cap03,canadaeast-dc08,canadaeast,F4,AMD-highmem,2025-12-09,Sev4,Capacity throttling,2,2,True,"SYNTHETIC - generated, not a business source: incident rate driven by hardware class and capacity size, independent of utilisation"
OPS00651,canadaeast-dc10-cap02,canadaeast-dc10,canadaeast,F64,AMD-highmem,2025-12-09,Sev2,Node unresponsive,123,7,True,"SYNTHETIC - generated, not a business source: incident rate driven by hardware class and capacity size, independent of utilisation"
OPS00848,uksouth-dc09-cap01,uksouth-dc09,uksouth,F128,AMD-highmem,2025-12-09,Sev4,Memory pressure,5,8,True,"SYNTHETIC - generated, not a business source: incident rate driven by hardware class and capacity size, independent of utilisation"
OPS00531,canadacentral-dc07-cap02,canadacentral-dc07,canadacentral,F128,AMD-standard,2025-12-09,Sev4,Capacity throttling,5,2,True,"SYNTHETIC - generated, not a business source: incident rate driven by hardware class and capacity size, independent of utilisation"
OPS00630,canadaeast-dc09-cap01,canadaeast-dc09,canadaeast,F128,AMD-highmem,2025-12-10,Sev1,Unplanned reboot,182,6,True,"SYNTHETIC - generated, not a business source: incident rate driven by hardware class and capacity size, independent of utilisation"
OPS00226,centralindia-dc10-cap01,centralindia-dc10,centralindia,F64,Intel-highmem,2025-12-10,Sev3,Network partition,40,3,True,"SYNTHETIC - generated, not a business source: incident rate driven by hardware class and capacity size, independent of utilisation"
OPS00084,southcentralus-dc07-cap02,southcentralus-dc07,southcentralus,F8,Intel-highmem,2025-12-10,Sev3,Memory pressure,42,4,True,"SYNTHETIC - generated, not a business source: incident rate driven by hardware class and capacity size, independent of utilisation"
OPS00678,eastus2-dc02-cap02,eastus2-dc02,eastus2,F16,AMD-highmem,2025-12-11,Sev3,Capacity throttling,27,5,True,"SYNTHETIC - generated, not a business source: incident rate driven by hardware class and capacity size, independent of utilisation"
OPS00834,uksouth-dc08-cap01,uksouth-dc08,uksouth,F128,AMD-highmem,2025-12-11,Sev4,Storage latency,11,5,True,"SYNTHETIC - generated, not a business source: incident rate driven by hardware class and capacity size, independent of utilisation"
OPS00945,northeurope-dc01-cap01,northeurope-dc01,northeurope,F64,AMD-highmem,2025-12-11,Sev1,Unplanned reboot,92,8,True,"SYNTHETIC - generated, not a business source: incident rate driven by hardware class and capacity size, independent of utilisation"
OPS00490,canadacentral-dc04-cap01,canadacentral-dc04,canadacentral,F128,AMD-highmem,2025-12-11,Sev2,Memory pressure,163,7,True,"SYNTHETIC - generated, not a business source: incident rate driven by hardware class and capacity size, independent of utilisation"
OPS00281,westeurope-dc08-cap01,westeurope-dc08,westeurope,F16,AMD-highmem,2025-12-11,Sev2,Unplanned reboot,21,4,True,"SYNTHETIC - generated, not a business source: incident rate driven by hardware class and capacity size, independent of utilisation"
OPS00063,southcentralus-dc05-cap01,southcentralus-dc05,southcentralus,F64,Intel-standard,2025-12-11,Sev2,Node unresponsive,65,5,True,"SYNTHETIC - generated, not a business source: incident rate driven by hardware class and capacity size, independent of utilisation"
OPS00652,canadaeast-dc10-cap04,canadaeast-dc10,canadaeast,F16,AMD-highmem,2025-12-11,Sev4,Unplanned reboot,2,3,True,"SYNTHETIC - generated, not a business source: incident rate driven by hardware class and capacity size, independent of utilisation"
OPS00742,uksouth-dc01-cap02,uksouth-dc01,uksouth,F64,AMD-standard,2025-12-12,Sev1,Unplanned reboot,209,6,True,"SYNTHETIC - generated, not a business source: incident rate driven by hardware class and capacity size, independent of utilisation"
OPS00563,canadacentral-dc10-cap01,canadacentral-dc10,canadacentral,F128,AMD-highmem,2025-12-12,Sev2,Storage latency,20,3,True,"SYNTHETIC - generated, not a business source: incident rate driven by hardware class and capacity size, independent of utilisation"
OPS00793,uksouth-dc06-cap05,uksouth-dc06,uksouth,F4,AMD-highmem,2025-12-12,Sev2,Node unresponsive,157,4,True,"SYNTHETIC - generated, not a business source: incident rate driven by hardware class and capacity size, independent of utilisation"
OPS00482,canadacentral-dc03-cap02,canadacentral-dc03,canadacentral,F64,AMD-highmem,2025-12-12,Sev3,Unplanned reboot,33,4,True,"SYNTHETIC - generated, not a business source: incident rate driven by hardware class and capacity size, independent of utilisation"
OPS00062,southcentralus-dc05-cap01,southcentralus-dc05,southcentralus,F64,Intel-standard,2025-12-12,Sev3,Storage latency,16,5,True,"SYNTHETIC - generated, not a business source: incident rate driven by hardware class and capacity size, independent of utilisation"
OPS00252,westeurope-dc01-cap04,westeurope-dc01,westeurope,F2,GPU-class,2025-12-12,Sev4,Unplanned reboot,8,4,True,"SYNTHETIC - generated, not a business source: incident rate driven by hardware class and capacity size, independent of utilisation"
OPS00540,canadacentral-dc07-cap04,canadacentral-dc07,canadacentral,F8,AMD-standard,2025-12-13,Sev3,Node unresponsive,26,6,True,"SYNTHETIC - generated, not a business source: incident rate driven by hardware class and capacity size, independent of utilisation"
OPS00435,northcentralus-dc10-cap01,northcentralus-dc10,northcentralus,F128,GPU-class,2025-12-13,Sev2,Storage latency,72,7,True,"SYNTHETIC - generated, not a business source: incident rate driven by hardware class and capacity size, independent of utilisation"
OPS00494,canadacentral-dc04-cap03,canadacentral-dc04,canadacentral,F8,AMD-highmem,2025-12-13,Sev4,Capacity throttling,13,1,True,"SYNTHETIC - generated, not a business source: incident rate driven by hardware class and capacity size, independent of utilisation"
OPS00543,canadacentral-dc08-cap01,canadacentral-dc08,canadacentral,F128,AMD-highmem,2025-12-13,Sev4,Memory pressure,10,5,True,"SYNTHETIC - generated, not a business source: incident rate driven by hardware class and capacity size, independent of utilisation"
OPS00529,canadacentral-dc07-cap02,canadacentral-dc07,canadacentral,F128,AMD-standard,2025-12-13,Sev3,Node unresponsive,34,3,True,"SYNTHETIC - generated, not a business source: incident rate driven by hardware class and capacity size, independent of utilisation"
OPS00617,canadaeast-dc08-cap01,canadaeast-dc08,canadaeast,F128,AMD-highmem,2025-12-13,Sev3,Node unresponsive,12,1,True,"SYNTHETIC - generated, not a business source: incident rate driven by hardware class and capacity size, independent of utilisation"
OPS00302,westeurope-dc10-cap01,westeurope-dc10,westeurope,F128,GPU-class,2025-12-14,Sev3,Unplanned reboot,51,2,True,"SYNTHETIC - generated, not a business source: incident rate driven by hardware class and capacity size, independent of utilisation"
OPS00634,canadaeast-dc09-cap04,canadaeast-dc09,canadaeast,F4,AMD-highmem,2025-12-14,Sev3,Memory pressure,49,8,True,"SYNTHETIC - generated, not a business source: incident rate driven by hardware class and capacity size, independent of utilisation"
OPS00020,southcentralus-dc01-cap03,southcentralus-dc01,southcentralus,F8,Intel-highmem,2025-12-14,Sev1,Memory pressure,208,5,True,"SYNTHETIC - generated, not a business source: incident rate driven by hardware class and capacity size, independent of utilisation"
OPS00606,canadaeast-dc06-cap02,canadaeast-dc06,canadaeast,F64,AMD-highmem,2025-12-15,Sev1,Network partition,129,8,True,"SYNTHETIC - generated, not a business source: incident rate driven by hardware class and capacity size, independent of utilisation"
OPS00280,westeurope-dc08-cap01,westeurope-dc08,westeurope,F16,AMD-highmem,2025-12-15,Sev4,Capacity throttling,14,5,True,"SYNTHETIC - generated, not a business source: incident rate driven by hardware class and capacity size, independent of utilisation"
OPS00688,eastus2-dc04-cap01,eastus2-dc04,eastus2,F128,AMD-highmem,2025-12-15,Sev1,Network partition,291,8,True,"SYNTHETIC - generated, not a business source: incident rate driven by hardware class and capacity size, independent of utilisation"
OPS00300,westeurope-dc10-cap01,westeurope-dc10,westeurope,F128,GPU-class,2025-12-15,Sev2,Capacity throttling,76,8,True,"SYNTHETIC - generated, not a business source: incident rate driven by hardware class and capacity size, independent of utilisation"
OPS00188,centralindia-dc06-cap03,centralindia-dc06,centralindia,F2,Intel-highmem,2025-12-15,Sev4,Capacity throttling,11,4,True,"SYNTHETIC - generated, not a business source: incident rate driven by hardware class and capacity size, independent of utilisation"
OPS00065,southcentralus-dc05-cap02,southcentralus-dc05,southcentralus,F4,Intel-standard,2025-12-15,Sev2,Unplanned reboot,154,3,True,"SYNTHETIC - generated, not a business source: incident rate driven by hardware class and capacity size, independent of utilisation"
OPS00399,northcentralus-dc09-cap01,northcentralus-dc09,northcentralus,F256,GPU-class,2025-12-15,Sev2,Node unresponsive,138,4,True,"SYNTHETIC - generated, not a business source: incident rate driven by hardware class and capacity size, independent of utilisation"
OPS00758,uksouth-dc03-cap02,uksouth-dc03,uksouth,F64,AMD-highmem,2025-12-15,Sev3,Unplanned reboot,7,2,True,"SYNTHETIC - generated, not a business source: incident rate driven by hardware class and capacity size, independent of utilisation"
OPS00040,southcentralus-dc03-cap01,southcentralus-dc03,southcentralus,F32,Intel-standard,2025-12-15,Sev3,Node unresponsive,33,1,True,"SYNTHETIC - generated, not a business source: incident rate driven by hardware class and capacity size, independent of utilisation"
OPS00192,centralindia-dc07-cap01,centralindia-dc07,centralindia,F16,Intel-standard,2025-12-15,Sev3,Capacity throttling,17,2,True,"SYNTHETIC - generated, not a business source: incident rate driven by hardware class and capacity size, independent of utilisation"
OPS00593,canadaeast-dc05-cap01,canadaeast-dc05,canadaeast,F64,AMD-highmem,2025-12-16,Sev2,Unplanned reboot,113,2,True,"SYNTHETIC - generated, not a business source: incident rate driven by hardware class and capacity size, independent of utilisation"
OPS00336,northcentralus-dc02-cap02,northcentralus-dc02,northcentralus,F8,GPU-class,2025-12-16,Sev4,Node unresponsive,8,8,True,"SYNTHETIC - generated, not a business source: incident rate driven by hardware class and capacity size, independent of utilisation"
OPS00774,uksouth-dc05-cap04,uksouth-dc05,uksouth,F4,AMD-highmem,2025-12-16,Sev3,Network partition,5,4,True,"SYNTHETIC - generated, not a business source: incident rate driven by hardware class and capacity size, independent of utilisation"
OPS00835,uksouth-dc08-cap01,uksouth-dc08,uksouth,F128,AMD-highmem,2025-12-16,Sev3,Storage latency,24,8,True,"SYNTHETIC - generated, not a business source: incident rate driven by hardware class and capacity size, independent of utilisation"
OPS00464,canadacentral-dc02-cap01,canadacentral-dc02,canadacentral,F128,AMD-standard,2025-12-16,Sev3,Capacity throttling,38,1,True,"SYNTHETIC - generated, not a business source: incident rate driven by hardware class and capacity size, independent of utilisation"
OPS00691,eastus2-dc04-cap02,eastus2-dc04,eastus2,F16,AMD-highmem,2025-12-16,Sev4,Unplanned reboot,10,1,True,"SYNTHETIC - generated, not a business source: incident rate driven by hardware class and capacity size, independent of utilisation"
OPS00636,canadaeast-dc09-cap05,canadaeast-dc09,canadaeast,F2,AMD-highmem,2025-12-16,Sev1,Capacity throttling,166,8,True,"SYNTHETIC - generated, not a business source: incident rate driven by hardware class and capacity size, independent of utilisation"
OPS00100,southcentralus-dc09-cap01,southcentralus-dc09,southcentralus,F16,Intel-standard,2025-12-16,Sev2,Memory pressure,145,6,True,"SYNTHETIC - generated, not a business source: incident rate driven by hardware class and capacity size, independent of utilisation"
OPS00737,uksouth-dc01-cap01,uksouth-dc01,uksouth,F128,AMD-standard,2025-12-16,Sev3,Unplanned reboot,31,3,True,"SYNTHETIC - generated, not a business source: incident rate driven by hardware class and capacity size, independent of utilisation"
OPS00780,uksouth-dc06-cap01,uksouth-dc06,uksouth,F128,AMD-highmem,2025-12-16,Sev4,Capacity throttling,2,5,True,"SYNTHETIC - generated, not a business source: incident rate driven by hardware class and capacity size, independent of utilisation"
OPS00626,canadaeast-dc09-cap01,canadaeast-dc09,canadaeast,F128,AMD-highmem,2025-12-17,Sev3,Storage latency,55,5,True,"SYNTHETIC - generated, not a business source: incident rate driven by hardware class and capacity size, independent of utilisation"
OPS00292,westeurope-dc10-cap01,westeurope-dc10,westeurope,F128,GPU-class,2025-12-17,Sev4,Network partition,2,6,True,"SYNTHETIC - generated, not a business source: incident rate driven by hardware class and capacity size, independent of utilisation"
OPS00473,canadacentral-dc02-cap05,canadacentral-dc02,canadacentral,F4,AMD-standard,2025-12-17,Sev3,Node unresponsive,42,7,True,"SYNTHETIC - generated, not a business source: incident rate driven by hardware class and capacity size, independent of utilisation"
OPS00157,centralindia-dc04-cap03,centralindia-dc04,centralindia,F4,Intel-highmem,2025-12-17,Sev4,Unplanned reboot,14,8,True,"SYNTHETIC - generated, not a business source: incident rate driven by hardware class and capacity size, independent of utilisation"
OPS00461,canadacentral-dc02-cap01,canadacentral-dc02,canadacentral,F128,AMD-standard,2025-12-18,Sev1,Node unresponsive,182,7,True,"SYNTHETIC - generated, not a business source: incident rate driven by hardware class and capacity size, independent of utilisation"
OPS00001,southcentralus-dc01-cap01,southcentralus-dc01,southcentralus,F64,Intel-highmem,2025-12-18,Sev3,Unplanned reboot,29,2,True,"SYNTHETIC - generated, not a business source: incident rate driven by hardware class and capacity size, independent of utilisation"
OPS00328,northcentralus-dc02-cap01,northcentralus-dc02,northcentralus,F64,GPU-class,2025-12-18,Sev3,Capacity throttling,59,5,True,"SYNTHETIC - generated, not a business source: incident rate driven by hardware class and capacity size, independent of utilisation"
OPS00147,centralindia-dc04-cap02,centralindia-dc04,centralindia,F16,Intel-highmem,2025-12-18,Sev4,Unplanned reboot,6,1,True,"SYNTHETIC - generated, not a business source: incident rate driven by hardware class and capacity size, independent of utilisation"
OPS00616,canadaeast-dc08-cap01,canadaeast-dc08,canadaeast,F128,AMD-highmem,2025-12-18,Sev3,Memory pressure,39,2,True,"SYNTHETIC - generated, not a business source: incident rate driven by hardware class and capacity size, independent of utilisation"
OPS00811,uksouth-dc07-cap01,uksouth-dc07,uksouth,F256,AMD-standard,2025-12-19,Sev2,Storage latency,136,7,True,"SYNTHETIC - generated, not a business source: incident rate driven by hardware class and capacity size, independent of utilisation"
OPS00736,uksouth-dc01-cap01,uksouth-dc01,uksouth,F128,AMD-standard,2025-12-19,Sev3,Node unresponsive,42,5,True,"SYNTHETIC - generated, not a business source: incident rate driven by hardware class and capacity size, independent of utilisation"
OPS00578,canadaeast-dc03-cap01,canadaeast-dc03,canadaeast,F128,AMD-standard,2025-12-19,Sev3,Capacity throttling,58,2,True,"SYNTHETIC - generated, not a business source: incident rate driven by hardware class and capacity size, independent of utilisation"
OPS00528,canadacentral-dc07-cap02,canadacentral-dc07,canadacentral,F128,AMD-standard,2025-12-20,Sev2,Node unresponsive,52,3,True,"SYNTHETIC - generated, not a business source: incident rate driven by hardware class and capacity size, independent of utilisation"
OPS00064,southcentralus-dc05-cap02,southcentralus-dc05,southcentralus,F4,Intel-standard,2025-12-20,Sev3,Node unresponsive,31,8,True,"SYNTHETIC - generated, not a business source: incident rate driven by hardware class and capacity size, independent of utilisation"
OPS00091,southcentralus-dc08-cap01,southcentralus-dc08,southcentralus,F8,Intel-standard,2025-12-20,Sev3,Memory pressure,5,1,True,"SYNTHETIC - generated, not a business source: incident rate driven by hardware class and capacity size, independent of utilisation"
OPS00164,centralindia-dc05-cap01,centralindia-dc05,centralindia,F16,Intel-highmem,2025-12-20,Sev4,Memory pressure,2,6,True,"SYNTHETIC - generated, not a business source: incident rate driven by hardware class and capacity size, independent of utilisation"
OPS00241,westeurope-dc01-cap01,westeurope-dc01,westeurope,F16,GPU-class,2025-12-20,Sev3,Network partition,30,6,True,"SYNTHETIC - generated, not a business source: incident rate driven by hardware class and capacity size, independent of utilisation"
OPS00312,westeurope-dc10-cap03,westeurope-dc10,westeurope,F32,GPU-class,2025-12-20,Sev4,Storage latency,3,1,True,"SYNTHETIC - generated, not a business source: incident rate driven by hardware class and capacity size, independent of utilisation"
OPS00699,eastus2-dc06-cap03,eastus2-dc06,eastus2,F2,AMD-highmem,2025-12-20,Sev4,Capacity throttling,4,3,True,"SYNTHETIC - generated, not a business source: incident rate driven by hardware class and capacity size, independent of utilisation"
OPS00779,uksouth-dc06-cap01,uksouth-dc06,uksouth,F128,AMD-highmem,2025-12-21,Sev2,Node unresponsive,91,7,True,"SYNTHETIC - generated, not a business source: incident rate driven by hardware class and capacity size, independent of utilisation"
OPS00781,uksouth-dc06-cap01,uksouth-dc06,uksouth,F128,AMD-highmem,2025-12-21,Sev3,Network partition,5,2,True,"SYNTHETIC - generated, not a business source: incident rate driven by hardware class and capacity size, independent of utilisation"
OPS00611,canadaeast-dc06-cap05,canadaeast-dc06,canadaeast,F4,AMD-highmem,2025-12-21,Sev4,Storage latency,11,5,True,"SYNTHETIC - generated, not a business source: incident rate driven by hardware class and capacity size, independent of utilisation"
OPS00135,centralindia-dc04-cap01,centralindia-dc04,centralindia,F32,Intel-highmem,2025-12-21,Sev2,Memory pressure,108,4,True,"SYNTHETIC - generated, not a business source: incident rate driven by hardware class and capacity size, independent of utilisation"
OPS00129,centralindia-dc02-cap01,centralindia-dc02,centralindia,F8,Intel-highmem,2025-12-21,Sev4,Network partition,14,5,True,"SYNTHETIC - generated, not a business source: incident rate driven by hardware class and capacity size, independent of utilisation"
OPS00947,northeurope-dc01-cap02,northeurope-dc01,northeurope,F2,AMD-highmem,2025-12-21,Sev2,Node unresponsive,92,5,True,"SYNTHETIC - generated, not a business source: incident rate driven by hardware class and capacity size, independent of utilisation"
OPS00344,northcentralus-dc03-cap02,northcentralus-dc03,northcentralus,F8,AMD-highmem,2025-12-21,Sev3,Capacity throttling,6,5,True,"SYNTHETIC - generated, not a business source: incident rate driven by hardware class and capacity size, independent of utilisation"
OPS00483,canadacentral-dc03-cap02,canadacentral-dc03,canadacentral,F64,AMD-highmem,2025-12-21,Sev1,Storage latency,397,5,True,"SYNTHETIC - generated, not a business source: incident rate driven by hardware class and capacity size, independent of utilisation"
OPS00050,southcentralus-dc04-cap01,southcentralus-dc04,southcentralus,F32,Intel-standard,2025-12-21,Sev2,Capacity throttling,144,3,True,"SYNTHETIC - generated, not a business source: incident rate driven by hardware class and capacity size, independent of utilisation"
OPS00786,uksouth-dc06-cap02,uksouth-dc06,uksouth,F64,AMD-highmem,2025-12-22,Sev1,Unplanned reboot,53,1,True,"SYNTHETIC - generated, not a business source: incident rate driven by hardware class and capacity size, independent of utilisation"
OPS00911,eastus-dc05-cap01,eastus-dc05,eastus,F64,AMD-standard,2025-12-22,Sev4,Node unresponsive,4,1,True,"SYNTHETIC - generated, not a business source: incident rate driven by hardware class and capacity size, independent of utilisation"
OPS00311,westeurope-dc10-cap02,westeurope-dc10,westeurope,F64,GPU-class,2025-12-22,Sev3,Network partition,48,1,True,"SYNTHETIC - generated, not a business source: incident rate driven by hardware class and capacity size, independent of utilisation"
OPS00859,uksouth-dc09-cap06,uksouth-dc09,uksouth,F2,AMD-highmem,2025-12-22,Sev3,Capacity throttling,14,6,True,"SYNTHETIC - generated, not a business source: incident rate driven by hardware class and capacity size, independent of utilisation"
OPS00669,eastus2-dc01-cap02,eastus2-dc01,eastus2,F128,AMD-highmem,2025-12-22,Sev4,Unplanned reboot,1,4,True,"SYNTHETIC - generated, not a business source: incident rate driven by hardware class and capacity size, independent of utilisation"
OPS00599,canadaeast-dc06-cap01,canadaeast-dc06,canadaeast,F128,AMD-highmem,2025-12-22,Sev3,Node unresponsive,17,1,True,"SYNTHETIC - generated, not a business source: incident rate driven by hardware class and capacity size, independent of utilisation"
OPS00862,uksouth-dc10-cap01,uksouth-dc10,uksouth,F128,AMD-highmem,2025-12-23,Sev2,Storage latency,149,4,True,"SYNTHETIC - generated, not a business source: incident rate driven by hardware class and capacity size, independent of utilisation"
OPS00800,uksouth-dc07-cap01,uksouth-dc07,uksouth,F256,AMD-standard,2025-12-23,Sev2,Memory pressure,130,1,True,"SYNTHETIC - generated, not a business source: incident rate driven by hardware class and capacity size, independent of utilisation"
OPS00672,eastus2-dc01-cap04,eastus2-dc01,eastus2,F8,AMD-highmem,2025-12-23,Sev3,Network partition,26,6,True,"SYNTHETIC - generated, not a business source: incident rate driven by hardware class and capacity size, independent of utilisation"
OPS00575,canadaeast-dc02-cap02,canadaeast-dc02,canadaeast,F4,AMD-highmem,2025-12-23,Sev3,Capacity throttling,10,5,True,"SYNTHETIC - generated, not a business source: incident rate driven by hardware class and capacity size, independent of utilisation"
OPS00501,canadacentral-dc06-cap01,canadacentral-dc06,canadacentral,F64,AMD-highmem,2025-12-23,Sev4,Capacity throttling,6,5,True,"SYNTHETIC - generated, not a business source: incident rate driven by hardware class and capacity size, independent of utilisation"
OPS00168,centralindia-dc05-cap02,centralindia-dc05,centralindia,F8,Intel-highmem,2025-12-23,Sev4,Memory pressure,3,8,True,"SYNTHETIC - generated, not a business source: incident rate driven by hardware class and capacity size, independent of utilisation"
OPS00581,canadaeast-dc03-cap01,canadaeast-dc03,canadaeast,F128,AMD-standard,2025-12-24,Sev3,Unplanned reboot,50,4,True,"SYNTHETIC - generated, not a business source: incident rate driven by hardware class and capacity size, independent of utilisation"
OPS00588,canadaeast-dc03-cap01,canadaeast-dc03,canadaeast,F128,AMD-standard,2025-12-24,Sev4,Capacity throttling,7,8,True,"SYNTHETIC - generated, not a business source: incident rate driven by hardware class and capacity size, independent of utilisation"
OPS00293,westeurope-dc10-cap01,westeurope-dc10,westeurope,F128,GPU-class,2025-12-24,Sev2,Network partition,28,7,True,"SYNTHETIC - generated, not a business source: incident rate driven by hardware class and capacity size, independent of utilisation"
OPS00438,northcentralus-dc10-cap01,northcentralus-dc10,northcentralus,F128,GPU-class,2025-12-24,Sev3,Network partition,41,7,True,"SYNTHETIC - generated, not a business source: incident rate driven by hardware class and capacity size, independent of utilisation"
OPS00788,uksouth-dc06-cap02,uksouth-dc06,uksouth,F64,AMD-highmem,2025-12-24,Sev2,Capacity throttling,29,8,True,"SYNTHETIC - generated, not a business source: incident rate driven by hardware class and capacity size, independent of utilisation"
OPS00650,canadaeast-dc10-cap02,canadaeast-dc10,canadaeast,F64,AMD-highmem,2025-12-24,Sev4,Memory pressure,5,8,True,"SYNTHETIC - generated, not a business source: incident rate driven by hardware class and capacity size, independent of utilisation"
OPS00271,westeurope-dc06-cap02,westeurope-dc06,westeurope,F4,GPU-class,2025-12-25,Sev2,Node unresponsive,176,7,True,"SYNTHETIC - generated, not a business source: incident rate driven by hardware class and capacity size, independent of utilisation"
OPS00723,eastus2-dc10-cap01,eastus2-dc10,eastus2,F32,AMD-standard,2025-12-25,Sev1,Capacity throttling,162,2,True,"SYNTHETIC - generated, not a business source: incident rate driven by hardware class and capacity size, independent of utilisation"
OPS00457,canadacentral-dc02-cap01,canadacentral-dc02,canadacentral,F128,AMD-standard,2025-12-25,Sev4,Capacity throttling,6,8,True,"SYNTHETIC - generated, not a business source: incident rate driven by hardware class and capacity size, independent of utilisation"
OPS00725,eastus2-dc10-cap01,eastus2-dc10,eastus2,F32,AMD-standard,2025-12-26,Sev4,Capacity throttling,8,5,True,"SYNTHETIC - generated, not a business source: incident rate driven by hardware class and capacity size, independent of utilisation"
OPS00031,southcentralus-dc02-cap01,southcentralus-dc02,southcentralus,F32,Intel-highmem,2025-12-26,Sev4,Unplanned reboot,3,2,True,"SYNTHETIC - generated, not a business source: incident rate driven by hardware class and capacity size, independent of utilisation"
OPS00467,canadacentral-dc02-cap02,canadacentral-dc02,canadacentral,F64,AMD-standard,2025-12-26,Sev3,Memory pressure,33,7,True,"SYNTHETIC - generated, not a business source: incident rate driven by hardware class and capacity size, independent of utilisation"
OPS00086,southcentralus-dc07-cap03,southcentralus-dc07,southcentralus,F4,Intel-highmem,2025-12-26,Sev3,Capacity throttling,31,4,True,"SYNTHETIC - generated, not a business source: incident rate driven by hardware class and capacity size, independent of utilisation"
OPS00772,uksouth-dc05-cap04,uksouth-dc05,uksouth,F4,AMD-highmem,2025-12-26,Sev4,Capacity throttling,8,4,True,"SYNTHETIC - generated, not a business source: incident rate driven by hardware class and capacity size, independent of utilisation"
OPS00703,eastus2-dc07-cap04,eastus2-dc07,eastus2,F2,AMD-highmem,2025-12-26,Sev4,Storage latency,1,2,True,"SYNTHETIC - generated, not a business source: incident rate driven by hardware class and capacity size, independent of utilisation"
OPS00227,centralindia-dc10-cap01,centralindia-dc10,centralindia,F64,Intel-highmem,2025-12-26,Sev2,Storage latency,40,6,True,"SYNTHETIC - generated, not a business source: incident rate driven by hardware class and capacity size, independent of utilisation"
OPS00773,uksouth-dc05-cap04,uksouth-dc05,uksouth,F4,AMD-highmem,2025-12-27,Sev3,Unplanned reboot,14,6,True,"SYNTHETIC - generated, not a business source: incident rate driven by hardware class and capacity size, independent of utilisation"
OPS00512,canadacentral-dc07-cap01,canadacentral-dc07,canadacentral,F128,AMD-standard,2025-12-27,Sev1,Storage latency,133,7,True,"SYNTHETIC - generated, not a business source: incident rate driven by hardware class and capacity size, independent of utilisation"
OPS00640,canadaeast-dc10-cap01,canadaeast-dc10,canadaeast,F128,AMD-highmem,2025-12-28,Sev3,Node unresponsive,48,3,True,"SYNTHETIC - generated, not a business source: incident rate driven by hardware class and capacity size, independent of utilisation"
OPS00958,northeurope-dc07-cap01,northeurope-dc07,northeurope,F32,AMD-standard,2025-12-28,Sev4,Storage latency,2,8,True,"SYNTHETIC - generated, not a business source: incident rate driven by hardware class and capacity size, independent of utilisation"
OPS00570,canadaeast-dc01-cap03,canadaeast-dc01,canadaeast,F4,AMD-highmem,2025-12-28,Sev4,Network partition,1,3,True,"SYNTHETIC - generated, not a business source: incident rate driven by hardware class and capacity size, independent of utilisation"
OPS00596,canadaeast-dc05-cap03,canadaeast-dc05,canadaeast,F4,AMD-highmem,2025-12-29,Sev4,Capacity throttling,13,2,True,"SYNTHETIC - generated, not a business source: incident rate driven by hardware class and capacity size, independent of utilisation"
OPS00526,canadacentral-dc07-cap02,canadacentral-dc07,canadacentral,F128,AMD-standard,2025-12-29,Sev3,Capacity throttling,6,3,True,"SYNTHETIC - generated, not a business source: incident rate driven by hardware class and capacity size, independent of utilisation"
OPS00117,southcentralus-dc10-cap04,southcentralus-dc10,southcentralus,F2,Intel-highmem,2025-12-29,Sev3,Capacity throttling,57,4,True,"SYNTHETIC - generated, not a business source: incident rate driven by hardware class and capacity size, independent of utilisation"
OPS00436,northcentralus-dc10-cap01,northcentralus-dc10,northcentralus,F128,GPU-class,2025-12-29,Sev3,Unplanned reboot,59,3,True,"SYNTHETIC - generated, not a business source: incident rate driven by hardware class and capacity size, independent of utilisation"
OPS00977,northeurope-dc10-cap03,northeurope-dc10,northeurope,F4,AMD-standard,2025-12-29,Sev3,Node unresponsive,8,4,True,"SYNTHETIC - generated, not a business source: incident rate driven by hardware class and capacity size, independent of utilisation"
OPS00417,northcentralus-dc09-cap01,northcentralus-dc09,northcentralus,F256,GPU-class,2025-12-29,Sev3,Storage latency,40,2,True,"SYNTHETIC - generated, not a business source: incident rate driven by hardware class and capacity size, independent of utilisation"
OPS00387,northcentralus-dc08-cap01,northcentralus-dc08,northcentralus,F128,AMD-highmem,2025-12-29,Sev2,Unplanned reboot,39,1,True,"SYNTHETIC - generated, not a business source: incident rate driven by hardware class and capacity size, independent of utilisation"
OPS00511,canadacentral-dc07-cap01,canadacentral-dc07,canadacentral,F128,AMD-standard,2025-12-29,Sev2,Network partition,55,4,True,"SYNTHETIC - generated, not a business source: incident rate driven by hardware class and capacity size, independent of utilisation"
OPS00046,southcentralus-dc04-cap01,southcentralus-dc04,southcentralus,F32,Intel-standard,2025-12-29,Sev4,Node unresponsive,10,6,True,"SYNTHETIC - generated, not a business source: incident rate driven by hardware class and capacity size, independent of utilisation"
OPS00633,canadaeast-dc09-cap03,canadaeast-dc09,canadaeast,F16,AMD-highmem,2025-12-29,Sev3,Storage latency,43,3,True,"SYNTHETIC - generated, not a business source: incident rate driven by hardware class and capacity size, independent of utilisation"
OPS00667,eastus2-dc01-cap02,eastus2-dc01,eastus2,F128,AMD-highmem,2025-12-30,Sev4,Capacity throttling,9,4,True,"SYNTHETIC - generated, not a business source: incident rate driven by hardware class and capacity size, independent of utilisation"
OPS00972,northeurope-dc10-cap01,northeurope-dc10,northeurope,F32,AMD-standard,2025-12-30,Sev3,Memory pressure,42,3,True,"SYNTHETIC - generated, not a business source: incident rate driven by hardware class and capacity size, independent of utilisation"
OPS00313,westeurope-dc10-cap04,westeurope-dc10,westeurope,F4,GPU-class,2025-12-30,Sev3,Node unresponsive,45,2,True,"SYNTHETIC - generated, not a business source: incident rate driven by hardware class and capacity size, independent of utilisation"
OPS00933,eastus-dc08-cap01,eastus-dc08,eastus,F64,AMD-standard,2025-12-30,Sev4,Storage latency,1,8,True,"SYNTHETIC - generated, not a business source: incident rate driven by hardware class and capacity size, independent of utilisation"
OPS00288,westeurope-dc09-cap03,westeurope-dc09,westeurope,F2,AMD-highmem,2025-12-30,Sev3,Memory pressure,40,1,True,"SYNTHETIC - generated, not a business source: incident rate driven by hardware class and capacity size, independent of utilisation"
OPS00704,eastus2-dc08-cap01,eastus2-dc08,eastus2,F128,AMD-highmem,2025-12-30,Sev4,Network partition,2,1,True,"SYNTHETIC - generated, not a business source: incident rate driven by hardware class and capacity size, independent of utilisation"
OPS00515,canadacentral-dc07-cap01,canadacentral-dc07,canadacentral,F128,AMD-standard,2025-12-30,Sev4,Node unresponsive,12,4,True,"SYNTHETIC - generated, not a business source: incident rate driven by hardware class and capacity size, independent of utilisation"
OPS00824,uksouth-dc07-cap01,uksouth-dc07,uksouth,F256,AMD-standard,2025-12-31,Sev2,Network partition,106,1,True,"SYNTHETIC - generated, not a business source: incident rate driven by hardware class and capacity size, independent of utilisation"
OPS00484,canadacentral-dc04-cap01,canadacentral-dc04,canadacentral,F128,AMD-highmem,2025-12-31,Sev3,Memory pressure,59,7,True,"SYNTHETIC - generated, not a business source: incident rate driven by hardware class and capacity size, independent of utilisation"
OPS00646,canadaeast-dc10-cap01,canadaeast-dc10,canadaeast,F128,AMD-highmem,2025-12-31,Sev3,Node unresponsive,55,7,True,"SYNTHETIC - generated, not a business source: incident rate driven by hardware class and capacity size, independent of utilisation"
OPS00267,westeurope-dc06-cap01,westeurope-dc06,westeurope,F8,GPU-class,2025-12-31,Sev3,Unplanned reboot,8,4,True,"SYNTHETIC - generated, not a business source: incident rate driven by hardware class and capacity size, independent of utilisation"
OPS00923,eastus-dc06-cap01,eastus-dc06,eastus,F32,AMD-standard,2025-12-31,Sev2,Node unresponsive,167,5,True,"SYNTHETIC - generated, not a business source: incident rate driven by hardware class and capacity size, independent of utilisation"
OPS00459,canadacentral-dc02-cap01,canadacentral-dc02,canadacentral,F128,AMD-standard,2025-12-31,Sev4,Storage latency,2,4,True,"SYNTHETIC - generated, not a business source: incident rate driven by hardware class and capacity size, independent of utilisation"
OPS00629,canadaeast-dc09-cap01,canadaeast-dc09,canadaeast,F128,AMD-highmem,2025-12-31,Sev3,Capacity throttling,39,5,True,"SYNTHETIC - generated, not a business source: incident rate driven by hardware class and capacity size, independent of utilisation"
OPS00734,uksouth-dc01-cap01,uksouth-dc01,uksouth,F128,AMD-standard,2026-01-01,Sev3,Node unresponsive,10,1,True,"SYNTHETIC - generated, not a business source: incident rate driven by hardware class and capacity size, independent of utilisation"
OPS00118,southcentralus-dc10-cap04,southcentralus-dc10,southcentralus,F2,Intel-highmem,2026-01-01,Sev4,Node unresponsive,7,7,True,"SYNTHETIC - generated, not a business source: incident rate driven by hardware class and capacity size, independent of utilisation"
OPS00726,eastus2-dc10-cap01,eastus2-dc10,eastus2,F32,AMD-standard,2026-01-01,Sev2,Capacity throttling,72,5,True,"SYNTHETIC - generated, not a business source: incident rate driven by hardware class and capacity size, independent of utilisation"
OPS00054,southcentralus-dc04-cap02,southcentralus-dc04,southcentralus,F4,Intel-standard,2026-01-01,Sev4,Capacity throttling,12,3,True,"SYNTHETIC - generated, not a business source: incident rate driven by hardware class and capacity size, independent of utilisation"
OPS00307,westeurope-dc10-cap02,westeurope-dc10,westeurope,F64,GPU-class,2026-01-01,Sev4,Memory pressure,2,3,True,"SYNTHETIC - generated, not a business source: incident rate driven by hardware class and capacity size, independent of utilisation"
OPS00142,centralindia-dc04-cap01,centralindia-dc04,centralindia,F32,Intel-highmem,2026-01-01,Sev1,Memory pressure,319,7,True,"SYNTHETIC - generated, not a business source: incident rate driven by hardware class and capacity size, independent of utilisation"
OPS00569,canadaeast-dc01-cap03,canadaeast-dc01,canadaeast,F4,AMD-highmem,2026-01-01,Sev3,Node unresponsive,27,8,True,"SYNTHETIC - generated, not a business source: incident rate driven by hardware class and capacity size, independent of utilisation"
OPS00610,canadaeast-dc06-cap05,canadaeast-dc06,canadaeast,F4,AMD-highmem,2026-01-01,Sev3,Unplanned reboot,26,3,True,"SYNTHETIC - generated, not a business source: incident rate driven by hardware class and capacity size, independent of utilisation"
OPS00381,northcentralus-dc06-cap01,northcentralus-dc06,northcentralus,F128,GPU-class,2026-01-01,Sev4,Storage latency,9,4,True,"SYNTHETIC - generated, not a business source: incident rate driven by hardware class and capacity size, independent of utilisation"
OPS00939,eastus-dc10-cap03,eastus-dc10,eastus,F8,AMD-highmem,2026-01-01,Sev3,Capacity throttling,17,1,True,"SYNTHETIC - generated, not a business source: incident rate driven by hardware class and capacity size, independent of utilisation"
OPS00544,canadacentral-dc08-cap01,canadacentral-dc08,canadacentral,F128,AMD-highmem,2026-01-02,Sev3,Network partition,48,5,True,"SYNTHETIC - generated, not a business source: incident rate driven by hardware class and capacity size, independent of utilisation"
OPS00017,southcentralus-dc01-cap03,southcentralus-dc01,southcentralus,F8,Intel-highmem,2026-01-02,Sev3,Storage latency,56,8,True,"SYNTHETIC - generated, not a business source: incident rate driven by hardware class and capacity size, independent of utilisation"
OPS00160,centralindia-dc04-cap03,centralindia-dc04,centralindia,F4,Intel-highmem,2026-01-02,Sev4,Capacity throttling,14,3,True,"SYNTHETIC - generated, not a business source: incident rate driven by hardware class and capacity size, independent of utilisation"
OPS00870,westus2-dc01-cap03,westus2-dc01,westus2,F4,AMD-standard,2026-01-02,Sev2,Memory pressure,176,6,True,"SYNTHETIC - generated, not a business source: incident rate driven by hardware class and capacity size, independent of utilisation"
OPS00255,westeurope-dc02-cap01,westeurope-dc02,westeurope,F64,AMD-highmem,2026-01-02,Sev4,Memory pressure,12,1,True,"SYNTHETIC - generated, not a business source: incident rate driven by hardware class and capacity size, independent of utilisation"
OPS00738,uksouth-dc01-cap01,uksouth-dc01,uksouth,F128,AMD-standard,2026-01-02,Sev3,Storage latency,22,2,True,"SYNTHETIC - generated, not a business source: incident rate driven by hardware class and capacity size, independent of utilisation"
OPS00755,uksouth-dc03-cap01,uksouth-dc03,uksouth,F128,AMD-highmem,2026-01-03,Sev3,Storage latency,24,6,True,"SYNTHETIC - generated, not a business source: incident rate driven by hardware class and capacity size, independent of utilisation"
OPS00647,canadaeast-dc10-cap02,canadaeast-dc10,canadaeast,F64,AMD-highmem,2026-01-03,Sev3,Memory pressure,51,1,True,"SYNTHETIC - generated, not a business source: incident rate driven by hardware class and capacity size, independent of utilisation"
OPS00904,eastus-dc05-cap01,eastus-dc05,eastus,F64,AMD-standard,2026-01-03,Sev4,Unplanned reboot,4,6,True,"SYNTHETIC - generated, not a business source: incident rate driven by hardware class and capacity size, independent of utilisation"
OPS00055,southcentralus-dc04-cap02,southcentralus-dc04,southcentralus,F4,Intel-standard,2026-01-03,Sev2,Storage latency,85,4,True,"SYNTHETIC - generated, not a business source: incident rate driven by hardware class and capacity size, independent of utilisation"
OPS00929,eastus-dc08-cap01,eastus-dc08,eastus,F64,AMD-standard,2026-01-03,Sev3,Capacity throttling,30,8,True,"SYNTHETIC - generated, not a business source: incident rate driven by hardware class and capacity size, independent of utilisation"
OPS00199,centralindia-dc08-cap01,centralindia-dc08,centralindia,F8,Intel-standard,2026-01-04,Sev3,Unplanned reboot,5,3,True,"SYNTHETIC - generated, not a business source: incident rate driven by hardware class and capacity size, independent of utilisation"
OPS00573,canadaeast-dc02-cap01,canadaeast-dc02,canadaeast,F16,AMD-highmem,2026-01-04,Sev2,Network partition,41,3,True,"SYNTHETIC - generated, not a business source: incident rate driven by hardware class and capacity size, independent of utilisation"
OPS00453,canadacentral-dc01-cap01,canadacentral-dc01,canadacentral,F128,AMD-highmem,2026-01-04,Sev3,Node unresponsive,31,6,True,"SYNTHETIC - generated, not a business source: incident rate driven by hardware class and capacity size, independent of utilisation"
OPS00045,southcentralus-dc03-cap03,southcentralus-dc03,southcentralus,F2,Intel-standard,2026-01-04,Sev4,Capacity throttling,4,6,True,"SYNTHETIC - generated, not a business source: incident rate driven by hardware class and capacity size, independent of utilisation"
OPS00964,northeurope-dc08-cap02,northeurope-dc08,northeurope,F8,AMD-highmem,2026-01-04,Sev4,Node unresponsive,3,8,True,"SYNTHETIC - generated, not a business source: incident rate driven by hardware class and capacity size, independent of utilisation"
OPS00109,southcentralus-dc10-cap01,southcentralus-dc10,southcentralus,F16,Intel-highmem,2026-01-04,Sev1,Network partition,299,7,True,"SYNTHETIC - generated, not a business source: incident rate driven by hardware class and capacity size, independent of utilisation"
OPS00350,northcentralus-dc04-cap01,northcentralus-dc04,northcentralus,F64,GPU-class,2026-01-04,Sev1,Storage latency,95,1,True,"SYNTHETIC - generated, not a business source: incident rate driven by hardware class and capacity size, independent of utilisation"
OPS00522,canadacentral-dc07-cap01,canadacentral-dc07,canadacentral,F128,AMD-standard,2026-01-05,Sev3,Storage latency,52,5,True,"SYNTHETIC - generated, not a business source: incident rate driven by hardware class and capacity size, independent of utilisation"
OPS00218,centralindia-dc10-cap01,centralindia-dc10,centralindia,F64,Intel-highmem,2026-01-05,Sev3,Network partition,6,8,True,"SYNTHETIC - generated, not a business source: incident rate driven by hardware class and capacity size, independent of utilisation"
OPS00229,centralindia-dc10-cap02,centralindia-dc10,centralindia,F4,Intel-highmem,2026-01-05,Sev3,Node unresponsive,31,8,True,"SYNTHETIC - generated, not a business source: incident rate driven by hardware class and capacity size, independent of utilisation"
OPS00849,uksouth-dc09-cap01,uksouth-dc09,uksouth,F128,AMD-highmem,2026-01-05,Sev3,Capacity throttling,5,5,True,"SYNTHETIC - generated, not a business source: incident rate driven by hardware class and capacity size, independent of utilisation"
OPS00942,eastus-dc10-cap04,eastus-dc10,eastus,F4,AMD-highmem,2026-01-05,Sev4,Unplanned reboot,12,3,True,"SYNTHETIC - generated, not a business source: incident rate driven by hardware class and capacity size, independent of utilisation"
OPS00934,eastus-dc08-cap01,eastus-dc08,eastus,F64,AMD-standard,2026-01-05,Sev3,Network partition,37,4,True,"SYNTHETIC - generated, not a business source: incident rate driven by hardware class and capacity size, independent of utilisation"
OPS00910,eastus-dc05-cap01,eastus-dc05,eastus,F64,AMD-standard,2026-01-06,Sev3,Node unresponsive,5,2,True,"SYNTHETIC - generated, not a business source: incident rate driven by hardware class and capacity size, independent of utilisation"
OPS00883,westus2-dc04-cap03,westus2-dc04,westus2,F2,AMD-standard,2026-01-06,Sev4,Capacity throttling,2,7,True,"SYNTHETIC - generated, not a business source: incident rate driven by hardware class and capacity size, independent of utilisation"
OPS00763,uksouth-dc03-cap04,uksouth-dc03,uksouth,F8,AMD-highmem,2026-01-06,Sev3,Capacity throttling,15,6,True,"SYNTHETIC - generated, not a business source: incident rate driven by hardware class and capacity size, independent of utilisation"
OPS00437,northcentralus-dc10-cap01,northcentralus-dc10,northcentralus,F128,GPU-class,2026-01-06,Sev4,Capacity throttling,5,4,True,"SYNTHETIC - generated, not a business source: incident rate driven by hardware class and capacity size, independent of utilisation"
OPS00282,westeurope-dc08-cap02,westeurope-dc08,westeurope,F4,AMD-highmem,2026-01-06,Sev3,Memory pressure,43,3,True,"SYNTHETIC - generated, not a business source: incident rate driven by hardware class and capacity size, independent of utilisation"
OPS00689,eastus2-dc04-cap01,eastus2-dc04,eastus2,F128,AMD-highmem,2026-01-06,Sev3,Storage latency,54,1,True,"SYNTHETIC - generated, not a business source: incident rate driven by hardware class and capacity size, independent of utilisation"
OPS00556,canadacentral-dc09-cap01,canadacentral-dc09,canadacentral,F128,AMD-highmem,2026-01-06,Sev2,Node unresponsive,137,4,True,"SYNTHETIC - generated, not a business source: incident rate driven by hardware class and capacity size, independent of utilisation"
OPS00585,canadaeast-dc03-cap01,canadaeast-dc03,canadaeast,F128,AMD-standard,2026-01-06,Sev3,Network partition,20,5,True,"SYNTHETIC - generated, not a business source: incident rate driven by hardware class and capacity size, independent of utilisation"
OPS00680,eastus2-dc02-cap02,eastus2-dc02,eastus2,F16,AMD-highmem,2026-01-06,Sev4,Node unresponsive,1,3,True,"SYNTHETIC - generated, not a business source: incident rate driven by hardware class and capacity size, independent of utilisation"
OPS00949,northeurope-dc02-cap01,northeurope-dc02,northeurope,F32,AMD-highmem,2026-01-06,Sev4,Unplanned reboot,13,2,True,"SYNTHETIC - generated, not a business source: incident rate driven by hardware class and capacity size, independent of utilisation"
OPS00448,canadacentral-dc01-cap01,canadacentral-dc01,canadacentral,F128,AMD-highmem,2026-01-07,Sev3,Memory pressure,11,5,True,"SYNTHETIC - generated, not a business source: incident rate driven by hardware class and capacity size, independent of utilisation"
OPS00022,southcentralus-dc01-cap03,southcentralus-dc01,southcentralus,F8,Intel-highmem,2026-01-07,Sev2,Capacity throttling,38,8,True,"SYNTHETIC - generated, not a business source: incident rate driven by hardware class and capacity size, independent of utilisation"
OPS00424,northcentralus-dc09-cap02,northcentralus-dc09,northcentralus,F64,GPU-class,2026-01-07,Sev3,Node unresponsive,10,7,True,"SYNTHETIC - generated, not a business source: incident rate driven by hardware class and capacity size, independent of utilisation"
OPS00395,northcentralus-dc08-cap02,northcentralus-dc08,northcentralus,F4,AMD-highmem,2026-01-08,Sev3,Capacity throttling,54,8,True,"SYNTHETIC - generated, not a business source: incident rate driven by hardware class and capacity size, independent of utilisation"
OPS00782,uksouth-dc06-cap01,uksouth-dc06,uksouth,F128,AMD-highmem,2026-01-08,Sev3,Node unresponsive,8,2,True,"SYNTHETIC - generated, not a business source: incident rate driven by hardware class and capacity size, independent of utilisation"
OPS00516,canadacentral-dc07-cap01,canadacentral-dc07,canadacentral,F128,AMD-standard,2026-01-08,Sev4,Node unresponsive,11,3,True,"SYNTHETIC - generated, not a business source: incident rate driven by hardware class and capacity size, independent of utilisation"
OPS00514,canadacentral-dc07-cap01,canadacentral-dc07,canadacentral,F128,AMD-standard,2026-01-08,Sev2,Node unresponsive,33,4,True,"SYNTHETIC - generated, not a business source: incident rate driven by hardware class and capacity size, independent of utilisation"
OPS00039,southcentralus-dc03-cap01,southcentralus-dc03,southcentralus,F32,Intel-standard,2026-01-08,Sev3,Capacity throttling,43,3,True,"SYNTHETIC - generated, not a business source: incident rate driven by hardware class and capacity size, independent of utilisation"
OPS00237,centralindia-dc10-cap03,centralindia-dc10,centralindia,F2,Intel-highmem,2026-01-09,Sev3,Storage latency,42,8,True,"SYNTHETIC - generated, not a business source: incident rate driven by hardware class and capacity size, independent of utilisation"
OPS00891,westus2-dc07-cap01,westus2-dc07,westus2,F64,AMD-highmem,2026-01-09,Sev3,Network partition,39,5,True,"SYNTHETIC - generated, not a business source: incident rate driven by hardware class and capacity size, independent of utilisation"
OPS00661,eastus2-dc01-cap01,eastus2-dc01,eastus2,F256,AMD-highmem,2026-01-09,Sev4,Memory pressure,11,1,True,"SYNTHETIC - generated, not a business source: incident rate driven by hardware class and capacity size, independent of utilisation"
OPS00665,eastus2-dc01-cap02,eastus2-dc01,eastus2,F128,AMD-highmem,2026-01-09,Sev3,Network partition,13,3,True,"SYNTHETIC - generated, not a business source: incident rate driven by hardware class and capacity size, independent of utilisation"
OPS00079,southcentralus-dc07-cap01,southcentralus-dc07,southcentralus,F16,Intel-highmem,2026-01-10,Sev2,Node unresponsive,57,1,True,"SYNTHETIC - generated, not a business source: incident rate driven by hardware class and capacity size, independent of utilisation"
OPS00893,westus2-dc09-cap01,westus2-dc09,westus2,F16,AMD-standard,2026-01-10,Sev1,Network partition,78,6,True,"SYNTHETIC - generated, not a business source: incident rate driven by hardware class and capacity size, independent of utilisation"
OPS00847,uksouth-dc08-cap02,uksouth-dc08,uksouth,F64,AMD-highmem,2026-01-10,Sev3,Node unresponsive,20,2,True,"SYNTHETIC - generated, not a business source: incident rate driven by hardware class and capacity size, independent of utilisation"
OPS00412,northcentralus-dc09-cap01,northcentralus-dc09,northcentralus,F256,GPU-class,2026-01-10,Sev4,Storage latency,13,6,True,"SYNTHETIC - generated, not a business source: incident rate driven by hardware class and capacity size, independent of utilisation"
OPS00592,canadaeast-dc03-cap02,canadaeast-dc03,canadaeast,F8,AMD-standard,2026-01-10,Sev3,Capacity throttling,39,8,True,"SYNTHETIC - generated, not a business source: incident rate driven by hardware class and capacity size, independent of utilisation"
OPS00400,northcentralus-dc09-cap01,northcentralus-dc09,northcentralus,F256,GPU-class,2026-01-10,Sev3,Storage latency,18,8,True,"SYNTHETIC - generated, not a business source: incident rate driven by hardware class and capacity size, independent of utilisation"
OPS00486,canadacentral-dc04-cap01,canadacentral-dc04,canadacentral,F128,AMD-highmem,2026-01-11,Sev4,Unplanned reboot,14,4,True,"SYNTHETIC - generated, not a business source: incident rate driven by hardware class and capacity size, independent of utilisation"
OPS00708,eastus2-dc08-cap01,eastus2-dc08,eastus2,F128,AMD-highmem,2026-01-11,Sev3,Node unresponsive,19,8,True,"SYNTHETIC - generated, not a business source: incident rate driven by hardware class and capacity size, independent of utilisation"
OPS00290,westeurope-dc10-cap01,westeurope-dc10,westeurope,F128,GPU-class,2026-01-11,Sev4,Node unresponsive,9,1,True,"SYNTHETIC - generated, not a business source: incident rate driven by hardware class and capacity size, independent of utilisation"
OPS00082,southcentralus-dc07-cap02,southcentralus-dc07,southcentralus,F8,Intel-highmem,2026-01-11,Sev4,Node unresponsive,6,3,True,"SYNTHETIC - generated, not a business source: incident rate driven by hardware class and capacity size, independent of utilisation"
OPS00299,westeurope-dc10-cap01,westeurope-dc10,westeurope,F128,GPU-class,2026-01-11,Sev2,Capacity throttling,79,1,True,"SYNTHETIC - generated, not a business source: incident rate driven by hardware class and capacity size, independent of utilisation"
OPS00845,uksouth-dc08-cap02,uksouth-dc08,uksouth,F64,AMD-highmem,2026-01-12,Sev3,Unplanned reboot,53,5,True,"SYNTHETIC - generated, not a business source: incident rate driven by hardware class and capacity size, independent of utilisation"
OPS00428,northcentralus-dc09-cap03,northcentralus-dc09,northcentralus,F2,GPU-class,2026-01-12,Sev4,Node unresponsive,3,7,True,"SYNTHETIC - generated, not a business source: incident rate driven by hardware class and capacity size, independent of utilisation"
OPS00167,centralindia-dc05-cap02,centralindia-dc05,centralindia,F8,Intel-highmem,2026-01-12,Sev3,Node unresponsive,35,5,True,"SYNTHETIC - generated, not a business source: incident rate driven by hardware class and capacity size, independent of utilisation"
OPS00376,northcentralus-dc05-cap02,northcentralus-dc05,northcentralus,F32,GPU-class,2026-01-12,Sev3,Storage latency,46,4,True,"SYNTHETIC - generated, not a business source: incident rate driven by hardware class and capacity size, independent of utilisation"
OPS00052,southcentralus-dc04-cap01,southcentralus-dc04,southcentralus,F32,Intel-standard,2026-01-12,Sev1,Memory pressure,277,1,True,"SYNTHETIC - generated, not a business source: incident rate driven by hardware class and capacity size, independent of utilisation"
OPS00900,eastus-dc02-cap01,eastus-dc02,eastus,F16,AMD-standard,2026-01-12,Sev2,Node unresponsive,158,4,True,"SYNTHETIC - generated, not a business source: incident rate driven by hardware class and capacity size, independent of utilisation"
OPS00405,northcentralus-dc09-cap01,northcentralus-dc09,northcentralus,F256,GPU-class,2026-01-13,Sev1,Storage latency,395,4,True,"SYNTHETIC - generated, not a business source: incident rate driven by hardware class and capacity size, independent of utilisation"
OPS00930,eastus-dc08-cap01,eastus-dc08,eastus,F64,AMD-standard,2026-01-13,Sev2,Node unresponsive,41,5,True,"SYNTHETIC - generated, not a business source: incident rate driven by hardware class and capacity size, independent of utilisation"
OPS00373,northcentralus-dc05-cap01,northcentralus-dc05,northcentralus,F128,GPU-class,2026-01-13,Sev2,Memory pressure,38,4,True,"SYNTHETIC - generated, not a business source: incident rate driven by hardware class and capacity size, independent of utilisation"
OPS00450,canadacentral-dc01-cap01,canadacentral-dc01,canadacentral,F128,AMD-highmem,2026-01-13,Sev3,Node unresponsive,27,2,True,"SYNTHETIC - generated, not a business source: incident rate driven by hardware class and capacity size, independent of utilisation"
OPS00314,westeurope-dc10-cap04,westeurope-dc10,westeurope,F4,GPU-class,2026-01-13,Sev4,Network partition,14,7,True,"SYNTHETIC - generated, not a business source: incident rate driven by hardware class and capacity size, independent of utilisation"
OPS00873,westus2-dc02-cap01,westus2-dc02,westus2,F32,AMD-standard,2026-01-14,Sev3,Network partition,44,8,True,"SYNTHETIC - generated, not a business source: incident rate driven by hardware class and capacity size, independent of utilisation"
OPS00465,canadacentral-dc02-cap01,canadacentral-dc02,canadacentral,F128,AMD-standard,2026-01-14,Sev2,Network partition,30,3,True,"SYNTHETIC - generated, not a business source: incident rate driven by hardware class and capacity size, independent of utilisation"
OPS00209,centralindia-dc09-cap02,centralindia-dc09,centralindia,F2,Intel-highmem,2026-01-14,Sev3,Storage latency,22,1,True,"SYNTHETIC - generated, not a business source: incident rate driven by hardware class and capacity size, independent of utilisation"
OPS00386,northcentralus-dc07-cap01,northcentralus-dc07,northcentralus,F32,GPU-class,2026-01-15,Sev4,Capacity throttling,12,1,True,"SYNTHETIC - generated, not a business source: incident rate driven by hardware class and capacity size, independent of utilisation"
OPS00364,northcentralus-dc05-cap01,northcentralus-dc05,northcentralus,F128,GPU-class,2026-01-15,Sev2,Capacity throttling,70,2,True,"SYNTHETIC - generated, not a business source: incident rate driven by hardware class and capacity size, independent of utilisation"
OPS00081,southcentralus-dc07-cap01,southcentralus-dc07,southcentralus,F16,Intel-highmem,2026-01-15,Sev3,Storage latency,57,3,True,"SYNTHETIC - generated, not a business source: incident rate driven by hardware class and capacity size, independent of utilisation"
OPS00260,westeurope-dc03-cap03,westeurope-dc03,westeurope,F2,GPU-class,2026-01-15,Sev4,Capacity throttling,8,6,True,"SYNTHETIC - generated, not a business source: incident rate driven by hardware class and capacity size, independent of utilisation"
OPS00810,uksouth-dc07-cap01,uksouth-dc07,uksouth,F256,AMD-standard,2026-01-15,Sev2,Node unresponsive,108,7,True,"SYNTHETIC - generated, not a business source: incident rate driven by hardware class and capacity size, independent of utilisation"
OPS00655,eastus2-dc01-cap01,eastus2-dc01,eastus2,F256,AMD-highmem,2026-01-16,Sev2,Network partition,176,3,True,"SYNTHETIC - generated, not a business source: incident rate driven by hardware class and capacity size, independent of utilisation"
OPS00919,eastus-dc06-cap01,eastus-dc06,eastus,F32,AMD-standard,2026-01-16,Sev2,Unplanned reboot,55,7,True,"SYNTHETIC - generated, not a business source: incident rate driven by hardware class and capacity size, independent of utilisation"
OPS00177,centralindia-dc06-cap01,centralindia-dc06,centralindia,F32,Intel-highmem,2026-01-16,Sev1,Unplanned reboot,383,3,True,"SYNTHETIC - generated, not a business source: incident rate driven by hardware class and capacity size, independent of utilisation"
OPS00627,canadaeast-dc09-cap01,canadaeast-dc09,canadaeast,F128,AMD-highmem,2026-01-16,Sev4,Capacity throttling,12,1,True,"SYNTHETIC - generated, not a business source: incident rate driven by hardware class and capacity size, independent of utilisation"
OPS00210,centralindia-dc09-cap02,centralindia-dc09,centralindia,F2,Intel-highmem,2026-01-16,Sev1,Node unresponsive,312,1,True,"SYNTHETIC - generated, not a business source: incident rate driven by hardware class and capacity size, independent of utilisation"
OPS00447,northcentralus-dc10-cap02,northcentralus-dc10,northcentralus,F8,GPU-class,2026-01-16,Sev2,Capacity throttling,140,1,True,"SYNTHETIC - generated, not a business source: incident rate driven by hardware class and capacity size, independent of utilisation"
OPS00365,northcentralus-dc05-cap01,northcentralus-dc05,northcentralus,F128,GPU-class,2026-01-16,Sev3,Memory pressure,43,8,True,"SYNTHETIC - generated, not a business source: incident rate driven by hardware class and capacity size, independent of utilisation"
OPS00476,canadacentral-dc03-cap01,canadacentral-dc03,canadacentral,F128,AMD-highmem,2026-01-16,Sev1,Network partition,59,6,True,"SYNTHETIC - generated, not a business source: incident rate driven by hardware class and capacity size, independent of utilisation"
OPS00409,northcentralus-dc09-cap01,northcentralus-dc09,northcentralus,F256,GPU-class,2026-01-16,Sev2,Network partition,29,7,True,"SYNTHETIC - generated, not a business source: incident rate driven by hardware class and capacity size, independent of utilisation"
OPS00864,uksouth-dc10-cap03,uksouth-dc10,uksouth,F8,AMD-highmem,2026-01-16,Sev3,Memory pressure,19,5,True,"SYNTHETIC - generated, not a business source: incident rate driven by hardware class and capacity size, independent of utilisation"
OPS00469,canadacentral-dc02-cap02,canadacentral-dc02,canadacentral,F64,AMD-standard,2026-01-16,Sev4,Storage latency,10,7,True,"SYNTHETIC - generated, not a business source: incident rate driven by hardware class and capacity size, independent of utilisation"
OPS00105,southcentralus-dc10-cap01,southcentralus-dc10,southcentralus,F16,Intel-highmem,2026-01-17,Sev3,Node unresponsive,27,2,True,"SYNTHETIC - generated, not a business source: incident rate driven by hardware class and capacity size, independent of utilisation"
OPS00044,southcentralus-dc03-cap03,southcentralus-dc03,southcentralus,F2,Intel-standard,2026-01-17,Sev3,Memory pressure,12,7,True,"SYNTHETIC - generated, not a business source: incident rate driven by hardware class and capacity size, independent of utilisation"
OPS00341,northcentralus-dc03-cap01,northcentralus-dc03,northcentralus,F64,AMD-highmem,2026-01-17,Sev3,Memory pressure,21,5,True,"SYNTHETIC - generated, not a business source: incident rate driven by hardware class and capacity size, independent of utilisation"
OPS00099,southcentralus-dc09-cap01,southcentralus-dc09,southcentralus,F16,Intel-standard,2026-01-17,Sev1,Capacity throttling,173,6,True,"SYNTHETIC - generated, not a business source: incident rate driven by hardware class and capacity size, independent of utilisation"
OPS00663,eastus2-dc01-cap01,eastus2-dc01,eastus2,F256,AMD-highmem,2026-01-17,Sev3,Storage latency,51,8,True,"SYNTHETIC - generated, not a business source: incident rate driven by hardware class and capacity size, independent of utilisation"
OPS00013,southcentralus-dc01-cap02,southcentralus-dc01,southcentralus,F16,Intel-highmem,2026-01-17,Sev3,Capacity throttling,33,6,True,"SYNTHETIC - generated, not a business source: incident rate driven by hardware class and capacity size, independent of utilisation"
OPS00197,centralindia-dc07-cap03,centralindia-dc07,centralindia,F2,Intel-standard,2026-01-18,Sev4,Network partition,11,2,True,"SYNTHETIC - generated, not a business source: incident rate driven by hardware class and capacity size, independent of utilisation"
OPS00719,eastus2-dc08-cap04,eastus2-dc08,eastus2,F4,AMD-highmem,2026-01-18,Sev2,Unplanned reboot,163,6,True,"SYNTHETIC - generated, not a business source: incident rate driven by hardware class and capacity size, independent of utilisation"
OPS00176,centralindia-dc05-cap03,centralindia-dc05,centralindia,F4,Intel-highmem,2026-01-18,Sev2,Unplanned reboot,37,3,True,"SYNTHETIC - generated, not a business source: incident rate driven by hardware class and capacity size, independent of utilisation"
OPS00393,northcentralus-dc08-cap01,northcentralus-dc08,northcentralus,F128,AMD-highmem,2026-01-18,Sev3,Storage latency,9,3,True,"SYNTHETIC - generated, not a business source: incident rate driven by hardware class and capacity size, independent of utilisation"
OPS00960,northeurope-dc07-cap02,northeurope-dc07,northeurope,F16,AMD-standard,2026-01-18,Sev3,Unplanned reboot,17,3,True,"SYNTHETIC - generated, not a business source: incident rate driven by hardware class and capacity size, independent of utilisation"
OPS00422,northcentralus-dc09-cap01,northcentralus-dc09,northcentralus,F256,GPU-class,2026-01-18,Sev2,Capacity throttling,22,2,True,"SYNTHETIC - generated, not a business source: incident rate driven by hardware class and capacity size, independent of utilisation"
OPS00136,centralindia-dc04-cap01,centralindia-dc04,centralindia,F32,Intel-highmem,2026-01-18,Sev3,Network partition,35,3,True,"SYNTHETIC - generated, not a business source: incident rate driven by hardware class and capacity size, independent of utilisation"
OPS00975,northeurope-dc10-cap02,northeurope-dc10,northeurope,F8,AMD-standard,2026-01-18,Sev2,Node unresponsive,34,1,True,"SYNTHETIC - generated, not a business source: incident rate driven by hardware class and capacity size, independent of utilisation"
OPS00831,uksouth-dc07-cap04,uksouth-dc07,uksouth,F4,AMD-standard,2026-01-19,Sev4,Node unresponsive,5,8,True,"SYNTHETIC - generated, not a business source: incident rate driven by hardware class and capacity size, independent of utilisation"
OPS00561,canadacentral-dc10-cap01,canadacentral-dc10,canadacentral,F128,AMD-highmem,2026-01-19,Sev3,Memory pressure,38,6,True,"SYNTHETIC - generated, not a business source: incident rate driven by hardware class and capacity size, independent of utilisation"
OPS00391,northcentralus-dc08-cap01,northcentralus-dc08,northcentralus,F128,AMD-highmem,2026-01-19,Sev4,Node unresponsive,2,3,True,"SYNTHETIC - generated, not a business source: incident rate driven by hardware class and capacity size, independent of utilisation"
OPS00913,eastus-dc05-cap01,eastus-dc05,eastus,F64,AMD-standard,2026-01-19,Sev2,Unplanned reboot,159,5,True,"SYNTHETIC - generated, not a business source: incident rate driven by hardware class and capacity size, independent of utilisation"
OPS00384,northcentralus-dc07-cap01,northcentralus-dc07,northcentralus,F32,GPU-class,2026-01-19,Sev1,Capacity throttling,265,1,True,"SYNTHETIC - generated, not a business source: incident rate driven by hardware class and capacity size, independent of utilisation"
OPS00863,uksouth-dc10-cap02,uksouth-dc10,uksouth,F32,AMD-highmem,2026-01-19,Sev3,Memory pressure,17,5,True,"SYNTHETIC - generated, not a business source: incident rate driven by hardware class and capacity size, independent of utilisation"
OPS00951,northeurope-dc04-cap01,northeurope-dc04,northeurope,F16,AMD-standard,2026-01-19,Sev3,Node unresponsive,29,4,True,"SYNTHETIC - generated, not a business source: incident rate driven by hardware class and capacity size, independent of utilisation"
OPS00940,eastus-dc10-cap03,eastus-dc10,eastus,F8,AMD-highmem,2026-01-20,Sev1,Node unresponsive,52,2,True,"SYNTHETIC - generated, not a business source: incident rate driven by hardware class and capacity size, independent of utilisation"
OPS00762,uksouth-dc03-cap04,uksouth-dc03,uksouth,F8,AMD-highmem,2026-01-20,Sev4,Network partition,8,3,True,"SYNTHETIC - generated, not a business source: incident rate driven by hardware class and capacity size, independent of utilisation"
OPS00625,canadaeast-dc08-cap04,canadaeast-dc08,canadaeast,F2,AMD-highmem,2026-01-20,Sev2,Network partition,101,2,True,"SYNTHETIC - generated, not a business source: incident rate driven by hardware class and capacity size, independent of utilisation"
OPS00813,uksouth-dc07-cap01,uksouth-dc07,uksouth,F256,AMD-standard,2026-01-20,Sev4,Network partition,1,2,True,"SYNTHETIC - generated, not a business source: incident rate driven by hardware class and capacity size, independent of utilisation"
OPS00366,northcentralus-dc05-cap01,northcentralus-dc05,northcentralus,F128,GPU-class,2026-01-21,Sev4,Node unresponsive,5,6,True,"SYNTHETIC - generated, not a business source: incident rate driven by hardware class and capacity size, independent of utilisation"
OPS00276,westeurope-dc07-cap02,westeurope-dc07,westeurope,F2,GPU-class,2026-01-21,Sev3,Network partition,34,8,True,"SYNTHETIC - generated, not a business source: incident rate driven by hardware class and capacity size, independent of utilisation"
OPS00257,westeurope-dc03-cap03,westeurope-dc03,westeurope,F2,GPU-class,2026-01-21,Sev4,Network partition,10,1,True,"SYNTHETIC - generated, not a business source: incident rate driven by hardware class and capacity size, independent of utilisation"
OPS00304,westeurope-dc10-cap02,westeurope-dc10,westeurope,F64,GPU-class,2026-01-21,Sev2,Node unresponsive,55,3,True,"SYNTHETIC - generated, not a business source: incident rate driven by hardware class and capacity size, independent of utilisation"
OPS00497,canadacentral-dc05-cap01,canadacentral-dc05,canadacentral,F128,AMD-highmem,2026-01-21,Sev4,Capacity throttling,14,2,True,"SYNTHETIC - generated, not a business source: incident rate driven by hardware class and capacity size, independent of utilisation"
OPS00842,uksouth-dc08-cap01,uksouth-dc08,uksouth,F128,AMD-highmem,2026-01-22,Sev1,Unplanned reboot,274,8,True,"SYNTHETIC - generated, not a business source: incident rate driven by hardware class and capacity size, independent of utilisation"
OPS00186,centralindia-dc06-cap03,centralindia-dc06,centralindia,F2,Intel-highmem,2026-01-22,Sev2,Capacity throttling,80,4,True,"SYNTHETIC - generated, not a business source: incident rate driven by hardware class and capacity size, independent of utilisation"
OPS00258,westeurope-dc03-cap03,westeurope-dc03,westeurope,F2,GPU-class,2026-01-22,Sev3,Capacity throttling,23,2,True,"SYNTHETIC - generated, not a business source: incident rate driven by hardware class and capacity size, independent of utilisation"
OPS00172,centralindia-dc05-cap03,centralindia-dc05,centralindia,F4,Intel-highmem,2026-01-22,Sev3,Node unresponsive,20,4,True,"SYNTHETIC - generated, not a business source: incident rate driven by hardware class and capacity size, independent of utilisation"
OPS00394,northcentralus-dc08-cap02,northcentralus-dc08,northcentralus,F4,AMD-highmem,2026-01-22,Sev3,Capacity throttling,38,7,True,"SYNTHETIC - generated, not a business source: incident rate driven by hardware class and capacity size, independent of utilisation"
OPS00948,northeurope-dc02-cap01,northeurope-dc02,northeurope,F32,AMD-highmem,2026-01-22,Sev1,Unplanned reboot,61,8,True,"SYNTHETIC - generated, not a business source: incident rate driven by hardware class and capacity size, independent of utilisation"
OPS00741,uksouth-dc01-cap02,uksouth-dc01,uksouth,F64,AMD-standard,2026-01-22,Sev1,Capacity throttling,246,6,True,"SYNTHETIC - generated, not a business source: incident rate driven by hardware class and capacity size, independent of utilisation"
OPS00059,southcentralus-dc05-cap01,southcentralus-dc05,southcentralus,F64,Intel-standard,2026-01-23,Sev3,Network partition,5,5,True,"SYNTHETIC - generated, not a business source: incident rate driven by hardware class and capacity size, independent of utilisation"
OPS00783,uksouth-dc06-cap01,uksouth-dc06,uksouth,F128,AMD-highmem,2026-01-23,Sev2,Storage latency,128,6,True,"SYNTHETIC - generated, not a business source: incident rate driven by hardware class and capacity size, independent of utilisation"
OPS00163,centralindia-dc05-cap01,centralindia-dc05,centralindia,F16,Intel-highmem,2026-01-23,Sev2,Unplanned reboot,142,3,True,"SYNTHETIC - generated, not a business source: incident rate driven by hardware class and capacity size, independent of utilisation"
OPS00778,uksouth-dc06-cap01,uksouth-dc06,uksouth,F128,AMD-highmem,2026-01-23,Sev3,Capacity throttling,14,7,True,"SYNTHETIC - generated, not a business source: incident rate driven by hardware class and capacity size, independent of utilisation"
OPS00073,southcentralus-dc06-cap02,southcentralus-dc06,southcentralus,F16,Intel-highmem,2026-01-23,Sev3,Memory pressure,57,5,True,"SYNTHETIC - generated, not a business source: incident rate driven by hardware class and capacity size, independent of utilisation"
OPS00413,northcentralus-dc09-cap01,northcentralus-dc09,northcentralus,F256,GPU-class,2026-01-23,Sev2,Memory pressure,26,7,True,"SYNTHETIC - generated, not a business source: incident rate driven by hardware class and capacity size, independent of utilisation"
OPS00712,eastus2-dc08-cap01,eastus2-dc08,eastus2,F128,AMD-highmem,2026-01-23,Sev3,Memory pressure,40,5,True,"SYNTHETIC - generated, not a business source: incident rate driven by hardware class and capacity size, independent of utilisation"
OPS00799,uksouth-dc07-cap01,uksouth-dc07,uksouth,F256,AMD-standard,2026-01-24,Sev3,Memory pressure,46,7,True,"SYNTHETIC - generated, not a business source: incident rate driven by hardware class and capacity size, independent of utilisation"
OPS00562,canadacentral-dc10-cap01,canadacentral-dc10,canadacentral,F128,AMD-highmem,2026-01-24,Sev3,Storage latency,21,6,True,"SYNTHETIC - generated, not a business source: incident rate driven by hardware class and capacity size, independent of utilisation"
OPS00881,westus2-dc04-cap03,westus2-dc04,westus2,F2,AMD-standard,2026-01-24,Sev3,Storage latency,46,5,True,"SYNTHETIC - generated, not a business source: incident rate driven by hardware class and capacity size, independent of utilisation"
OPS00962,northeurope-dc08-cap01,northeurope-dc08,northeurope,F16,AMD-highmem,2026-01-24,Sev3,Unplanned reboot,43,4,True,"SYNTHETIC - generated, not a business source: incident rate driven by hardware class and capacity size, independent of utilisation"
OPS00357,northcentralus-dc04-cap03,northcentralus-dc04,northcentralus,F4,GPU-class,2026-01-24,Sev3,Unplanned reboot,53,3,True,"SYNTHETIC - generated, not a business source: incident rate driven by hardware class and capacity size, independent of utilisation"
OPS00466,canadacentral-dc02-cap02,canadacentral-dc02,canadacentral,F64,AMD-standard,2026-01-24,Sev3,Capacity throttling,50,8,True,"SYNTHETIC - generated, not a business source: incident rate driven by hardware class and capacity size, independent of utilisation"
OPS00132,centralindia-dc02-cap02,centralindia-dc02,centralindia,F2,Intel-highmem,2026-01-24,Sev4,Capacity throttling,14,4,True,"SYNTHETIC - generated, not a business source: incident rate driven by hardware class and capacity size, independent of utilisation"
OPS00478,canadacentral-dc03-cap01,canadacentral-dc03,canadacentral,F128,AMD-highmem,2026-01-24,Sev4,Capacity throttling,11,6,True,"SYNTHETIC - generated, not a business source: incident rate driven by hardware class and capacity size, independent of utilisation"
OPS00048,southcentralus-dc04-cap01,southcentralus-dc04,southcentralus,F32,Intel-standard,2026-01-25,Sev3,Node unresponsive,27,4,True,"SYNTHETIC - generated, not a business source: incident rate driven by hardware class and capacity size, independent of utilisation"
OPS00696,eastus2-dc05-cap01,eastus2-dc05,eastus2,F128,AMD-highmem,2026-01-25,Sev4,Storage latency,7,5,True,"SYNTHETIC - generated, not a business source: incident rate driven by hardware class and capacity size, independent of utilisation"
OPS00148,centralindia-dc04-cap02,centralindia-dc04,centralindia,F16,Intel-highmem,2026-01-25,Sev4,Storage latency,13,5,True,"SYNTHETIC - generated, not a business source: incident rate driven by hardware class and capacity size, independent of utilisation"
OPS00383,northcentralus-dc07-cap01,northcentralus-dc07,northcentralus,F32,GPU-class,2026-01-25,Sev1,Unplanned reboot,315,7,True,"SYNTHETIC - generated, not a business source: incident rate driven by hardware class and capacity size, independent of utilisation"
OPS00377,northcentralus-dc06-cap01,northcentralus-dc06,northcentralus,F128,GPU-class,2026-01-25,Sev3,Capacity throttling,34,6,True,"SYNTHETIC - generated, not a business source: incident rate driven by hardware class and capacity size, independent of utilisation"
OPS00727,eastus2-dc10-cap02,eastus2-dc10,eastus2,F16,AMD-standard,2026-01-25,Sev3,Memory pressure,14,7,True,"SYNTHETIC - generated, not a business source: incident rate driven by hardware class and capacity size, independent of utilisation"
OPS00460,canadacentral-dc02-cap01,canadacentral-dc02,canadacentral,F128,AMD-standard,2026-01-25,Sev3,Memory pressure,15,3,True,"SYNTHETIC - generated, not a business source: incident rate driven by hardware class and capacity size, independent of utilisation"
OPS00931,eastus-dc08-cap01,eastus-dc08,eastus,F64,AMD-standard,2026-01-25,Sev3,Storage latency,58,8,True,"SYNTHETIC - generated, not a business source: incident rate driven by hardware class and capacity size, independent of utilisation"
OPS00104,southcentralus-dc10-cap01,southcentralus-dc10,southcentralus,F16,Intel-highmem,2026-01-26,Sev3,Capacity throttling,36,8,True,"SYNTHETIC - generated, not a business source: incident rate driven by hardware class and capacity size, independent of utilisation"
OPS00051,southcentralus-dc04-cap01,southcentralus-dc04,southcentralus,F32,Intel-standard,2026-01-26,Sev4,Network partition,4,5,True,"SYNTHETIC - generated, not a business source: incident rate driven by hardware class and capacity size, independent of utilisation"
OPS00701,eastus2-dc07-cap01,eastus2-dc07,eastus2,F64,AMD-highmem,2026-01-26,Sev4,Network partition,1,8,True,"SYNTHETIC - generated, not a business source: incident rate driven by hardware class and capacity size, independent of utilisation"
OPS00083,southcentralus-dc07-cap02,southcentralus-dc07,southcentralus,F8,Intel-highmem,2026-01-26,Sev3,Network partition,52,1,True,"SYNTHETIC - generated, not a business source: incident rate driven by hardware class and capacity size, independent of utilisation"
OPS00137,centralindia-dc04-cap01,centralindia-dc04,centralindia,F32,Intel-highmem,2026-01-26,Sev3,Storage latency,21,8,True,"SYNTHETIC - generated, not a business source: incident rate driven by hardware class and capacity size, independent of utilisation"
OPS00042,southcentralus-dc03-cap02,southcentralus-dc03,southcentralus,F4,Intel-standard,2026-01-27,Sev4,Capacity throttling,11,1,True,"SYNTHETIC - generated, not a business source: incident rate driven by hardware class and capacity size, independent of utilisation"
OPS00029,southcentralus-dc02-cap01,southcentralus-dc02,southcentralus,F32,Intel-highmem,2026-01-27,Sev2,Node unresponsive,116,6,True,"SYNTHETIC - generated, not a business source: incident rate driven by hardware class and capacity size, independent of utilisation"
OPS00748,uksouth-dc02-cap01,uksouth-dc02,uksouth,F128,AMD-highmem,2026-01-27,Sev3,Node unresponsive,8,3,True,"SYNTHETIC - generated, not a business source: incident rate driven by hardware class and capacity size, independent of utilisation"
OPS00790,uksouth-dc06-cap03,uksouth-dc06,uksouth,F32,AMD-highmem,2026-01-27,Sev4,Node unresponsive,9,6,True,"SYNTHETIC - generated, not a business source: incident rate driven by hardware class and capacity size, independent of utilisation"
OPS00600,canadaeast-dc06-cap01,canadaeast-dc06,canadaeast,F128,AMD-highmem,2026-01-27,Sev1,Network partition,272,3,True,"SYNTHETIC - generated, not a business source: incident rate driven by hardware class and capacity size, independent of utilisation"
OPS00138,centralindia-dc04-cap01,centralindia-dc04,centralindia,F32,Intel-highmem,2026-01-27,Sev4,Node unresponsive,1,1,True,"SYNTHETIC - generated, not a business source: incident rate driven by hardware class and capacity size, independent of utilisation"
OPS00181,centralindia-dc06-cap02,centralindia-dc06,centralindia,F16,Intel-highmem,2026-01-27,Sev3,Node unresponsive,14,3,True,"SYNTHETIC - generated, not a business source: incident rate driven by hardware class and capacity size, independent of utilisation"
OPS00347,northcentralus-dc03-cap04,northcentralus-dc03,northcentralus,F2,AMD-highmem,2026-01-27,Sev3,Memory pressure,47,4,True,"SYNTHETIC - generated, not a business source: incident rate driven by hardware class and capacity size, independent of utilisation"
OPS00272,westeurope-dc06-cap02,westeurope-dc06,westeurope,F4,GPU-class,2026-01-27,Sev4,Network partition,10,2,True,"SYNTHETIC - generated, not a business source: incident rate driven by hardware class and capacity size, independent of utilisation"
OPS00753,uksouth-dc02-cap04,uksouth-dc02,uksouth,F2,AMD-highmem,2026-01-27,Sev1,Storage latency,161,8,True,"SYNTHETIC - generated, not a business source: incident rate driven by hardware class and capacity size, independent of utilisation"
OPS00855,uksouth-dc09-cap01,uksouth-dc09,uksouth,F128,AMD-highmem,2026-01-27,Sev2,Network partition,142,2,True,"SYNTHETIC - generated, not a business source: incident rate driven by hardware class and capacity size, independent of utilisation"
OPS00584,canadaeast-dc03-cap01,canadaeast-dc03,canadaeast,F128,AMD-standard,2026-01-27,Sev4,Node unresponsive,12,5,True,"SYNTHETIC - generated, not a business source: incident rate driven by hardware class and capacity size, independent of utilisation"
OPS00746,uksouth-dc01-cap07,uksouth-dc01,uksouth,F2,AMD-standard,2026-01-28,Sev3,Node unresponsive,6,2,True,"SYNTHETIC - generated, not a business source: incident rate driven by hardware class and capacity size, independent of utilisation"
OPS00819,uksouth-dc07-cap01,uksouth-dc07,uksouth,F256,AMD-standard,2026-01-28,Sev2,Memory pressure,49,2,True,"SYNTHETIC - generated, not a business source: incident rate driven by hardware class and capacity size, independent of utilisation"
OPS00338,northcentralus-dc02-cap03,northcentralus-dc02,northcentralus,F4,GPU-class,2026-01-28,Sev4,Network partition,2,2,True,"SYNTHETIC - generated, not a business source: incident rate driven by hardware class and capacity size, independent of utilisation"
OPS00053,southcentralus-dc04-cap01,southcentralus-dc04,southcentralus,F32,Intel-standard,2026-01-28,Sev2,Storage latency,135,4,True,"SYNTHETIC - generated, not a business source: incident rate driven by hardware class and capacity size, independent of utilisation"
OPS00215,centralindia-dc09-cap02,centralindia-dc09,centralindia,F2,Intel-highmem,2026-01-28,Sev3,Capacity throttling,32,8,True,"SYNTHETIC - generated, not a business source: incident rate driven by hardware class and capacity size, independent of utilisation"
OPS00153,centralindia-dc04-cap03,centralindia-dc04,centralindia,F4,Intel-highmem,2026-01-28,Sev4,Memory pressure,3,4,True,"SYNTHETIC - generated, not a business source: incident rate driven by hardware class and capacity size, independent of utilisation"
OPS00152,centralindia-dc04-cap03,centralindia-dc04,centralindia,F4,Intel-highmem,2026-01-28,Sev4,Unplanned reboot,6,2,True,"SYNTHETIC - generated, not a business source: incident rate driven by hardware class and capacity size, independent of utilisation"
OPS00470,canadacentral-dc02-cap02,canadacentral-dc02,canadacentral,F64,AMD-standard,2026-01-28,Sev1,Capacity throttling,348,5,True,"SYNTHETIC - generated, not a business source: incident rate driven by hardware class and capacity size, independent of utilisation"
OPS00371,northcentralus-dc05-cap01,northcentralus-dc05,northcentralus,F128,GPU-class,2026-01-28,Sev2,Network partition,165,1,True,"SYNTHETIC - generated, not a business source: incident rate driven by hardware class and capacity size, independent of utilisation"
