ThrottleEventId,Date,CapacityId,DatacentreId,Region,FabricSku,Stage,FutureCapacityMinutes,InteractiveRejected,BackgroundRejected,Effect,IsSynthetic,Provenance
THR00001,2026-01-19,canadacentral-dc07-cap02,canadacentral-dc07,canadacentral,F32,interactive_delay,14.32,0,0,Interactive jobs delayed 20 seconds at submission,True,"SYNTHETIC - generated, not a business source: throttling days derived from the per-capacity CU series of the Shared/Dedicated fleet; rejected operation counts invented in proportion to the overage"
THR00002,2025-12-17,canadaeast-dc03-cap05,canadaeast-dc03,canadaeast,F2,interactive_delay,11.04,0,0,Interactive jobs delayed 20 seconds at submission,True,"SYNTHETIC - generated, not a business source: throttling days derived from the per-capacity CU series of the Shared/Dedicated fleet; rejected operation counts invented in proportion to the overage"
THR00003,2025-12-24,canadaeast-dc03-cap05,canadaeast-dc03,canadaeast,F2,interactive_delay,22.83,0,0,Interactive jobs delayed 20 seconds at submission,True,"SYNTHETIC - generated, not a business source: throttling days derived from the per-capacity CU series of the Shared/Dedicated fleet; rejected operation counts invented in proportion to the overage"
THR00004,2026-01-02,canadaeast-dc03-cap05,canadaeast-dc03,canadaeast,F2,interactive_delay,34.51,0,0,Interactive jobs delayed 20 seconds at submission,True,"SYNTHETIC - generated, not a business source: throttling days derived from the per-capacity CU series of the Shared/Dedicated fleet; rejected operation counts invented in proportion to the overage"
THR00005,2026-01-03,canadaeast-dc03-cap05,canadaeast-dc03,canadaeast,F2,interactive_delay,12.89,0,0,Interactive jobs delayed 20 seconds at submission,True,"SYNTHETIC - generated, not a business source: throttling days derived from the per-capacity CU series of the Shared/Dedicated fleet; rejected operation counts invented in proportion to the overage"
THR00006,2026-01-11,canadaeast-dc03-cap05,canadaeast-dc03,canadaeast,F2,interactive_delay,43.8,0,0,Interactive jobs delayed 20 seconds at submission,True,"SYNTHETIC - generated, not a business source: throttling days derived from the per-capacity CU series of the Shared/Dedicated fleet; rejected operation counts invented in proportion to the overage"
THR00007,2026-01-12,canadaeast-dc03-cap05,canadaeast-dc03,canadaeast,F2,interactive_delay,36.55,0,0,Interactive jobs delayed 20 seconds at submission,True,"SYNTHETIC - generated, not a business source: throttling days derived from the per-capacity CU series of the Shared/Dedicated fleet; rejected operation counts invented in proportion to the overage"
THR00008,2026-01-12,canadaeast-dc10-cap01,canadaeast-dc10,canadaeast,F64,interactive_delay,21.97,0,0,Interactive jobs delayed 20 seconds at submission,True,"SYNTHETIC - generated, not a business source: throttling days derived from the per-capacity CU series of the Shared/Dedicated fleet; rejected operation counts invented in proportion to the overage"
THR00009,2026-01-15,canadaeast-dc03-cap05,canadaeast-dc03,canadaeast,F2,interactive_rejection,98.1,12,0,Interactive jobs rejected; background still runs,True,"SYNTHETIC - generated, not a business source: throttling days derived from the per-capacity CU series of the Shared/Dedicated fleet; rejected operation counts invented in proportion to the overage"
THR00010,2025-12-02,centralindia-dc01-cap04,centralindia-dc01,centralindia,F8,interactive_rejection,75.44,7,0,Interactive jobs rejected; background still runs,True,"SYNTHETIC - generated, not a business source: throttling days derived from the per-capacity CU series of the Shared/Dedicated fleet; rejected operation counts invented in proportion to the overage"
THR00011,2025-12-24,centralindia-dc01-cap04,centralindia-dc01,centralindia,F8,interactive_delay,53.17,0,0,Interactive jobs delayed 20 seconds at submission,True,"SYNTHETIC - generated, not a business source: throttling days derived from the per-capacity CU series of the Shared/Dedicated fleet; rejected operation counts invented in proportion to the overage"
THR00012,2026-01-01,centralindia-dc01-cap05,centralindia-dc01,centralindia,F2,interactive_delay,37.45,0,0,Interactive jobs delayed 20 seconds at submission,True,"SYNTHETIC - generated, not a business source: throttling days derived from the per-capacity CU series of the Shared/Dedicated fleet; rejected operation counts invented in proportion to the overage"
THR00013,2026-01-14,centralindia-dc01-cap04,centralindia-dc01,centralindia,F8,interactive_delay,35.63,0,0,Interactive jobs delayed 20 seconds at submission,True,"SYNTHETIC - generated, not a business source: throttling days derived from the per-capacity CU series of the Shared/Dedicated fleet; rejected operation counts invented in proportion to the overage"
THR00014,2026-01-19,centralindia-dc07-cap01,centralindia-dc07,centralindia,F128,interactive_rejection,127.06,17,0,Interactive jobs rejected; background still runs,True,"SYNTHETIC - generated, not a business source: throttling days derived from the per-capacity CU series of the Shared/Dedicated fleet; rejected operation counts invented in proportion to the overage"
THR00015,2026-01-20,centralindia-dc01-cap04,centralindia-dc01,centralindia,F8,interactive_rejection,119.81,13,0,Interactive jobs rejected; background still runs,True,"SYNTHETIC - generated, not a business source: throttling days derived from the per-capacity CU series of the Shared/Dedicated fleet; rejected operation counts invented in proportion to the overage"
THR00016,2026-01-22,centralindia-dc01-cap05,centralindia-dc01,centralindia,F2,interactive_rejection,203.77,32,0,Interactive jobs rejected; background still runs,True,"SYNTHETIC - generated, not a business source: throttling days derived from the per-capacity CU series of the Shared/Dedicated fleet; rejected operation counts invented in proportion to the overage"
THR00017,2026-01-22,centralindia-dc07-cap01,centralindia-dc07,centralindia,F128,interactive_rejection,108.6,10,0,Interactive jobs rejected; background still runs,True,"SYNTHETIC - generated, not a business source: throttling days derived from the per-capacity CU series of the Shared/Dedicated fleet; rejected operation counts invented in proportion to the overage"
THR00018,2026-01-23,centralindia-dc01-cap04,centralindia-dc01,centralindia,F8,interactive_delay,27.31,0,0,Interactive jobs delayed 20 seconds at submission,True,"SYNTHETIC - generated, not a business source: throttling days derived from the per-capacity CU series of the Shared/Dedicated fleet; rejected operation counts invented in proportion to the overage"
THR00019,2026-01-26,centralindia-dc01-cap02,centralindia-dc01,centralindia,F16,interactive_rejection,89.17,11,0,Interactive jobs rejected; background still runs,True,"SYNTHETIC - generated, not a business source: throttling days derived from the per-capacity CU series of the Shared/Dedicated fleet; rejected operation counts invented in proportion to the overage"
THR00020,2026-01-26,centralindia-dc01-cap05,centralindia-dc01,centralindia,F2,interactive_rejection,188.0,24,0,Interactive jobs rejected; background still runs,True,"SYNTHETIC - generated, not a business source: throttling days derived from the per-capacity CU series of the Shared/Dedicated fleet; rejected operation counts invented in proportion to the overage"
THR00021,2026-01-27,centralindia-dc01-cap02,centralindia-dc01,centralindia,F16,interactive_rejection,62.11,6,0,Interactive jobs rejected; background still runs,True,"SYNTHETIC - generated, not a business source: throttling days derived from the per-capacity CU series of the Shared/Dedicated fleet; rejected operation counts invented in proportion to the overage"
THR00022,2025-11-07,northcentralus-dc09-cap01,northcentralus-dc09,northcentralus,F128,interactive_rejection,81.85,10,0,Interactive jobs rejected; background still runs,True,"SYNTHETIC - generated, not a business source: throttling days derived from the per-capacity CU series of the Shared/Dedicated fleet; rejected operation counts invented in proportion to the overage"
THR00023,2025-11-19,northcentralus-dc09-cap01,northcentralus-dc09,northcentralus,F128,interactive_delay,16.47,0,0,Interactive jobs delayed 20 seconds at submission,True,"SYNTHETIC - generated, not a business source: throttling days derived from the per-capacity CU series of the Shared/Dedicated fleet; rejected operation counts invented in proportion to the overage"
THR00024,2025-11-21,northcentralus-dc09-cap01,northcentralus-dc09,northcentralus,F128,interactive_rejection,84.32,8,0,Interactive jobs rejected; background still runs,True,"SYNTHETIC - generated, not a business source: throttling days derived from the per-capacity CU series of the Shared/Dedicated fleet; rejected operation counts invented in proportion to the overage"
THR00025,2025-12-05,northcentralus-dc06-cap01,northcentralus-dc06,northcentralus,F128,interactive_rejection,246.53,25,0,Interactive jobs rejected; background still runs,True,"SYNTHETIC - generated, not a business source: throttling days derived from the per-capacity CU series of the Shared/Dedicated fleet; rejected operation counts invented in proportion to the overage"
THR00026,2025-12-08,northcentralus-dc07-cap03,northcentralus-dc07,northcentralus,F64,interactive_rejection,154.45,20,0,Interactive jobs rejected; background still runs,True,"SYNTHETIC - generated, not a business source: throttling days derived from the per-capacity CU series of the Shared/Dedicated fleet; rejected operation counts invented in proportion to the overage"
THR00027,2025-12-08,northcentralus-dc09-cap01,northcentralus-dc09,northcentralus,F128,interactive_rejection,146.6,18,0,Interactive jobs rejected; background still runs,True,"SYNTHETIC - generated, not a business source: throttling days derived from the per-capacity CU series of the Shared/Dedicated fleet; rejected operation counts invented in proportion to the overage"
THR00028,2025-12-11,northcentralus-dc07-cap01,northcentralus-dc07,northcentralus,F16,interactive_rejection,197.42,22,0,Interactive jobs rejected; background still runs,True,"SYNTHETIC - generated, not a business source: throttling days derived from the per-capacity CU series of the Shared/Dedicated fleet; rejected operation counts invented in proportion to the overage"
THR00029,2025-12-11,northcentralus-dc09-cap01,northcentralus-dc09,northcentralus,F128,interactive_delay,14.11,0,0,Interactive jobs delayed 20 seconds at submission,True,"SYNTHETIC - generated, not a business source: throttling days derived from the per-capacity CU series of the Shared/Dedicated fleet; rejected operation counts invented in proportion to the overage"
THR00030,2025-12-12,northcentralus-dc06-cap01,northcentralus-dc06,northcentralus,F128,interactive_delay,29.85,0,0,Interactive jobs delayed 20 seconds at submission,True,"SYNTHETIC - generated, not a business source: throttling days derived from the per-capacity CU series of the Shared/Dedicated fleet; rejected operation counts invented in proportion to the overage"
THR00031,2025-12-12,northcentralus-dc09-cap01,northcentralus-dc09,northcentralus,F128,interactive_rejection,197.18,15,0,Interactive jobs rejected; background still runs,True,"SYNTHETIC - generated, not a business source: throttling days derived from the per-capacity CU series of the Shared/Dedicated fleet; rejected operation counts invented in proportion to the overage"
THR00032,2025-12-13,northcentralus-dc07-cap01,northcentralus-dc07,northcentralus,F16,interactive_delay,16.23,0,0,Interactive jobs delayed 20 seconds at submission,True,"SYNTHETIC - generated, not a business source: throttling days derived from the per-capacity CU series of the Shared/Dedicated fleet; rejected operation counts invented in proportion to the overage"
THR00033,2025-12-15,northcentralus-dc07-cap01,northcentralus-dc07,northcentralus,F16,interactive_delay,10.6,0,0,Interactive jobs delayed 20 seconds at submission,True,"SYNTHETIC - generated, not a business source: throttling days derived from the per-capacity CU series of the Shared/Dedicated fleet; rejected operation counts invented in proportion to the overage"
THR00034,2025-12-17,northcentralus-dc07-cap03,northcentralus-dc07,northcentralus,F64,interactive_delay,13.08,0,0,Interactive jobs delayed 20 seconds at submission,True,"SYNTHETIC - generated, not a business source: throttling days derived from the per-capacity CU series of the Shared/Dedicated fleet; rejected operation counts invented in proportion to the overage"
THR00035,2025-12-18,northcentralus-dc07-cap03,northcentralus-dc07,northcentralus,F64,interactive_delay,39.98,0,0,Interactive jobs delayed 20 seconds at submission,True,"SYNTHETIC - generated, not a business source: throttling days derived from the per-capacity CU series of the Shared/Dedicated fleet; rejected operation counts invented in proportion to the overage"
THR00036,2025-12-24,northcentralus-dc07-cap03,northcentralus-dc07,northcentralus,F64,interactive_rejection,98.25,14,0,Interactive jobs rejected; background still runs,True,"SYNTHETIC - generated, not a business source: throttling days derived from the per-capacity CU series of the Shared/Dedicated fleet; rejected operation counts invented in proportion to the overage"
THR00037,2025-12-24,northcentralus-dc09-cap01,northcentralus-dc09,northcentralus,F128,interactive_delay,26.59,0,0,Interactive jobs delayed 20 seconds at submission,True,"SYNTHETIC - generated, not a business source: throttling days derived from the per-capacity CU series of the Shared/Dedicated fleet; rejected operation counts invented in proportion to the overage"
THR00038,2025-12-25,northcentralus-dc04-cap01,northcentralus-dc04,northcentralus,F8,interactive_rejection,95.96,7,0,Interactive jobs rejected; background still runs,True,"SYNTHETIC - generated, not a business source: throttling days derived from the per-capacity CU series of the Shared/Dedicated fleet; rejected operation counts invented in proportion to the overage"
THR00039,2025-12-25,northcentralus-dc07-cap01,northcentralus-dc07,northcentralus,F16,interactive_delay,24.43,0,0,Interactive jobs delayed 20 seconds at submission,True,"SYNTHETIC - generated, not a business source: throttling days derived from the per-capacity CU series of the Shared/Dedicated fleet; rejected operation counts invented in proportion to the overage"
THR00040,2025-12-27,northcentralus-dc07-cap01,northcentralus-dc07,northcentralus,F16,interactive_delay,22.32,0,0,Interactive jobs delayed 20 seconds at submission,True,"SYNTHETIC - generated, not a business source: throttling days derived from the per-capacity CU series of the Shared/Dedicated fleet; rejected operation counts invented in proportion to the overage"
THR00041,2025-12-28,northcentralus-dc07-cap01,northcentralus-dc07,northcentralus,F16,interactive_delay,26.8,0,0,Interactive jobs delayed 20 seconds at submission,True,"SYNTHETIC - generated, not a business source: throttling days derived from the per-capacity CU series of the Shared/Dedicated fleet; rejected operation counts invented in proportion to the overage"
THR00042,2025-12-30,northcentralus-dc07-cap01,northcentralus-dc07,northcentralus,F16,interactive_rejection,82.45,9,0,Interactive jobs rejected; background still runs,True,"SYNTHETIC - generated, not a business source: throttling days derived from the per-capacity CU series of the Shared/Dedicated fleet; rejected operation counts invented in proportion to the overage"
THR00043,2025-12-31,northcentralus-dc04-cap01,northcentralus-dc04,northcentralus,F8,interactive_delay,43.22,0,0,Interactive jobs delayed 20 seconds at submission,True,"SYNTHETIC - generated, not a business source: throttling days derived from the per-capacity CU series of the Shared/Dedicated fleet; rejected operation counts invented in proportion to the overage"
THR00044,2026-01-03,northcentralus-dc07-cap03,northcentralus-dc07,northcentralus,F64,interactive_delay,52.9,0,0,Interactive jobs delayed 20 seconds at submission,True,"SYNTHETIC - generated, not a business source: throttling days derived from the per-capacity CU series of the Shared/Dedicated fleet; rejected operation counts invented in proportion to the overage"
THR00045,2026-01-04,northcentralus-dc09-cap01,northcentralus-dc09,northcentralus,F128,interactive_delay,39.38,0,0,Interactive jobs delayed 20 seconds at submission,True,"SYNTHETIC - generated, not a business source: throttling days derived from the per-capacity CU series of the Shared/Dedicated fleet; rejected operation counts invented in proportion to the overage"
THR00046,2026-01-05,northcentralus-dc07-cap03,northcentralus-dc07,northcentralus,F64,interactive_rejection,84.29,8,0,Interactive jobs rejected; background still runs,True,"SYNTHETIC - generated, not a business source: throttling days derived from the per-capacity CU series of the Shared/Dedicated fleet; rejected operation counts invented in proportion to the overage"
THR00047,2026-01-05,northcentralus-dc09-cap01,northcentralus-dc09,northcentralus,F128,interactive_rejection,167.06,19,0,Interactive jobs rejected; background still runs,True,"SYNTHETIC - generated, not a business source: throttling days derived from the per-capacity CU series of the Shared/Dedicated fleet; rejected operation counts invented in proportion to the overage"
THR00048,2026-01-06,northcentralus-dc06-cap01,northcentralus-dc06,northcentralus,F128,interactive_delay,37.1,0,0,Interactive jobs delayed 20 seconds at submission,True,"SYNTHETIC - generated, not a business source: throttling days derived from the per-capacity CU series of the Shared/Dedicated fleet; rejected operation counts invented in proportion to the overage"
THR00049,2026-01-08,northcentralus-dc07-cap01,northcentralus-dc07,northcentralus,F16,interactive_rejection,176.82,19,0,Interactive jobs rejected; background still runs,True,"SYNTHETIC - generated, not a business source: throttling days derived from the per-capacity CU series of the Shared/Dedicated fleet; rejected operation counts invented in proportion to the overage"
THR00050,2026-01-08,northcentralus-dc09-cap01,northcentralus-dc09,northcentralus,F128,interactive_delay,55.95,0,0,Interactive jobs delayed 20 seconds at submission,True,"SYNTHETIC - generated, not a business source: throttling days derived from the per-capacity CU series of the Shared/Dedicated fleet; rejected operation counts invented in proportion to the overage"
THR00051,2026-01-10,northcentralus-dc07-cap01,northcentralus-dc07,northcentralus,F16,interactive_delay,35.3,0,0,Interactive jobs delayed 20 seconds at submission,True,"SYNTHETIC - generated, not a business source: throttling days derived from the per-capacity CU series of the Shared/Dedicated fleet; rejected operation counts invented in proportion to the overage"
THR00052,2026-01-10,northcentralus-dc09-cap01,northcentralus-dc09,northcentralus,F128,interactive_rejection,132.86,15,0,Interactive jobs rejected; background still runs,True,"SYNTHETIC - generated, not a business source: throttling days derived from the per-capacity CU series of the Shared/Dedicated fleet; rejected operation counts invented in proportion to the overage"
THR00053,2026-01-11,northcentralus-dc01-cap02,northcentralus-dc01,northcentralus,F64,interactive_rejection,99.26,12,0,Interactive jobs rejected; background still runs,True,"SYNTHETIC - generated, not a business source: throttling days derived from the per-capacity CU series of the Shared/Dedicated fleet; rejected operation counts invented in proportion to the overage"
THR00054,2026-01-11,northcentralus-dc05-cap04,northcentralus-dc05,northcentralus,F32,interactive_rejection,86.47,11,0,Interactive jobs rejected; background still runs,True,"SYNTHETIC - generated, not a business source: throttling days derived from the per-capacity CU series of the Shared/Dedicated fleet; rejected operation counts invented in proportion to the overage"
THR00055,2026-01-11,northcentralus-dc07-cap01,northcentralus-dc07,northcentralus,F16,interactive_delay,57.72,0,0,Interactive jobs delayed 20 seconds at submission,True,"SYNTHETIC - generated, not a business source: throttling days derived from the per-capacity CU series of the Shared/Dedicated fleet; rejected operation counts invented in proportion to the overage"
THR00056,2026-01-13,northcentralus-dc01-cap01,northcentralus-dc01,northcentralus,F64,interactive_rejection,111.42,13,0,Interactive jobs rejected; background still runs,True,"SYNTHETIC - generated, not a business source: throttling days derived from the per-capacity CU series of the Shared/Dedicated fleet; rejected operation counts invented in proportion to the overage"
THR00057,2026-01-13,northcentralus-dc07-cap01,northcentralus-dc07,northcentralus,F16,interactive_rejection,191.01,18,0,Interactive jobs rejected; background still runs,True,"SYNTHETIC - generated, not a business source: throttling days derived from the per-capacity CU series of the Shared/Dedicated fleet; rejected operation counts invented in proportion to the overage"
THR00058,2026-01-14,northcentralus-dc06-cap01,northcentralus-dc06,northcentralus,F128,interactive_rejection,113.77,10,0,Interactive jobs rejected; background still runs,True,"SYNTHETIC - generated, not a business source: throttling days derived from the per-capacity CU series of the Shared/Dedicated fleet; rejected operation counts invented in proportion to the overage"
THR00059,2026-01-14,northcentralus-dc09-cap01,northcentralus-dc09,northcentralus,F128,interactive_rejection,170.26,20,0,Interactive jobs rejected; background still runs,True,"SYNTHETIC - generated, not a business source: throttling days derived from the per-capacity CU series of the Shared/Dedicated fleet; rejected operation counts invented in proportion to the overage"
THR00060,2026-01-15,northcentralus-dc06-cap01,northcentralus-dc06,northcentralus,F128,interactive_rejection,126.22,12,0,Interactive jobs rejected; background still runs,True,"SYNTHETIC - generated, not a business source: throttling days derived from the per-capacity CU series of the Shared/Dedicated fleet; rejected operation counts invented in proportion to the overage"
THR00061,2026-01-15,northcentralus-dc07-cap03,northcentralus-dc07,northcentralus,F64,interactive_rejection,60.54,5,0,Interactive jobs rejected; background still runs,True,"SYNTHETIC - generated, not a business source: throttling days derived from the per-capacity CU series of the Shared/Dedicated fleet; rejected operation counts invented in proportion to the overage"
THR00062,2026-01-16,northcentralus-dc07-cap03,northcentralus-dc07,northcentralus,F64,interactive_rejection,74.17,12,0,Interactive jobs rejected; background still runs,True,"SYNTHETIC - generated, not a business source: throttling days derived from the per-capacity CU series of the Shared/Dedicated fleet; rejected operation counts invented in proportion to the overage"
THR00063,2026-01-16,northcentralus-dc09-cap01,northcentralus-dc09,northcentralus,F128,interactive_rejection,200.08,24,0,Interactive jobs rejected; background still runs,True,"SYNTHETIC - generated, not a business source: throttling days derived from the per-capacity CU series of the Shared/Dedicated fleet; rejected operation counts invented in proportion to the overage"
THR00064,2026-01-18,northcentralus-dc07-cap01,northcentralus-dc07,northcentralus,F16,interactive_rejection,80.54,10,0,Interactive jobs rejected; background still runs,True,"SYNTHETIC - generated, not a business source: throttling days derived from the per-capacity CU series of the Shared/Dedicated fleet; rejected operation counts invented in proportion to the overage"
THR00065,2026-01-18,northcentralus-dc09-cap01,northcentralus-dc09,northcentralus,F128,interactive_rejection,148.35,17,0,Interactive jobs rejected; background still runs,True,"SYNTHETIC - generated, not a business source: throttling days derived from the per-capacity CU series of the Shared/Dedicated fleet; rejected operation counts invented in proportion to the overage"
THR00066,2026-01-19,northcentralus-dc02-cap01,northcentralus-dc02,northcentralus,F128,interactive_rejection,237.29,17,0,Interactive jobs rejected; background still runs,True,"SYNTHETIC - generated, not a business source: throttling days derived from the per-capacity CU series of the Shared/Dedicated fleet; rejected operation counts invented in proportion to the overage"
THR00067,2026-01-19,northcentralus-dc06-cap01,northcentralus-dc06,northcentralus,F128,interactive_delay,27.03,0,0,Interactive jobs delayed 20 seconds at submission,True,"SYNTHETIC - generated, not a business source: throttling days derived from the per-capacity CU series of the Shared/Dedicated fleet; rejected operation counts invented in proportion to the overage"
THR00068,2026-01-19,northcentralus-dc09-cap01,northcentralus-dc09,northcentralus,F128,interactive_rejection,93.51,14,0,Interactive jobs rejected; background still runs,True,"SYNTHETIC - generated, not a business source: throttling days derived from the per-capacity CU series of the Shared/Dedicated fleet; rejected operation counts invented in proportion to the overage"
THR00069,2026-01-20,northcentralus-dc07-cap03,northcentralus-dc07,northcentralus,F64,interactive_rejection,67.31,10,0,Interactive jobs rejected; background still runs,True,"SYNTHETIC - generated, not a business source: throttling days derived from the per-capacity CU series of the Shared/Dedicated fleet; rejected operation counts invented in proportion to the overage"
THR00070,2026-01-20,northcentralus-dc09-cap01,northcentralus-dc09,northcentralus,F128,interactive_rejection,140.49,22,0,Interactive jobs rejected; background still runs,True,"SYNTHETIC - generated, not a business source: throttling days derived from the per-capacity CU series of the Shared/Dedicated fleet; rejected operation counts invented in proportion to the overage"
THR00071,2026-01-22,northcentralus-dc05-cap04,northcentralus-dc05,northcentralus,F32,interactive_rejection,106.44,11,0,Interactive jobs rejected; background still runs,True,"SYNTHETIC - generated, not a business source: throttling days derived from the per-capacity CU series of the Shared/Dedicated fleet; rejected operation counts invented in proportion to the overage"
THR00072,2026-01-22,northcentralus-dc06-cap01,northcentralus-dc06,northcentralus,F128,interactive_rejection,266.99,27,0,Interactive jobs rejected; background still runs,True,"SYNTHETIC - generated, not a business source: throttling days derived from the per-capacity CU series of the Shared/Dedicated fleet; rejected operation counts invented in proportion to the overage"
THR00073,2026-01-22,northcentralus-dc07-cap03,northcentralus-dc07,northcentralus,F64,interactive_rejection,143.77,24,0,Interactive jobs rejected; background still runs,True,"SYNTHETIC - generated, not a business source: throttling days derived from the per-capacity CU series of the Shared/Dedicated fleet; rejected operation counts invented in proportion to the overage"
THR00074,2026-01-22,northcentralus-dc09-cap01,northcentralus-dc09,northcentralus,F128,interactive_rejection,85.76,10,0,Interactive jobs rejected; background still runs,True,"SYNTHETIC - generated, not a business source: throttling days derived from the per-capacity CU series of the Shared/Dedicated fleet; rejected operation counts invented in proportion to the overage"
THR00075,2026-01-23,northcentralus-dc01-cap01,northcentralus-dc01,northcentralus,F64,interactive_delay,34.49,0,0,Interactive jobs delayed 20 seconds at submission,True,"SYNTHETIC - generated, not a business source: throttling days derived from the per-capacity CU series of the Shared/Dedicated fleet; rejected operation counts invented in proportion to the overage"
THR00076,2026-01-23,northcentralus-dc05-cap04,northcentralus-dc05,northcentralus,F32,interactive_delay,17.43,0,0,Interactive jobs delayed 20 seconds at submission,True,"SYNTHETIC - generated, not a business source: throttling days derived from the per-capacity CU series of the Shared/Dedicated fleet; rejected operation counts invented in proportion to the overage"
THR00077,2026-01-23,northcentralus-dc07-cap01,northcentralus-dc07,northcentralus,F16,interactive_rejection,60.95,5,0,Interactive jobs rejected; background still runs,True,"SYNTHETIC - generated, not a business source: throttling days derived from the per-capacity CU series of the Shared/Dedicated fleet; rejected operation counts invented in proportion to the overage"
THR00078,2026-01-23,northcentralus-dc07-cap03,northcentralus-dc07,northcentralus,F64,interactive_delay,55.96,0,0,Interactive jobs delayed 20 seconds at submission,True,"SYNTHETIC - generated, not a business source: throttling days derived from the per-capacity CU series of the Shared/Dedicated fleet; rejected operation counts invented in proportion to the overage"
THR00079,2026-01-23,northcentralus-dc09-cap01,northcentralus-dc09,northcentralus,F128,interactive_rejection,197.35,20,0,Interactive jobs rejected; background still runs,True,"SYNTHETIC - generated, not a business source: throttling days derived from the per-capacity CU series of the Shared/Dedicated fleet; rejected operation counts invented in proportion to the overage"
THR00080,2026-01-24,northcentralus-dc06-cap01,northcentralus-dc06,northcentralus,F128,interactive_delay,28.39,0,0,Interactive jobs delayed 20 seconds at submission,True,"SYNTHETIC - generated, not a business source: throttling days derived from the per-capacity CU series of the Shared/Dedicated fleet; rejected operation counts invented in proportion to the overage"
THR00081,2026-01-24,northcentralus-dc07-cap01,northcentralus-dc07,northcentralus,F16,interactive_rejection,123.02,18,0,Interactive jobs rejected; background still runs,True,"SYNTHETIC - generated, not a business source: throttling days derived from the per-capacity CU series of the Shared/Dedicated fleet; rejected operation counts invented in proportion to the overage"
THR00082,2026-01-24,northcentralus-dc07-cap03,northcentralus-dc07,northcentralus,F64,interactive_rejection,63.04,10,0,Interactive jobs rejected; background still runs,True,"SYNTHETIC - generated, not a business source: throttling days derived from the per-capacity CU series of the Shared/Dedicated fleet; rejected operation counts invented in proportion to the overage"
THR00083,2026-01-24,northcentralus-dc09-cap01,northcentralus-dc09,northcentralus,F128,interactive_delay,35.87,0,0,Interactive jobs delayed 20 seconds at submission,True,"SYNTHETIC - generated, not a business source: throttling days derived from the per-capacity CU series of the Shared/Dedicated fleet; rejected operation counts invented in proportion to the overage"
THR00084,2026-01-25,northcentralus-dc07-cap01,northcentralus-dc07,northcentralus,F16,interactive_rejection,93.2,12,0,Interactive jobs rejected; background still runs,True,"SYNTHETIC - generated, not a business source: throttling days derived from the per-capacity CU series of the Shared/Dedicated fleet; rejected operation counts invented in proportion to the overage"
THR00085,2026-01-25,northcentralus-dc09-cap01,northcentralus-dc09,northcentralus,F128,interactive_rejection,140.57,13,0,Interactive jobs rejected; background still runs,True,"SYNTHETIC - generated, not a business source: throttling days derived from the per-capacity CU series of the Shared/Dedicated fleet; rejected operation counts invented in proportion to the overage"
THR00086,2026-01-26,northcentralus-dc01-cap01,northcentralus-dc01,northcentralus,F64,interactive_delay,13.67,0,0,Interactive jobs delayed 20 seconds at submission,True,"SYNTHETIC - generated, not a business source: throttling days derived from the per-capacity CU series of the Shared/Dedicated fleet; rejected operation counts invented in proportion to the overage"
THR00087,2026-01-26,northcentralus-dc04-cap01,northcentralus-dc04,northcentralus,F8,interactive_delay,40.28,0,0,Interactive jobs delayed 20 seconds at submission,True,"SYNTHETIC - generated, not a business source: throttling days derived from the per-capacity CU series of the Shared/Dedicated fleet; rejected operation counts invented in proportion to the overage"
THR00088,2026-01-26,northcentralus-dc06-cap01,northcentralus-dc06,northcentralus,F128,interactive_delay,26.54,0,0,Interactive jobs delayed 20 seconds at submission,True,"SYNTHETIC - generated, not a business source: throttling days derived from the per-capacity CU series of the Shared/Dedicated fleet; rejected operation counts invented in proportion to the overage"
THR00089,2026-01-26,northcentralus-dc07-cap01,northcentralus-dc07,northcentralus,F16,interactive_rejection,91.08,12,0,Interactive jobs rejected; background still runs,True,"SYNTHETIC - generated, not a business source: throttling days derived from the per-capacity CU series of the Shared/Dedicated fleet; rejected operation counts invented in proportion to the overage"
THR00090,2026-01-27,northcentralus-dc01-cap01,northcentralus-dc01,northcentralus,F64,interactive_delay,40.25,0,0,Interactive jobs delayed 20 seconds at submission,True,"SYNTHETIC - generated, not a business source: throttling days derived from the per-capacity CU series of the Shared/Dedicated fleet; rejected operation counts invented in proportion to the overage"
THR00091,2026-01-27,northcentralus-dc01-cap02,northcentralus-dc01,northcentralus,F64,interactive_delay,35.77,0,0,Interactive jobs delayed 20 seconds at submission,True,"SYNTHETIC - generated, not a business source: throttling days derived from the per-capacity CU series of the Shared/Dedicated fleet; rejected operation counts invented in proportion to the overage"
THR00092,2026-01-27,northcentralus-dc01-cap04,northcentralus-dc01,northcentralus,F2,interactive_delay,22.75,0,0,Interactive jobs delayed 20 seconds at submission,True,"SYNTHETIC - generated, not a business source: throttling days derived from the per-capacity CU series of the Shared/Dedicated fleet; rejected operation counts invented in proportion to the overage"
THR00093,2026-01-27,northcentralus-dc06-cap01,northcentralus-dc06,northcentralus,F128,interactive_rejection,149.23,20,0,Interactive jobs rejected; background still runs,True,"SYNTHETIC - generated, not a business source: throttling days derived from the per-capacity CU series of the Shared/Dedicated fleet; rejected operation counts invented in proportion to the overage"
THR00094,2026-01-27,northcentralus-dc07-cap01,northcentralus-dc07,northcentralus,F16,interactive_rejection,140.17,24,0,Interactive jobs rejected; background still runs,True,"SYNTHETIC - generated, not a business source: throttling days derived from the per-capacity CU series of the Shared/Dedicated fleet; rejected operation counts invented in proportion to the overage"
THR00095,2026-01-27,northcentralus-dc07-cap03,northcentralus-dc07,northcentralus,F64,interactive_rejection,163.82,14,0,Interactive jobs rejected; background still runs,True,"SYNTHETIC - generated, not a business source: throttling days derived from the per-capacity CU series of the Shared/Dedicated fleet; rejected operation counts invented in proportion to the overage"
THR00096,2026-01-27,northcentralus-dc09-cap01,northcentralus-dc09,northcentralus,F128,interactive_rejection,97.28,10,0,Interactive jobs rejected; background still runs,True,"SYNTHETIC - generated, not a business source: throttling days derived from the per-capacity CU series of the Shared/Dedicated fleet; rejected operation counts invented in proportion to the overage"
THR00097,2026-01-28,northcentralus-dc05-cap04,northcentralus-dc05,northcentralus,F32,interactive_delay,55.29,0,0,Interactive jobs delayed 20 seconds at submission,True,"SYNTHETIC - generated, not a business source: throttling days derived from the per-capacity CU series of the Shared/Dedicated fleet; rejected operation counts invented in proportion to the overage"
THR00098,2025-10-27,southcentralus-dc03-cap05,southcentralus-dc03,southcentralus,F8,interactive_delay,10.88,0,0,Interactive jobs delayed 20 seconds at submission,True,"SYNTHETIC - generated, not a business source: throttling days derived from the per-capacity CU series of the Shared/Dedicated fleet; rejected operation counts invented in proportion to the overage"
THR00099,2025-11-04,southcentralus-dc09-cap04,southcentralus-dc09,southcentralus,F4,interactive_delay,50.57,0,0,Interactive jobs delayed 20 seconds at submission,True,"SYNTHETIC - generated, not a business source: throttling days derived from the per-capacity CU series of the Shared/Dedicated fleet; rejected operation counts invented in proportion to the overage"
THR00100,2025-11-11,southcentralus-dc03-cap05,southcentralus-dc03,southcentralus,F8,interactive_rejection,165.73,17,0,Interactive jobs rejected; background still runs,True,"SYNTHETIC - generated, not a business source: throttling days derived from the per-capacity CU series of the Shared/Dedicated fleet; rejected operation counts invented in proportion to the overage"
THR00101,2025-11-22,southcentralus-dc07-cap03,southcentralus-dc07,southcentralus,F2,interactive_rejection,95.73,13,0,Interactive jobs rejected; background still runs,True,"SYNTHETIC - generated, not a business source: throttling days derived from the per-capacity CU series of the Shared/Dedicated fleet; rejected operation counts invented in proportion to the overage"
THR00102,2025-11-24,southcentralus-dc02-cap04,southcentralus-dc02,southcentralus,F64,interactive_delay,59.16,0,0,Interactive jobs delayed 20 seconds at submission,True,"SYNTHETIC - generated, not a business source: throttling days derived from the per-capacity CU series of the Shared/Dedicated fleet; rejected operation counts invented in proportion to the overage"
THR00103,2025-11-29,southcentralus-dc03-cap05,southcentralus-dc03,southcentralus,F8,interactive_rejection,101.8,12,0,Interactive jobs rejected; background still runs,True,"SYNTHETIC - generated, not a business source: throttling days derived from the per-capacity CU series of the Shared/Dedicated fleet; rejected operation counts invented in proportion to the overage"
THR00104,2025-11-30,southcentralus-dc03-cap05,southcentralus-dc03,southcentralus,F8,interactive_rejection,204.82,20,0,Interactive jobs rejected; background still runs,True,"SYNTHETIC - generated, not a business source: throttling days derived from the per-capacity CU series of the Shared/Dedicated fleet; rejected operation counts invented in proportion to the overage"
THR00105,2025-12-01,southcentralus-dc03-cap02,southcentralus-dc03,southcentralus,F32,interactive_delay,44.84,0,0,Interactive jobs delayed 20 seconds at submission,True,"SYNTHETIC - generated, not a business source: throttling days derived from the per-capacity CU series of the Shared/Dedicated fleet; rejected operation counts invented in proportion to the overage"
THR00106,2025-12-03,southcentralus-dc03-cap05,southcentralus-dc03,southcentralus,F8,interactive_rejection,85.48,9,0,Interactive jobs rejected; background still runs,True,"SYNTHETIC - generated, not a business source: throttling days derived from the per-capacity CU series of the Shared/Dedicated fleet; rejected operation counts invented in proportion to the overage"
THR00107,2025-12-03,southcentralus-dc09-cap04,southcentralus-dc09,southcentralus,F4,interactive_rejection,128.41,16,0,Interactive jobs rejected; background still runs,True,"SYNTHETIC - generated, not a business source: throttling days derived from the per-capacity CU series of the Shared/Dedicated fleet; rejected operation counts invented in proportion to the overage"
THR00108,2025-12-04,southcentralus-dc03-cap05,southcentralus-dc03,southcentralus,F8,interactive_delay,12.86,0,0,Interactive jobs delayed 20 seconds at submission,True,"SYNTHETIC - generated, not a business source: throttling days derived from the per-capacity CU series of the Shared/Dedicated fleet; rejected operation counts invented in proportion to the overage"
THR00109,2025-12-04,southcentralus-dc09-cap04,southcentralus-dc09,southcentralus,F4,interactive_rejection,69.18,8,0,Interactive jobs rejected; background still runs,True,"SYNTHETIC - generated, not a business source: throttling days derived from the per-capacity CU series of the Shared/Dedicated fleet; rejected operation counts invented in proportion to the overage"
THR00110,2025-12-05,southcentralus-dc03-cap05,southcentralus-dc03,southcentralus,F8,interactive_rejection,182.09,20,0,Interactive jobs rejected; background still runs,True,"SYNTHETIC - generated, not a business source: throttling days derived from the per-capacity CU series of the Shared/Dedicated fleet; rejected operation counts invented in proportion to the overage"
THR00111,2025-12-05,southcentralus-dc07-cap03,southcentralus-dc07,southcentralus,F2,interactive_rejection,86.25,7,0,Interactive jobs rejected; background still runs,True,"SYNTHETIC - generated, not a business source: throttling days derived from the per-capacity CU series of the Shared/Dedicated fleet; rejected operation counts invented in proportion to the overage"
THR00112,2025-12-07,southcentralus-dc09-cap04,southcentralus-dc09,southcentralus,F4,interactive_rejection,112.18,11,0,Interactive jobs rejected; background still runs,True,"SYNTHETIC - generated, not a business source: throttling days derived from the per-capacity CU series of the Shared/Dedicated fleet; rejected operation counts invented in proportion to the overage"
THR00113,2025-12-08,southcentralus-dc03-cap05,southcentralus-dc03,southcentralus,F8,interactive_rejection,114.97,9,0,Interactive jobs rejected; background still runs,True,"SYNTHETIC - generated, not a business source: throttling days derived from the per-capacity CU series of the Shared/Dedicated fleet; rejected operation counts invented in proportion to the overage"
THR00114,2025-12-08,southcentralus-dc09-cap04,southcentralus-dc09,southcentralus,F4,interactive_delay,13.99,0,0,Interactive jobs delayed 20 seconds at submission,True,"SYNTHETIC - generated, not a business source: throttling days derived from the per-capacity CU series of the Shared/Dedicated fleet; rejected operation counts invented in proportion to the overage"
THR00115,2025-12-09,southcentralus-dc01-cap04,southcentralus-dc01,southcentralus,F16,interactive_delay,32.93,0,0,Interactive jobs delayed 20 seconds at submission,True,"SYNTHETIC - generated, not a business source: throttling days derived from the per-capacity CU series of the Shared/Dedicated fleet; rejected operation counts invented in proportion to the overage"
THR00116,2025-12-11,southcentralus-dc09-cap04,southcentralus-dc09,southcentralus,F4,interactive_rejection,98.59,15,0,Interactive jobs rejected; background still runs,True,"SYNTHETIC - generated, not a business source: throttling days derived from the per-capacity CU series of the Shared/Dedicated fleet; rejected operation counts invented in proportion to the overage"
THR00117,2025-12-12,southcentralus-dc07-cap03,southcentralus-dc07,southcentralus,F2,interactive_rejection,125.63,12,0,Interactive jobs rejected; background still runs,True,"SYNTHETIC - generated, not a business source: throttling days derived from the per-capacity CU series of the Shared/Dedicated fleet; rejected operation counts invented in proportion to the overage"
THR00118,2025-12-14,southcentralus-dc03-cap02,southcentralus-dc03,southcentralus,F32,interactive_delay,29.15,0,0,Interactive jobs delayed 20 seconds at submission,True,"SYNTHETIC - generated, not a business source: throttling days derived from the per-capacity CU series of the Shared/Dedicated fleet; rejected operation counts invented in proportion to the overage"
THR00119,2025-12-14,southcentralus-dc09-cap04,southcentralus-dc09,southcentralus,F4,interactive_rejection,153.55,25,0,Interactive jobs rejected; background still runs,True,"SYNTHETIC - generated, not a business source: throttling days derived from the per-capacity CU series of the Shared/Dedicated fleet; rejected operation counts invented in proportion to the overage"
THR00120,2025-12-15,southcentralus-dc01-cap04,southcentralus-dc01,southcentralus,F16,interactive_delay,42.15,0,0,Interactive jobs delayed 20 seconds at submission,True,"SYNTHETIC - generated, not a business source: throttling days derived from the per-capacity CU series of the Shared/Dedicated fleet; rejected operation counts invented in proportion to the overage"
THR00121,2025-12-15,southcentralus-dc09-cap02,southcentralus-dc09,southcentralus,F64,interactive_delay,21.23,0,0,Interactive jobs delayed 20 seconds at submission,True,"SYNTHETIC - generated, not a business source: throttling days derived from the per-capacity CU series of the Shared/Dedicated fleet; rejected operation counts invented in proportion to the overage"
THR00122,2025-12-15,southcentralus-dc09-cap04,southcentralus-dc09,southcentralus,F4,interactive_delay,45.68,0,0,Interactive jobs delayed 20 seconds at submission,True,"SYNTHETIC - generated, not a business source: throttling days derived from the per-capacity CU series of the Shared/Dedicated fleet; rejected operation counts invented in proportion to the overage"
THR00123,2025-12-17,southcentralus-dc07-cap03,southcentralus-dc07,southcentralus,F2,interactive_rejection,92.04,16,0,Interactive jobs rejected; background still runs,True,"SYNTHETIC - generated, not a business source: throttling days derived from the per-capacity CU series of the Shared/Dedicated fleet; rejected operation counts invented in proportion to the overage"
THR00124,2025-12-17,southcentralus-dc09-cap04,southcentralus-dc09,southcentralus,F4,interactive_rejection,124.71,19,0,Interactive jobs rejected; background still runs,True,"SYNTHETIC - generated, not a business source: throttling days derived from the per-capacity CU series of the Shared/Dedicated fleet; rejected operation counts invented in proportion to the overage"
THR00125,2025-12-18,southcentralus-dc01-cap04,southcentralus-dc01,southcentralus,F16,interactive_delay,11.11,0,0,Interactive jobs delayed 20 seconds at submission,True,"SYNTHETIC - generated, not a business source: throttling days derived from the per-capacity CU series of the Shared/Dedicated fleet; rejected operation counts invented in proportion to the overage"
THR00126,2025-12-18,southcentralus-dc02-cap04,southcentralus-dc02,southcentralus,F64,interactive_rejection,83.8,13,0,Interactive jobs rejected; background still runs,True,"SYNTHETIC - generated, not a business source: throttling days derived from the per-capacity CU series of the Shared/Dedicated fleet; rejected operation counts invented in proportion to the overage"
THR00127,2025-12-18,southcentralus-dc03-cap05,southcentralus-dc03,southcentralus,F8,interactive_rejection,86.37,10,0,Interactive jobs rejected; background still runs,True,"SYNTHETIC - generated, not a business source: throttling days derived from the per-capacity CU series of the Shared/Dedicated fleet; rejected operation counts invented in proportion to the overage"
THR00128,2025-12-18,southcentralus-dc09-cap04,southcentralus-dc09,southcentralus,F4,interactive_delay,13.42,0,0,Interactive jobs delayed 20 seconds at submission,True,"SYNTHETIC - generated, not a business source: throttling days derived from the per-capacity CU series of the Shared/Dedicated fleet; rejected operation counts invented in proportion to the overage"
THR00129,2025-12-19,southcentralus-dc03-cap05,southcentralus-dc03,southcentralus,F8,interactive_delay,53.59,0,0,Interactive jobs delayed 20 seconds at submission,True,"SYNTHETIC - generated, not a business source: throttling days derived from the per-capacity CU series of the Shared/Dedicated fleet; rejected operation counts invented in proportion to the overage"
THR00130,2025-12-20,southcentralus-dc09-cap04,southcentralus-dc09,southcentralus,F4,interactive_delay,38.81,0,0,Interactive jobs delayed 20 seconds at submission,True,"SYNTHETIC - generated, not a business source: throttling days derived from the per-capacity CU series of the Shared/Dedicated fleet; rejected operation counts invented in proportion to the overage"
THR00131,2025-12-22,southcentralus-dc03-cap02,southcentralus-dc03,southcentralus,F32,interactive_rejection,119.71,8,0,Interactive jobs rejected; background still runs,True,"SYNTHETIC - generated, not a business source: throttling days derived from the per-capacity CU series of the Shared/Dedicated fleet; rejected operation counts invented in proportion to the overage"
THR00132,2025-12-22,southcentralus-dc03-cap05,southcentralus-dc03,southcentralus,F8,interactive_rejection,86.29,7,0,Interactive jobs rejected; background still runs,True,"SYNTHETIC - generated, not a business source: throttling days derived from the per-capacity CU series of the Shared/Dedicated fleet; rejected operation counts invented in proportion to the overage"
THR00133,2025-12-23,southcentralus-dc03-cap05,southcentralus-dc03,southcentralus,F8,interactive_rejection,138.29,17,0,Interactive jobs rejected; background still runs,True,"SYNTHETIC - generated, not a business source: throttling days derived from the per-capacity CU series of the Shared/Dedicated fleet; rejected operation counts invented in proportion to the overage"
THR00134,2025-12-24,southcentralus-dc03-cap05,southcentralus-dc03,southcentralus,F8,interactive_delay,19.61,0,0,Interactive jobs delayed 20 seconds at submission,True,"SYNTHETIC - generated, not a business source: throttling days derived from the per-capacity CU series of the Shared/Dedicated fleet; rejected operation counts invented in proportion to the overage"
THR00135,2025-12-24,southcentralus-dc09-cap04,southcentralus-dc09,southcentralus,F4,interactive_rejection,106.81,15,0,Interactive jobs rejected; background still runs,True,"SYNTHETIC - generated, not a business source: throttling days derived from the per-capacity CU series of the Shared/Dedicated fleet; rejected operation counts invented in proportion to the overage"
THR00136,2025-12-25,southcentralus-dc03-cap02,southcentralus-dc03,southcentralus,F32,interactive_delay,42.47,0,0,Interactive jobs delayed 20 seconds at submission,True,"SYNTHETIC - generated, not a business source: throttling days derived from the per-capacity CU series of the Shared/Dedicated fleet; rejected operation counts invented in proportion to the overage"
THR00137,2025-12-25,southcentralus-dc03-cap05,southcentralus-dc03,southcentralus,F8,interactive_rejection,165.9,21,0,Interactive jobs rejected; background still runs,True,"SYNTHETIC - generated, not a business source: throttling days derived from the per-capacity CU series of the Shared/Dedicated fleet; rejected operation counts invented in proportion to the overage"
THR00138,2025-12-26,southcentralus-dc02-cap04,southcentralus-dc02,southcentralus,F64,interactive_rejection,122.2,12,0,Interactive jobs rejected; background still runs,True,"SYNTHETIC - generated, not a business source: throttling days derived from the per-capacity CU series of the Shared/Dedicated fleet; rejected operation counts invented in proportion to the overage"
THR00139,2025-12-26,southcentralus-dc03-cap02,southcentralus-dc03,southcentralus,F32,interactive_delay,33.33,0,0,Interactive jobs delayed 20 seconds at submission,True,"SYNTHETIC - generated, not a business source: throttling days derived from the per-capacity CU series of the Shared/Dedicated fleet; rejected operation counts invented in proportion to the overage"
THR00140,2025-12-26,southcentralus-dc03-cap05,southcentralus-dc03,southcentralus,F8,interactive_rejection,225.47,26,0,Interactive jobs rejected; background still runs,True,"SYNTHETIC - generated, not a business source: throttling days derived from the per-capacity CU series of the Shared/Dedicated fleet; rejected operation counts invented in proportion to the overage"
THR00141,2025-12-26,southcentralus-dc07-cap03,southcentralus-dc07,southcentralus,F2,interactive_rejection,204.78,29,0,Interactive jobs rejected; background still runs,True,"SYNTHETIC - generated, not a business source: throttling days derived from the per-capacity CU series of the Shared/Dedicated fleet; rejected operation counts invented in proportion to the overage"
THR00142,2025-12-26,southcentralus-dc09-cap02,southcentralus-dc09,southcentralus,F64,interactive_rejection,78.52,11,0,Interactive jobs rejected; background still runs,True,"SYNTHETIC - generated, not a business source: throttling days derived from the per-capacity CU series of the Shared/Dedicated fleet; rejected operation counts invented in proportion to the overage"
THR00143,2025-12-27,southcentralus-dc09-cap04,southcentralus-dc09,southcentralus,F4,interactive_delay,40.45,0,0,Interactive jobs delayed 20 seconds at submission,True,"SYNTHETIC - generated, not a business source: throttling days derived from the per-capacity CU series of the Shared/Dedicated fleet; rejected operation counts invented in proportion to the overage"
THR00144,2025-12-28,southcentralus-dc03-cap05,southcentralus-dc03,southcentralus,F8,interactive_rejection,137.8,14,0,Interactive jobs rejected; background still runs,True,"SYNTHETIC - generated, not a business source: throttling days derived from the per-capacity CU series of the Shared/Dedicated fleet; rejected operation counts invented in proportion to the overage"
THR00145,2025-12-29,southcentralus-dc02-cap04,southcentralus-dc02,southcentralus,F64,interactive_delay,48.47,0,0,Interactive jobs delayed 20 seconds at submission,True,"SYNTHETIC - generated, not a business source: throttling days derived from the per-capacity CU series of the Shared/Dedicated fleet; rejected operation counts invented in proportion to the overage"
THR00146,2025-12-29,southcentralus-dc03-cap02,southcentralus-dc03,southcentralus,F32,interactive_delay,32.8,0,0,Interactive jobs delayed 20 seconds at submission,True,"SYNTHETIC - generated, not a business source: throttling days derived from the per-capacity CU series of the Shared/Dedicated fleet; rejected operation counts invented in proportion to the overage"
THR00147,2025-12-29,southcentralus-dc03-cap05,southcentralus-dc03,southcentralus,F8,interactive_rejection,194.65,26,0,Interactive jobs rejected; background still runs,True,"SYNTHETIC - generated, not a business source: throttling days derived from the per-capacity CU series of the Shared/Dedicated fleet; rejected operation counts invented in proportion to the overage"
THR00148,2025-12-29,southcentralus-dc04-cap01,southcentralus-dc04,southcentralus,F256,interactive_rejection,285.95,20,0,Interactive jobs rejected; background still runs,True,"SYNTHETIC - generated, not a business source: throttling days derived from the per-capacity CU series of the Shared/Dedicated fleet; rejected operation counts invented in proportion to the overage"
THR00149,2025-12-30,southcentralus-dc01-cap04,southcentralus-dc01,southcentralus,F16,interactive_rejection,73.29,9,0,Interactive jobs rejected; background still runs,True,"SYNTHETIC - generated, not a business source: throttling days derived from the per-capacity CU series of the Shared/Dedicated fleet; rejected operation counts invented in proportion to the overage"
THR00150,2025-12-30,southcentralus-dc02-cap05,southcentralus-dc02,southcentralus,F4,interactive_delay,21.26,0,0,Interactive jobs delayed 20 seconds at submission,True,"SYNTHETIC - generated, not a business source: throttling days derived from the per-capacity CU series of the Shared/Dedicated fleet; rejected operation counts invented in proportion to the overage"
THR00151,2025-12-30,southcentralus-dc09-cap04,southcentralus-dc09,southcentralus,F4,interactive_rejection,225.35,26,0,Interactive jobs rejected; background still runs,True,"SYNTHETIC - generated, not a business source: throttling days derived from the per-capacity CU series of the Shared/Dedicated fleet; rejected operation counts invented in proportion to the overage"
THR00152,2025-12-31,southcentralus-dc03-cap05,southcentralus-dc03,southcentralus,F8,interactive_rejection,95.27,8,0,Interactive jobs rejected; background still runs,True,"SYNTHETIC - generated, not a business source: throttling days derived from the per-capacity CU series of the Shared/Dedicated fleet; rejected operation counts invented in proportion to the overage"
THR00153,2025-12-31,southcentralus-dc04-cap01,southcentralus-dc04,southcentralus,F256,interactive_delay,59.45,0,0,Interactive jobs delayed 20 seconds at submission,True,"SYNTHETIC - generated, not a business source: throttling days derived from the per-capacity CU series of the Shared/Dedicated fleet; rejected operation counts invented in proportion to the overage"
THR00154,2026-01-01,southcentralus-dc03-cap05,southcentralus-dc03,southcentralus,F8,interactive_rejection,285.29,29,0,Interactive jobs rejected; background still runs,True,"SYNTHETIC - generated, not a business source: throttling days derived from the per-capacity CU series of the Shared/Dedicated fleet; rejected operation counts invented in proportion to the overage"
THR00155,2026-01-01,southcentralus-dc04-cap01,southcentralus-dc04,southcentralus,F256,interactive_rejection,75.39,5,0,Interactive jobs rejected; background still runs,True,"SYNTHETIC - generated, not a business source: throttling days derived from the per-capacity CU series of the Shared/Dedicated fleet; rejected operation counts invented in proportion to the overage"
THR00156,2026-01-01,southcentralus-dc07-cap03,southcentralus-dc07,southcentralus,F2,interactive_delay,46.1,0,0,Interactive jobs delayed 20 seconds at submission,True,"SYNTHETIC - generated, not a business source: throttling days derived from the per-capacity CU series of the Shared/Dedicated fleet; rejected operation counts invented in proportion to the overage"
THR00157,2026-01-01,southcentralus-dc09-cap02,southcentralus-dc09,southcentralus,F64,interactive_delay,52.96,0,0,Interactive jobs delayed 20 seconds at submission,True,"SYNTHETIC - generated, not a business source: throttling days derived from the per-capacity CU series of the Shared/Dedicated fleet; rejected operation counts invented in proportion to the overage"
THR00158,2026-01-02,southcentralus-dc02-cap05,southcentralus-dc02,southcentralus,F4,interactive_rejection,80.65,5,0,Interactive jobs rejected; background still runs,True,"SYNTHETIC - generated, not a business source: throttling days derived from the per-capacity CU series of the Shared/Dedicated fleet; rejected operation counts invented in proportion to the overage"
THR00159,2026-01-02,southcentralus-dc03-cap05,southcentralus-dc03,southcentralus,F8,interactive_rejection,343.67,25,0,Interactive jobs rejected; background still runs,True,"SYNTHETIC - generated, not a business source: throttling days derived from the per-capacity CU series of the Shared/Dedicated fleet; rejected operation counts invented in proportion to the overage"
THR00160,2026-01-02,southcentralus-dc07-cap03,southcentralus-dc07,southcentralus,F2,interactive_delay,38.0,0,0,Interactive jobs delayed 20 seconds at submission,True,"SYNTHETIC - generated, not a business source: throttling days derived from the per-capacity CU series of the Shared/Dedicated fleet; rejected operation counts invented in proportion to the overage"
THR00161,2026-01-03,southcentralus-dc03-cap05,southcentralus-dc03,southcentralus,F8,interactive_rejection,110.19,23,0,Interactive jobs rejected; background still runs,True,"SYNTHETIC - generated, not a business source: throttling days derived from the per-capacity CU series of the Shared/Dedicated fleet; rejected operation counts invented in proportion to the overage"
THR00162,2026-01-03,southcentralus-dc09-cap04,southcentralus-dc09,southcentralus,F4,interactive_rejection,109.64,13,0,Interactive jobs rejected; background still runs,True,"SYNTHETIC - generated, not a business source: throttling days derived from the per-capacity CU series of the Shared/Dedicated fleet; rejected operation counts invented in proportion to the overage"
THR00163,2026-01-04,southcentralus-dc09-cap04,southcentralus-dc09,southcentralus,F4,interactive_rejection,176.2,18,0,Interactive jobs rejected; background still runs,True,"SYNTHETIC - generated, not a business source: throttling days derived from the per-capacity CU series of the Shared/Dedicated fleet; rejected operation counts invented in proportion to the overage"
THR00164,2026-01-05,southcentralus-dc01-cap04,southcentralus-dc01,southcentralus,F16,interactive_delay,12.19,0,0,Interactive jobs delayed 20 seconds at submission,True,"SYNTHETIC - generated, not a business source: throttling days derived from the per-capacity CU series of the Shared/Dedicated fleet; rejected operation counts invented in proportion to the overage"
THR00165,2026-01-05,southcentralus-dc03-cap02,southcentralus-dc03,southcentralus,F32,interactive_rejection,73.09,8,0,Interactive jobs rejected; background still runs,True,"SYNTHETIC - generated, not a business source: throttling days derived from the per-capacity CU series of the Shared/Dedicated fleet; rejected operation counts invented in proportion to the overage"
THR00166,2026-01-05,southcentralus-dc04-cap01,southcentralus-dc04,southcentralus,F256,interactive_rejection,89.33,8,0,Interactive jobs rejected; background still runs,True,"SYNTHETIC - generated, not a business source: throttling days derived from the per-capacity CU series of the Shared/Dedicated fleet; rejected operation counts invented in proportion to the overage"
THR00167,2026-01-05,southcentralus-dc09-cap04,southcentralus-dc09,southcentralus,F4,interactive_rejection,214.1,22,0,Interactive jobs rejected; background still runs,True,"SYNTHETIC - generated, not a business source: throttling days derived from the per-capacity CU series of the Shared/Dedicated fleet; rejected operation counts invented in proportion to the overage"
THR00168,2026-01-06,southcentralus-dc01-cap04,southcentralus-dc01,southcentralus,F16,interactive_rejection,98.46,12,0,Interactive jobs rejected; background still runs,True,"SYNTHETIC - generated, not a business source: throttling days derived from the per-capacity CU series of the Shared/Dedicated fleet; rejected operation counts invented in proportion to the overage"
THR00169,2026-01-06,southcentralus-dc03-cap05,southcentralus-dc03,southcentralus,F8,interactive_rejection,106.53,11,0,Interactive jobs rejected; background still runs,True,"SYNTHETIC - generated, not a business source: throttling days derived from the per-capacity CU series of the Shared/Dedicated fleet; rejected operation counts invented in proportion to the overage"
THR00170,2026-01-07,southcentralus-dc01-cap04,southcentralus-dc01,southcentralus,F16,interactive_rejection,159.48,23,0,Interactive jobs rejected; background still runs,True,"SYNTHETIC - generated, not a business source: throttling days derived from the per-capacity CU series of the Shared/Dedicated fleet; rejected operation counts invented in proportion to the overage"
THR00171,2026-01-07,southcentralus-dc02-cap04,southcentralus-dc02,southcentralus,F64,interactive_rejection,100.78,9,0,Interactive jobs rejected; background still runs,True,"SYNTHETIC - generated, not a business source: throttling days derived from the per-capacity CU series of the Shared/Dedicated fleet; rejected operation counts invented in proportion to the overage"
THR00172,2026-01-07,southcentralus-dc03-cap05,southcentralus-dc03,southcentralus,F8,interactive_rejection,227.81,28,0,Interactive jobs rejected; background still runs,True,"SYNTHETIC - generated, not a business source: throttling days derived from the per-capacity CU series of the Shared/Dedicated fleet; rejected operation counts invented in proportion to the overage"
THR00173,2026-01-07,southcentralus-dc07-cap03,southcentralus-dc07,southcentralus,F2,interactive_rejection,121.17,13,0,Interactive jobs rejected; background still runs,True,"SYNTHETIC - generated, not a business source: throttling days derived from the per-capacity CU series of the Shared/Dedicated fleet; rejected operation counts invented in proportion to the overage"
THR00174,2026-01-07,southcentralus-dc09-cap04,southcentralus-dc09,southcentralus,F4,interactive_rejection,103.8,22,0,Interactive jobs rejected; background still runs,True,"SYNTHETIC - generated, not a business source: throttling days derived from the per-capacity CU series of the Shared/Dedicated fleet; rejected operation counts invented in proportion to the overage"
THR00175,2026-01-08,southcentralus-dc01-cap04,southcentralus-dc01,southcentralus,F16,interactive_delay,25.32,0,0,Interactive jobs delayed 20 seconds at submission,True,"SYNTHETIC - generated, not a business source: throttling days derived from the per-capacity CU series of the Shared/Dedicated fleet; rejected operation counts invented in proportion to the overage"
THR00176,2026-01-08,southcentralus-dc02-cap04,southcentralus-dc02,southcentralus,F64,interactive_rejection,223.68,35,0,Interactive jobs rejected; background still runs,True,"SYNTHETIC - generated, not a business source: throttling days derived from the per-capacity CU series of the Shared/Dedicated fleet; rejected operation counts invented in proportion to the overage"
THR00177,2026-01-08,southcentralus-dc02-cap05,southcentralus-dc02,southcentralus,F4,interactive_delay,55.45,0,0,Interactive jobs delayed 20 seconds at submission,True,"SYNTHETIC - generated, not a business source: throttling days derived from the per-capacity CU series of the Shared/Dedicated fleet; rejected operation counts invented in proportion to the overage"
THR00178,2026-01-08,southcentralus-dc03-cap05,southcentralus-dc03,southcentralus,F8,interactive_rejection,110.77,22,0,Interactive jobs rejected; background still runs,True,"SYNTHETIC - generated, not a business source: throttling days derived from the per-capacity CU series of the Shared/Dedicated fleet; rejected operation counts invented in proportion to the overage"
THR00179,2026-01-08,southcentralus-dc07-cap03,southcentralus-dc07,southcentralus,F2,interactive_rejection,419.3,34,0,Interactive jobs rejected; background still runs,True,"SYNTHETIC - generated, not a business source: throttling days derived from the per-capacity CU series of the Shared/Dedicated fleet; rejected operation counts invented in proportion to the overage"
THR00180,2026-01-09,southcentralus-dc02-cap04,southcentralus-dc02,southcentralus,F64,interactive_rejection,232.21,25,0,Interactive jobs rejected; background still runs,True,"SYNTHETIC - generated, not a business source: throttling days derived from the per-capacity CU series of the Shared/Dedicated fleet; rejected operation counts invented in proportion to the overage"
THR00181,2026-01-09,southcentralus-dc03-cap02,southcentralus-dc03,southcentralus,F32,interactive_delay,16.02,0,0,Interactive jobs delayed 20 seconds at submission,True,"SYNTHETIC - generated, not a business source: throttling days derived from the per-capacity CU series of the Shared/Dedicated fleet; rejected operation counts invented in proportion to the overage"
THR00182,2026-01-09,southcentralus-dc03-cap05,southcentralus-dc03,southcentralus,F8,interactive_delay,23.57,0,0,Interactive jobs delayed 20 seconds at submission,True,"SYNTHETIC - generated, not a business source: throttling days derived from the per-capacity CU series of the Shared/Dedicated fleet; rejected operation counts invented in proportion to the overage"
THR00183,2026-01-09,southcentralus-dc04-cap01,southcentralus-dc04,southcentralus,F256,interactive_rejection,189.25,22,0,Interactive jobs rejected; background still runs,True,"SYNTHETIC - generated, not a business source: throttling days derived from the per-capacity CU series of the Shared/Dedicated fleet; rejected operation counts invented in proportion to the overage"
THR00184,2026-01-10,southcentralus-dc02-cap01,southcentralus-dc02,southcentralus,F32,interactive_delay,13.3,0,0,Interactive jobs delayed 20 seconds at submission,True,"SYNTHETIC - generated, not a business source: throttling days derived from the per-capacity CU series of the Shared/Dedicated fleet; rejected operation counts invented in proportion to the overage"
THR00185,2026-01-10,southcentralus-dc02-cap02,southcentralus-dc02,southcentralus,F64,interactive_delay,17.89,0,0,Interactive jobs delayed 20 seconds at submission,True,"SYNTHETIC - generated, not a business source: throttling days derived from the per-capacity CU series of the Shared/Dedicated fleet; rejected operation counts invented in proportion to the overage"
THR00186,2026-01-10,southcentralus-dc03-cap05,southcentralus-dc03,southcentralus,F8,interactive_rejection,159.79,28,0,Interactive jobs rejected; background still runs,True,"SYNTHETIC - generated, not a business source: throttling days derived from the per-capacity CU series of the Shared/Dedicated fleet; rejected operation counts invented in proportion to the overage"
THR00187,2026-01-10,southcentralus-dc07-cap03,southcentralus-dc07,southcentralus,F2,interactive_rejection,81.23,17,0,Interactive jobs rejected; background still runs,True,"SYNTHETIC - generated, not a business source: throttling days derived from the per-capacity CU series of the Shared/Dedicated fleet; rejected operation counts invented in proportion to the overage"
THR00188,2026-01-10,southcentralus-dc09-cap04,southcentralus-dc09,southcentralus,F4,interactive_rejection,118.81,22,0,Interactive jobs rejected; background still runs,True,"SYNTHETIC - generated, not a business source: throttling days derived from the per-capacity CU series of the Shared/Dedicated fleet; rejected operation counts invented in proportion to the overage"
THR00189,2026-01-11,southcentralus-dc02-cap01,southcentralus-dc02,southcentralus,F32,interactive_rejection,66.08,5,0,Interactive jobs rejected; background still runs,True,"SYNTHETIC - generated, not a business source: throttling days derived from the per-capacity CU series of the Shared/Dedicated fleet; rejected operation counts invented in proportion to the overage"
THR00190,2026-01-11,southcentralus-dc02-cap04,southcentralus-dc02,southcentralus,F64,interactive_rejection,185.0,18,0,Interactive jobs rejected; background still runs,True,"SYNTHETIC - generated, not a business source: throttling days derived from the per-capacity CU series of the Shared/Dedicated fleet; rejected operation counts invented in proportion to the overage"
THR00191,2026-01-11,southcentralus-dc03-cap05,southcentralus-dc03,southcentralus,F8,interactive_rejection,190.22,23,0,Interactive jobs rejected; background still runs,True,"SYNTHETIC - generated, not a business source: throttling days derived from the per-capacity CU series of the Shared/Dedicated fleet; rejected operation counts invented in proportion to the overage"
THR00192,2026-01-11,southcentralus-dc04-cap01,southcentralus-dc04,southcentralus,F256,interactive_delay,20.94,0,0,Interactive jobs delayed 20 seconds at submission,True,"SYNTHETIC - generated, not a business source: throttling days derived from the per-capacity CU series of the Shared/Dedicated fleet; rejected operation counts invented in proportion to the overage"
THR00193,2026-01-11,southcentralus-dc07-cap03,southcentralus-dc07,southcentralus,F2,interactive_rejection,155.73,17,0,Interactive jobs rejected; background still runs,True,"SYNTHETIC - generated, not a business source: throttling days derived from the per-capacity CU series of the Shared/Dedicated fleet; rejected operation counts invented in proportion to the overage"
THR00194,2026-01-11,southcentralus-dc09-cap04,southcentralus-dc09,southcentralus,F4,interactive_rejection,156.03,18,0,Interactive jobs rejected; background still runs,True,"SYNTHETIC - generated, not a business source: throttling days derived from the per-capacity CU series of the Shared/Dedicated fleet; rejected operation counts invented in proportion to the overage"
THR00195,2026-01-12,southcentralus-dc03-cap02,southcentralus-dc03,southcentralus,F32,interactive_rejection,257.86,20,0,Interactive jobs rejected; background still runs,True,"SYNTHETIC - generated, not a business source: throttling days derived from the per-capacity CU series of the Shared/Dedicated fleet; rejected operation counts invented in proportion to the overage"
THR00196,2026-01-12,southcentralus-dc04-cap01,southcentralus-dc04,southcentralus,F256,interactive_rejection,65.15,6,0,Interactive jobs rejected; background still runs,True,"SYNTHETIC - generated, not a business source: throttling days derived from the per-capacity CU series of the Shared/Dedicated fleet; rejected operation counts invented in proportion to the overage"
THR00197,2026-01-12,southcentralus-dc07-cap03,southcentralus-dc07,southcentralus,F2,interactive_rejection,369.86,35,0,Interactive jobs rejected; background still runs,True,"SYNTHETIC - generated, not a business source: throttling days derived from the per-capacity CU series of the Shared/Dedicated fleet; rejected operation counts invented in proportion to the overage"
THR00198,2026-01-12,southcentralus-dc09-cap04,southcentralus-dc09,southcentralus,F4,interactive_rejection,265.56,25,0,Interactive jobs rejected; background still runs,True,"SYNTHETIC - generated, not a business source: throttling days derived from the per-capacity CU series of the Shared/Dedicated fleet; rejected operation counts invented in proportion to the overage"
THR00199,2026-01-13,southcentralus-dc01-cap04,southcentralus-dc01,southcentralus,F16,interactive_delay,15.51,0,0,Interactive jobs delayed 20 seconds at submission,True,"SYNTHETIC - generated, not a business source: throttling days derived from the per-capacity CU series of the Shared/Dedicated fleet; rejected operation counts invented in proportion to the overage"
THR00200,2026-01-13,southcentralus-dc02-cap04,southcentralus-dc02,southcentralus,F64,interactive_rejection,92.2,5,0,Interactive jobs rejected; background still runs,True,"SYNTHETIC - generated, not a business source: throttling days derived from the per-capacity CU series of the Shared/Dedicated fleet; rejected operation counts invented in proportion to the overage"
THR00201,2026-01-13,southcentralus-dc03-cap05,southcentralus-dc03,southcentralus,F8,interactive_rejection,153.3,14,0,Interactive jobs rejected; background still runs,True,"SYNTHETIC - generated, not a business source: throttling days derived from the per-capacity CU series of the Shared/Dedicated fleet; rejected operation counts invented in proportion to the overage"
THR00202,2026-01-13,southcentralus-dc07-cap03,southcentralus-dc07,southcentralus,F2,interactive_rejection,336.81,29,0,Interactive jobs rejected; background still runs,True,"SYNTHETIC - generated, not a business source: throttling days derived from the per-capacity CU series of the Shared/Dedicated fleet; rejected operation counts invented in proportion to the overage"
THR00203,2026-01-13,southcentralus-dc09-cap04,southcentralus-dc09,southcentralus,F4,interactive_rejection,74.08,13,0,Interactive jobs rejected; background still runs,True,"SYNTHETIC - generated, not a business source: throttling days derived from the per-capacity CU series of the Shared/Dedicated fleet; rejected operation counts invented in proportion to the overage"
THR00204,2026-01-14,southcentralus-dc02-cap01,southcentralus-dc02,southcentralus,F32,interactive_rejection,79.03,8,0,Interactive jobs rejected; background still runs,True,"SYNTHETIC - generated, not a business source: throttling days derived from the per-capacity CU series of the Shared/Dedicated fleet; rejected operation counts invented in proportion to the overage"
THR00205,2026-01-14,southcentralus-dc02-cap05,southcentralus-dc02,southcentralus,F4,interactive_rejection,72.03,3,0,Interactive jobs rejected; background still runs,True,"SYNTHETIC - generated, not a business source: throttling days derived from the per-capacity CU series of the Shared/Dedicated fleet; rejected operation counts invented in proportion to the overage"
THR00206,2026-01-14,southcentralus-dc03-cap02,southcentralus-dc03,southcentralus,F32,interactive_rejection,107.25,12,0,Interactive jobs rejected; background still runs,True,"SYNTHETIC - generated, not a business source: throttling days derived from the per-capacity CU series of the Shared/Dedicated fleet; rejected operation counts invented in proportion to the overage"
THR00207,2026-01-14,southcentralus-dc03-cap05,southcentralus-dc03,southcentralus,F8,interactive_rejection,278.62,28,0,Interactive jobs rejected; background still runs,True,"SYNTHETIC - generated, not a business source: throttling days derived from the per-capacity CU series of the Shared/Dedicated fleet; rejected operation counts invented in proportion to the overage"
THR00208,2026-01-14,southcentralus-dc04-cap01,southcentralus-dc04,southcentralus,F256,interactive_delay,27.36,0,0,Interactive jobs delayed 20 seconds at submission,True,"SYNTHETIC - generated, not a business source: throttling days derived from the per-capacity CU series of the Shared/Dedicated fleet; rejected operation counts invented in proportion to the overage"
THR00209,2026-01-14,southcentralus-dc07-cap03,southcentralus-dc07,southcentralus,F2,interactive_rejection,232.9,30,0,Interactive jobs rejected; background still runs,True,"SYNTHETIC - generated, not a business source: throttling days derived from the per-capacity CU series of the Shared/Dedicated fleet; rejected operation counts invented in proportion to the overage"
THR00210,2026-01-14,southcentralus-dc09-cap04,southcentralus-dc09,southcentralus,F4,interactive_rejection,219.2,26,0,Interactive jobs rejected; background still runs,True,"SYNTHETIC - generated, not a business source: throttling days derived from the per-capacity CU series of the Shared/Dedicated fleet; rejected operation counts invented in proportion to the overage"
THR00211,2026-01-15,southcentralus-dc01-cap02,southcentralus-dc01,southcentralus,F2,interactive_delay,52.0,0,0,Interactive jobs delayed 20 seconds at submission,True,"SYNTHETIC - generated, not a business source: throttling days derived from the per-capacity CU series of the Shared/Dedicated fleet; rejected operation counts invented in proportion to the overage"
THR00212,2026-01-15,southcentralus-dc01-cap04,southcentralus-dc01,southcentralus,F16,interactive_rejection,73.49,7,0,Interactive jobs rejected; background still runs,True,"SYNTHETIC - generated, not a business source: throttling days derived from the per-capacity CU series of the Shared/Dedicated fleet; rejected operation counts invented in proportion to the overage"
THR00213,2026-01-15,southcentralus-dc02-cap02,southcentralus-dc02,southcentralus,F64,interactive_delay,11.67,0,0,Interactive jobs delayed 20 seconds at submission,True,"SYNTHETIC - generated, not a business source: throttling days derived from the per-capacity CU series of the Shared/Dedicated fleet; rejected operation counts invented in proportion to the overage"
THR00214,2026-01-15,southcentralus-dc02-cap04,southcentralus-dc02,southcentralus,F64,interactive_rejection,181.3,27,0,Interactive jobs rejected; background still runs,True,"SYNTHETIC - generated, not a business source: throttling days derived from the per-capacity CU series of the Shared/Dedicated fleet; rejected operation counts invented in proportion to the overage"
THR00215,2026-01-15,southcentralus-dc03-cap02,southcentralus-dc03,southcentralus,F32,interactive_rejection,138.89,16,0,Interactive jobs rejected; background still runs,True,"SYNTHETIC - generated, not a business source: throttling days derived from the per-capacity CU series of the Shared/Dedicated fleet; rejected operation counts invented in proportion to the overage"
THR00216,2026-01-15,southcentralus-dc03-cap05,southcentralus-dc03,southcentralus,F8,interactive_rejection,407.5,15,0,Interactive jobs rejected; background still runs,True,"SYNTHETIC - generated, not a business source: throttling days derived from the per-capacity CU series of the Shared/Dedicated fleet; rejected operation counts invented in proportion to the overage"
THR00217,2026-01-15,southcentralus-dc04-cap01,southcentralus-dc04,southcentralus,F256,interactive_delay,38.96,0,0,Interactive jobs delayed 20 seconds at submission,True,"SYNTHETIC - generated, not a business source: throttling days derived from the per-capacity CU series of the Shared/Dedicated fleet; rejected operation counts invented in proportion to the overage"
THR00218,2026-01-15,southcentralus-dc07-cap03,southcentralus-dc07,southcentralus,F2,interactive_rejection,74.66,6,0,Interactive jobs rejected; background still runs,True,"SYNTHETIC - generated, not a business source: throttling days derived from the per-capacity CU series of the Shared/Dedicated fleet; rejected operation counts invented in proportion to the overage"
THR00219,2026-01-15,southcentralus-dc09-cap04,southcentralus-dc09,southcentralus,F4,interactive_rejection,270.81,28,0,Interactive jobs rejected; background still runs,True,"SYNTHETIC - generated, not a business source: throttling days derived from the per-capacity CU series of the Shared/Dedicated fleet; rejected operation counts invented in proportion to the overage"
THR00220,2026-01-16,southcentralus-dc02-cap04,southcentralus-dc02,southcentralus,F64,interactive_rejection,173.53,24,0,Interactive jobs rejected; background still runs,True,"SYNTHETIC - generated, not a business source: throttling days derived from the per-capacity CU series of the Shared/Dedicated fleet; rejected operation counts invented in proportion to the overage"
THR00221,2026-01-16,southcentralus-dc02-cap05,southcentralus-dc02,southcentralus,F4,interactive_delay,46.84,0,0,Interactive jobs delayed 20 seconds at submission,True,"SYNTHETIC - generated, not a business source: throttling days derived from the per-capacity CU series of the Shared/Dedicated fleet; rejected operation counts invented in proportion to the overage"
THR00222,2026-01-16,southcentralus-dc04-cap01,southcentralus-dc04,southcentralus,F256,interactive_delay,36.78,0,0,Interactive jobs delayed 20 seconds at submission,True,"SYNTHETIC - generated, not a business source: throttling days derived from the per-capacity CU series of the Shared/Dedicated fleet; rejected operation counts invented in proportion to the overage"
THR00223,2026-01-16,southcentralus-dc09-cap04,southcentralus-dc09,southcentralus,F4,interactive_rejection,116.94,16,0,Interactive jobs rejected; background still runs,True,"SYNTHETIC - generated, not a business source: throttling days derived from the per-capacity CU series of the Shared/Dedicated fleet; rejected operation counts invented in proportion to the overage"
THR00224,2026-01-17,southcentralus-dc01-cap04,southcentralus-dc01,southcentralus,F16,interactive_delay,44.56,0,0,Interactive jobs delayed 20 seconds at submission,True,"SYNTHETIC - generated, not a business source: throttling days derived from the per-capacity CU series of the Shared/Dedicated fleet; rejected operation counts invented in proportion to the overage"
THR00225,2026-01-17,southcentralus-dc03-cap02,southcentralus-dc03,southcentralus,F32,interactive_rejection,72.78,11,0,Interactive jobs rejected; background still runs,True,"SYNTHETIC - generated, not a business source: throttling days derived from the per-capacity CU series of the Shared/Dedicated fleet; rejected operation counts invented in proportion to the overage"
THR00226,2026-01-17,southcentralus-dc03-cap05,southcentralus-dc03,southcentralus,F8,interactive_rejection,410.16,25,0,Interactive jobs rejected; background still runs,True,"SYNTHETIC - generated, not a business source: throttling days derived from the per-capacity CU series of the Shared/Dedicated fleet; rejected operation counts invented in proportion to the overage"
THR00227,2026-01-17,southcentralus-dc07-cap03,southcentralus-dc07,southcentralus,F2,interactive_rejection,118.95,14,0,Interactive jobs rejected; background still runs,True,"SYNTHETIC - generated, not a business source: throttling days derived from the per-capacity CU series of the Shared/Dedicated fleet; rejected operation counts invented in proportion to the overage"
THR00228,2026-01-17,southcentralus-dc09-cap04,southcentralus-dc09,southcentralus,F4,interactive_rejection,158.32,14,0,Interactive jobs rejected; background still runs,True,"SYNTHETIC - generated, not a business source: throttling days derived from the per-capacity CU series of the Shared/Dedicated fleet; rejected operation counts invented in proportion to the overage"
THR00229,2026-01-18,southcentralus-dc01-cap04,southcentralus-dc01,southcentralus,F16,interactive_rejection,244.31,29,0,Interactive jobs rejected; background still runs,True,"SYNTHETIC - generated, not a business source: throttling days derived from the per-capacity CU series of the Shared/Dedicated fleet; rejected operation counts invented in proportion to the overage"
THR00230,2026-01-18,southcentralus-dc03-cap05,southcentralus-dc03,southcentralus,F8,interactive_rejection,116.75,19,0,Interactive jobs rejected; background still runs,True,"SYNTHETIC - generated, not a business source: throttling days derived from the per-capacity CU series of the Shared/Dedicated fleet; rejected operation counts invented in proportion to the overage"
THR00231,2026-01-18,southcentralus-dc07-cap03,southcentralus-dc07,southcentralus,F2,interactive_rejection,68.49,8,0,Interactive jobs rejected; background still runs,True,"SYNTHETIC - generated, not a business source: throttling days derived from the per-capacity CU series of the Shared/Dedicated fleet; rejected operation counts invented in proportion to the overage"
THR00232,2026-01-19,southcentralus-dc02-cap05,southcentralus-dc02,southcentralus,F4,interactive_delay,26.65,0,0,Interactive jobs delayed 20 seconds at submission,True,"SYNTHETIC - generated, not a business source: throttling days derived from the per-capacity CU series of the Shared/Dedicated fleet; rejected operation counts invented in proportion to the overage"
THR00233,2026-01-19,southcentralus-dc03-cap02,southcentralus-dc03,southcentralus,F32,interactive_rejection,112.75,19,0,Interactive jobs rejected; background still runs,True,"SYNTHETIC - generated, not a business source: throttling days derived from the per-capacity CU series of the Shared/Dedicated fleet; rejected operation counts invented in proportion to the overage"
THR00234,2026-01-19,southcentralus-dc03-cap05,southcentralus-dc03,southcentralus,F8,interactive_rejection,401.99,33,0,Interactive jobs rejected; background still runs,True,"SYNTHETIC - generated, not a business source: throttling days derived from the per-capacity CU series of the Shared/Dedicated fleet; rejected operation counts invented in proportion to the overage"
THR00235,2026-01-19,southcentralus-dc04-cap01,southcentralus-dc04,southcentralus,F256,interactive_rejection,184.15,15,0,Interactive jobs rejected; background still runs,True,"SYNTHETIC - generated, not a business source: throttling days derived from the per-capacity CU series of the Shared/Dedicated fleet; rejected operation counts invented in proportion to the overage"
THR00236,2026-01-19,southcentralus-dc07-cap03,southcentralus-dc07,southcentralus,F2,interactive_rejection,114.29,14,0,Interactive jobs rejected; background still runs,True,"SYNTHETIC - generated, not a business source: throttling days derived from the per-capacity CU series of the Shared/Dedicated fleet; rejected operation counts invented in proportion to the overage"
THR00237,2026-01-19,southcentralus-dc09-cap04,southcentralus-dc09,southcentralus,F4,interactive_rejection,165.18,24,0,Interactive jobs rejected; background still runs,True,"SYNTHETIC - generated, not a business source: throttling days derived from the per-capacity CU series of the Shared/Dedicated fleet; rejected operation counts invented in proportion to the overage"
THR00238,2026-01-20,southcentralus-dc01-cap04,southcentralus-dc01,southcentralus,F16,interactive_delay,47.26,0,0,Interactive jobs delayed 20 seconds at submission,True,"SYNTHETIC - generated, not a business source: throttling days derived from the per-capacity CU series of the Shared/Dedicated fleet; rejected operation counts invented in proportion to the overage"
THR00239,2026-01-20,southcentralus-dc02-cap01,southcentralus-dc02,southcentralus,F32,interactive_delay,26.27,0,0,Interactive jobs delayed 20 seconds at submission,True,"SYNTHETIC - generated, not a business source: throttling days derived from the per-capacity CU series of the Shared/Dedicated fleet; rejected operation counts invented in proportion to the overage"
THR00240,2026-01-20,southcentralus-dc02-cap04,southcentralus-dc02,southcentralus,F64,interactive_rejection,182.38,19,0,Interactive jobs rejected; background still runs,True,"SYNTHETIC - generated, not a business source: throttling days derived from the per-capacity CU series of the Shared/Dedicated fleet; rejected operation counts invented in proportion to the overage"
THR00241,2026-01-20,southcentralus-dc02-cap05,southcentralus-dc02,southcentralus,F4,interactive_delay,16.5,0,0,Interactive jobs delayed 20 seconds at submission,True,"SYNTHETIC - generated, not a business source: throttling days derived from the per-capacity CU series of the Shared/Dedicated fleet; rejected operation counts invented in proportion to the overage"
THR00242,2026-01-20,southcentralus-dc03-cap02,southcentralus-dc03,southcentralus,F32,interactive_rejection,92.84,7,0,Interactive jobs rejected; background still runs,True,"SYNTHETIC - generated, not a business source: throttling days derived from the per-capacity CU series of the Shared/Dedicated fleet; rejected operation counts invented in proportion to the overage"
THR00243,2026-01-20,southcentralus-dc03-cap05,southcentralus-dc03,southcentralus,F8,interactive_rejection,171.65,19,0,Interactive jobs rejected; background still runs,True,"SYNTHETIC - generated, not a business source: throttling days derived from the per-capacity CU series of the Shared/Dedicated fleet; rejected operation counts invented in proportion to the overage"
THR00244,2026-01-20,southcentralus-dc04-cap01,southcentralus-dc04,southcentralus,F256,interactive_rejection,113.05,13,0,Interactive jobs rejected; background still runs,True,"SYNTHETIC - generated, not a business source: throttling days derived from the per-capacity CU series of the Shared/Dedicated fleet; rejected operation counts invented in proportion to the overage"
THR00245,2026-01-20,southcentralus-dc07-cap03,southcentralus-dc07,southcentralus,F2,interactive_rejection,334.72,20,0,Interactive jobs rejected; background still runs,True,"SYNTHETIC - generated, not a business source: throttling days derived from the per-capacity CU series of the Shared/Dedicated fleet; rejected operation counts invented in proportion to the overage"
THR00246,2026-01-21,southcentralus-dc02-cap04,southcentralus-dc02,southcentralus,F64,interactive_rejection,65.22,9,0,Interactive jobs rejected; background still runs,True,"SYNTHETIC - generated, not a business source: throttling days derived from the per-capacity CU series of the Shared/Dedicated fleet; rejected operation counts invented in proportion to the overage"
THR00247,2026-01-21,southcentralus-dc02-cap05,southcentralus-dc02,southcentralus,F4,interactive_rejection,130.41,17,0,Interactive jobs rejected; background still runs,True,"SYNTHETIC - generated, not a business source: throttling days derived from the per-capacity CU series of the Shared/Dedicated fleet; rejected operation counts invented in proportion to the overage"
THR00248,2026-01-21,southcentralus-dc03-cap02,southcentralus-dc03,southcentralus,F32,interactive_delay,14.07,0,0,Interactive jobs delayed 20 seconds at submission,True,"SYNTHETIC - generated, not a business source: throttling days derived from the per-capacity CU series of the Shared/Dedicated fleet; rejected operation counts invented in proportion to the overage"
THR00249,2026-01-21,southcentralus-dc03-cap05,southcentralus-dc03,southcentralus,F8,interactive_delay,15.23,0,0,Interactive jobs delayed 20 seconds at submission,True,"SYNTHETIC - generated, not a business source: throttling days derived from the per-capacity CU series of the Shared/Dedicated fleet; rejected operation counts invented in proportion to the overage"
THR00250,2026-01-21,southcentralus-dc04-cap01,southcentralus-dc04,southcentralus,F256,interactive_delay,21.49,0,0,Interactive jobs delayed 20 seconds at submission,True,"SYNTHETIC - generated, not a business source: throttling days derived from the per-capacity CU series of the Shared/Dedicated fleet; rejected operation counts invented in proportion to the overage"
THR00251,2026-01-21,southcentralus-dc09-cap04,southcentralus-dc09,southcentralus,F4,interactive_rejection,104.12,9,0,Interactive jobs rejected; background still runs,True,"SYNTHETIC - generated, not a business source: throttling days derived from the per-capacity CU series of the Shared/Dedicated fleet; rejected operation counts invented in proportion to the overage"
THR00252,2026-01-22,southcentralus-dc01-cap04,southcentralus-dc01,southcentralus,F16,interactive_rejection,365.09,31,0,Interactive jobs rejected; background still runs,True,"SYNTHETIC - generated, not a business source: throttling days derived from the per-capacity CU series of the Shared/Dedicated fleet; rejected operation counts invented in proportion to the overage"
THR00253,2026-01-22,southcentralus-dc02-cap04,southcentralus-dc02,southcentralus,F64,interactive_rejection,184.53,28,0,Interactive jobs rejected; background still runs,True,"SYNTHETIC - generated, not a business source: throttling days derived from the per-capacity CU series of the Shared/Dedicated fleet; rejected operation counts invented in proportion to the overage"
THR00254,2026-01-22,southcentralus-dc03-cap05,southcentralus-dc03,southcentralus,F8,interactive_rejection,438.12,14,0,Interactive jobs rejected; background still runs,True,"SYNTHETIC - generated, not a business source: throttling days derived from the per-capacity CU series of the Shared/Dedicated fleet; rejected operation counts invented in proportion to the overage"
THR00255,2026-01-22,southcentralus-dc07-cap03,southcentralus-dc07,southcentralus,F2,interactive_rejection,405.06,28,0,Interactive jobs rejected; background still runs,True,"SYNTHETIC - generated, not a business source: throttling days derived from the per-capacity CU series of the Shared/Dedicated fleet; rejected operation counts invented in proportion to the overage"
THR00256,2026-01-22,southcentralus-dc09-cap04,southcentralus-dc09,southcentralus,F4,interactive_rejection,126.34,20,0,Interactive jobs rejected; background still runs,True,"SYNTHETIC - generated, not a business source: throttling days derived from the per-capacity CU series of the Shared/Dedicated fleet; rejected operation counts invented in proportion to the overage"
THR00257,2026-01-23,southcentralus-dc01-cap04,southcentralus-dc01,southcentralus,F16,interactive_rejection,100.18,14,0,Interactive jobs rejected; background still runs,True,"SYNTHETIC - generated, not a business source: throttling days derived from the per-capacity CU series of the Shared/Dedicated fleet; rejected operation counts invented in proportion to the overage"
THR00258,2026-01-23,southcentralus-dc02-cap01,southcentralus-dc02,southcentralus,F32,interactive_rejection,159.59,22,0,Interactive jobs rejected; background still runs,True,"SYNTHETIC - generated, not a business source: throttling days derived from the per-capacity CU series of the Shared/Dedicated fleet; rejected operation counts invented in proportion to the overage"
THR00259,2026-01-23,southcentralus-dc02-cap04,southcentralus-dc02,southcentralus,F64,interactive_rejection,178.7,13,0,Interactive jobs rejected; background still runs,True,"SYNTHETIC - generated, not a business source: throttling days derived from the per-capacity CU series of the Shared/Dedicated fleet; rejected operation counts invented in proportion to the overage"
THR00260,2026-01-23,southcentralus-dc03-cap05,southcentralus-dc03,southcentralus,F8,interactive_rejection,289.39,24,0,Interactive jobs rejected; background still runs,True,"SYNTHETIC - generated, not a business source: throttling days derived from the per-capacity CU series of the Shared/Dedicated fleet; rejected operation counts invented in proportion to the overage"
THR00261,2026-01-23,southcentralus-dc04-cap01,southcentralus-dc04,southcentralus,F256,interactive_rejection,252.89,26,0,Interactive jobs rejected; background still runs,True,"SYNTHETIC - generated, not a business source: throttling days derived from the per-capacity CU series of the Shared/Dedicated fleet; rejected operation counts invented in proportion to the overage"
THR00262,2026-01-23,southcentralus-dc07-cap03,southcentralus-dc07,southcentralus,F2,interactive_rejection,124.87,20,0,Interactive jobs rejected; background still runs,True,"SYNTHETIC - generated, not a business source: throttling days derived from the per-capacity CU series of the Shared/Dedicated fleet; rejected operation counts invented in proportion to the overage"
THR00263,2026-01-23,southcentralus-dc09-cap01,southcentralus-dc09,southcentralus,F32,interactive_delay,18.63,0,0,Interactive jobs delayed 20 seconds at submission,True,"SYNTHETIC - generated, not a business source: throttling days derived from the per-capacity CU series of the Shared/Dedicated fleet; rejected operation counts invented in proportion to the overage"
THR00264,2026-01-23,southcentralus-dc09-cap04,southcentralus-dc09,southcentralus,F4,interactive_delay,57.7,0,0,Interactive jobs delayed 20 seconds at submission,True,"SYNTHETIC - generated, not a business source: throttling days derived from the per-capacity CU series of the Shared/Dedicated fleet; rejected operation counts invented in proportion to the overage"
THR00265,2026-01-24,southcentralus-dc02-cap05,southcentralus-dc02,southcentralus,F4,interactive_rejection,129.27,21,0,Interactive jobs rejected; background still runs,True,"SYNTHETIC - generated, not a business source: throttling days derived from the per-capacity CU series of the Shared/Dedicated fleet; rejected operation counts invented in proportion to the overage"
THR00266,2026-01-24,southcentralus-dc03-cap05,southcentralus-dc03,southcentralus,F8,interactive_rejection,112.93,12,0,Interactive jobs rejected; background still runs,True,"SYNTHETIC - generated, not a business source: throttling days derived from the per-capacity CU series of the Shared/Dedicated fleet; rejected operation counts invented in proportion to the overage"
THR00267,2026-01-24,southcentralus-dc07-cap03,southcentralus-dc07,southcentralus,F2,interactive_rejection,181.92,21,0,Interactive jobs rejected; background still runs,True,"SYNTHETIC - generated, not a business source: throttling days derived from the per-capacity CU series of the Shared/Dedicated fleet; rejected operation counts invented in proportion to the overage"
THR00268,2026-01-25,southcentralus-dc01-cap02,southcentralus-dc01,southcentralus,F2,interactive_delay,11.34,0,0,Interactive jobs delayed 20 seconds at submission,True,"SYNTHETIC - generated, not a business source: throttling days derived from the per-capacity CU series of the Shared/Dedicated fleet; rejected operation counts invented in proportion to the overage"
THR00269,2026-01-25,southcentralus-dc01-cap04,southcentralus-dc01,southcentralus,F16,interactive_delay,11.45,0,0,Interactive jobs delayed 20 seconds at submission,True,"SYNTHETIC - generated, not a business source: throttling days derived from the per-capacity CU series of the Shared/Dedicated fleet; rejected operation counts invented in proportion to the overage"
THR00270,2026-01-25,southcentralus-dc02-cap01,southcentralus-dc02,southcentralus,F32,interactive_delay,45.69,0,0,Interactive jobs delayed 20 seconds at submission,True,"SYNTHETIC - generated, not a business source: throttling days derived from the per-capacity CU series of the Shared/Dedicated fleet; rejected operation counts invented in proportion to the overage"
THR00271,2026-01-25,southcentralus-dc02-cap02,southcentralus-dc02,southcentralus,F64,interactive_delay,18.06,0,0,Interactive jobs delayed 20 seconds at submission,True,"SYNTHETIC - generated, not a business source: throttling days derived from the per-capacity CU series of the Shared/Dedicated fleet; rejected operation counts invented in proportion to the overage"
THR00272,2026-01-25,southcentralus-dc02-cap04,southcentralus-dc02,southcentralus,F64,interactive_delay,11.65,0,0,Interactive jobs delayed 20 seconds at submission,True,"SYNTHETIC - generated, not a business source: throttling days derived from the per-capacity CU series of the Shared/Dedicated fleet; rejected operation counts invented in proportion to the overage"
THR00273,2026-01-25,southcentralus-dc02-cap05,southcentralus-dc02,southcentralus,F4,interactive_rejection,84.37,7,0,Interactive jobs rejected; background still runs,True,"SYNTHETIC - generated, not a business source: throttling days derived from the per-capacity CU series of the Shared/Dedicated fleet; rejected operation counts invented in proportion to the overage"
THR00274,2026-01-25,southcentralus-dc03-cap02,southcentralus-dc03,southcentralus,F32,interactive_rejection,311.2,29,0,Interactive jobs rejected; background still runs,True,"SYNTHETIC - generated, not a business source: throttling days derived from the per-capacity CU series of the Shared/Dedicated fleet; rejected operation counts invented in proportion to the overage"
THR00275,2026-01-25,southcentralus-dc03-cap05,southcentralus-dc03,southcentralus,F8,interactive_rejection,191.45,26,0,Interactive jobs rejected; background still runs,True,"SYNTHETIC - generated, not a business source: throttling days derived from the per-capacity CU series of the Shared/Dedicated fleet; rejected operation counts invented in proportion to the overage"
THR00276,2026-01-25,southcentralus-dc04-cap01,southcentralus-dc04,southcentralus,F256,interactive_rejection,79.37,16,0,Interactive jobs rejected; background still runs,True,"SYNTHETIC - generated, not a business source: throttling days derived from the per-capacity CU series of the Shared/Dedicated fleet; rejected operation counts invented in proportion to the overage"
THR00277,2026-01-25,southcentralus-dc07-cap03,southcentralus-dc07,southcentralus,F2,interactive_rejection,132.99,15,0,Interactive jobs rejected; background still runs,True,"SYNTHETIC - generated, not a business source: throttling days derived from the per-capacity CU series of the Shared/Dedicated fleet; rejected operation counts invented in proportion to the overage"
THR00278,2026-01-26,southcentralus-dc02-cap04,southcentralus-dc02,southcentralus,F64,interactive_rejection,210.82,26,0,Interactive jobs rejected; background still runs,True,"SYNTHETIC - generated, not a business source: throttling days derived from the per-capacity CU series of the Shared/Dedicated fleet; rejected operation counts invented in proportion to the overage"
THR00279,2026-01-26,southcentralus-dc02-cap05,southcentralus-dc02,southcentralus,F4,interactive_rejection,151.03,9,0,Interactive jobs rejected; background still runs,True,"SYNTHETIC - generated, not a business source: throttling days derived from the per-capacity CU series of the Shared/Dedicated fleet; rejected operation counts invented in proportion to the overage"
THR00280,2026-01-26,southcentralus-dc03-cap02,southcentralus-dc03,southcentralus,F32,interactive_rejection,376.72,25,0,Interactive jobs rejected; background still runs,True,"SYNTHETIC - generated, not a business source: throttling days derived from the per-capacity CU series of the Shared/Dedicated fleet; rejected operation counts invented in proportion to the overage"
THR00281,2026-01-26,southcentralus-dc03-cap05,southcentralus-dc03,southcentralus,F8,interactive_rejection,384.58,25,0,Interactive jobs rejected; background still runs,True,"SYNTHETIC - generated, not a business source: throttling days derived from the per-capacity CU series of the Shared/Dedicated fleet; rejected operation counts invented in proportion to the overage"
THR00282,2026-01-26,southcentralus-dc04-cap01,southcentralus-dc04,southcentralus,F256,interactive_rejection,272.94,37,0,Interactive jobs rejected; background still runs,True,"SYNTHETIC - generated, not a business source: throttling days derived from the per-capacity CU series of the Shared/Dedicated fleet; rejected operation counts invented in proportion to the overage"
THR00283,2026-01-26,southcentralus-dc07-cap03,southcentralus-dc07,southcentralus,F2,interactive_rejection,284.81,26,0,Interactive jobs rejected; background still runs,True,"SYNTHETIC - generated, not a business source: throttling days derived from the per-capacity CU series of the Shared/Dedicated fleet; rejected operation counts invented in proportion to the overage"
THR00284,2026-01-26,southcentralus-dc09-cap02,southcentralus-dc09,southcentralus,F64,interactive_delay,13.97,0,0,Interactive jobs delayed 20 seconds at submission,True,"SYNTHETIC - generated, not a business source: throttling days derived from the per-capacity CU series of the Shared/Dedicated fleet; rejected operation counts invented in proportion to the overage"
THR00285,2026-01-27,southcentralus-dc01-cap04,southcentralus-dc01,southcentralus,F16,interactive_rejection,223.6,25,0,Interactive jobs rejected; background still runs,True,"SYNTHETIC - generated, not a business source: throttling days derived from the per-capacity CU series of the Shared/Dedicated fleet; rejected operation counts invented in proportion to the overage"
THR00286,2026-01-27,southcentralus-dc03-cap02,southcentralus-dc03,southcentralus,F32,interactive_rejection,228.13,25,0,Interactive jobs rejected; background still runs,True,"SYNTHETIC - generated, not a business source: throttling days derived from the per-capacity CU series of the Shared/Dedicated fleet; rejected operation counts invented in proportion to the overage"
THR00287,2026-01-27,southcentralus-dc03-cap05,southcentralus-dc03,southcentralus,F8,interactive_delay,23.98,0,0,Interactive jobs delayed 20 seconds at submission,True,"SYNTHETIC - generated, not a business source: throttling days derived from the per-capacity CU series of the Shared/Dedicated fleet; rejected operation counts invented in proportion to the overage"
THR00288,2026-01-27,southcentralus-dc07-cap03,southcentralus-dc07,southcentralus,F2,interactive_rejection,205.2,27,0,Interactive jobs rejected; background still runs,True,"SYNTHETIC - generated, not a business source: throttling days derived from the per-capacity CU series of the Shared/Dedicated fleet; rejected operation counts invented in proportion to the overage"
THR00289,2026-01-28,southcentralus-dc01-cap02,southcentralus-dc01,southcentralus,F2,interactive_delay,38.79,0,0,Interactive jobs delayed 20 seconds at submission,True,"SYNTHETIC - generated, not a business source: throttling days derived from the per-capacity CU series of the Shared/Dedicated fleet; rejected operation counts invented in proportion to the overage"
THR00290,2026-01-28,southcentralus-dc01-cap04,southcentralus-dc01,southcentralus,F16,interactive_delay,40.33,0,0,Interactive jobs delayed 20 seconds at submission,True,"SYNTHETIC - generated, not a business source: throttling days derived from the per-capacity CU series of the Shared/Dedicated fleet; rejected operation counts invented in proportion to the overage"
THR00291,2026-01-28,southcentralus-dc02-cap01,southcentralus-dc02,southcentralus,F32,interactive_delay,47.62,0,0,Interactive jobs delayed 20 seconds at submission,True,"SYNTHETIC - generated, not a business source: throttling days derived from the per-capacity CU series of the Shared/Dedicated fleet; rejected operation counts invented in proportion to the overage"
THR00292,2026-01-28,southcentralus-dc02-cap04,southcentralus-dc02,southcentralus,F64,interactive_rejection,69.09,9,0,Interactive jobs rejected; background still runs,True,"SYNTHETIC - generated, not a business source: throttling days derived from the per-capacity CU series of the Shared/Dedicated fleet; rejected operation counts invented in proportion to the overage"
THR00293,2026-01-28,southcentralus-dc02-cap05,southcentralus-dc02,southcentralus,F4,interactive_rejection,118.52,15,0,Interactive jobs rejected; background still runs,True,"SYNTHETIC - generated, not a business source: throttling days derived from the per-capacity CU series of the Shared/Dedicated fleet; rejected operation counts invented in proportion to the overage"
THR00294,2026-01-28,southcentralus-dc09-cap02,southcentralus-dc09,southcentralus,F64,interactive_rejection,61.41,3,0,Interactive jobs rejected; background still runs,True,"SYNTHETIC - generated, not a business source: throttling days derived from the per-capacity CU series of the Shared/Dedicated fleet; rejected operation counts invented in proportion to the overage"
THR00295,2026-01-28,southcentralus-dc09-cap04,southcentralus-dc09,southcentralus,F4,interactive_delay,36.29,0,0,Interactive jobs delayed 20 seconds at submission,True,"SYNTHETIC - generated, not a business source: throttling days derived from the per-capacity CU series of the Shared/Dedicated fleet; rejected operation counts invented in proportion to the overage"
THR00296,2025-09-02,uksouth-dc08-cap04,uksouth-dc08,uksouth,F32,interactive_rejection,74.23,8,0,Interactive jobs rejected; background still runs,True,"SYNTHETIC - generated, not a business source: throttling days derived from the per-capacity CU series of the Shared/Dedicated fleet; rejected operation counts invented in proportion to the overage"
THR00297,2025-09-03,uksouth-dc08-cap04,uksouth-dc08,uksouth,F32,interactive_delay,29.43,0,0,Interactive jobs delayed 20 seconds at submission,True,"SYNTHETIC - generated, not a business source: throttling days derived from the per-capacity CU series of the Shared/Dedicated fleet; rejected operation counts invented in proportion to the overage"
THR00298,2025-09-04,uksouth-dc08-cap04,uksouth-dc08,uksouth,F32,interactive_rejection,107.66,13,0,Interactive jobs rejected; background still runs,True,"SYNTHETIC - generated, not a business source: throttling days derived from the per-capacity CU series of the Shared/Dedicated fleet; rejected operation counts invented in proportion to the overage"
THR00299,2025-09-05,uksouth-dc08-cap04,uksouth-dc08,uksouth,F32,interactive_rejection,305.8,30,0,Interactive jobs rejected; background still runs,True,"SYNTHETIC - generated, not a business source: throttling days derived from the per-capacity CU series of the Shared/Dedicated fleet; rejected operation counts invented in proportion to the overage"
THR00300,2025-09-07,uksouth-dc08-cap04,uksouth-dc08,uksouth,F32,interactive_rejection,198.79,29,0,Interactive jobs rejected; background still runs,True,"SYNTHETIC - generated, not a business source: throttling days derived from the per-capacity CU series of the Shared/Dedicated fleet; rejected operation counts invented in proportion to the overage"
THR00301,2025-09-09,uksouth-dc08-cap04,uksouth-dc08,uksouth,F32,interactive_delay,21.81,0,0,Interactive jobs delayed 20 seconds at submission,True,"SYNTHETIC - generated, not a business source: throttling days derived from the per-capacity CU series of the Shared/Dedicated fleet; rejected operation counts invented in proportion to the overage"
THR00302,2025-09-10,uksouth-dc08-cap04,uksouth-dc08,uksouth,F32,interactive_rejection,99.04,12,0,Interactive jobs rejected; background still runs,True,"SYNTHETIC - generated, not a business source: throttling days derived from the per-capacity CU series of the Shared/Dedicated fleet; rejected operation counts invented in proportion to the overage"
THR00303,2025-09-11,uksouth-dc08-cap04,uksouth-dc08,uksouth,F32,interactive_rejection,245.05,27,0,Interactive jobs rejected; background still runs,True,"SYNTHETIC - generated, not a business source: throttling days derived from the per-capacity CU series of the Shared/Dedicated fleet; rejected operation counts invented in proportion to the overage"
THR00304,2025-09-13,uksouth-dc08-cap04,uksouth-dc08,uksouth,F32,interactive_rejection,83.73,14,0,Interactive jobs rejected; background still runs,True,"SYNTHETIC - generated, not a business source: throttling days derived from the per-capacity CU series of the Shared/Dedicated fleet; rejected operation counts invented in proportion to the overage"
THR00305,2025-09-15,uksouth-dc08-cap04,uksouth-dc08,uksouth,F32,interactive_rejection,143.49,22,0,Interactive jobs rejected; background still runs,True,"SYNTHETIC - generated, not a business source: throttling days derived from the per-capacity CU series of the Shared/Dedicated fleet; rejected operation counts invented in proportion to the overage"
THR00306,2025-09-16,uksouth-dc08-cap04,uksouth-dc08,uksouth,F32,interactive_rejection,111.27,11,0,Interactive jobs rejected; background still runs,True,"SYNTHETIC - generated, not a business source: throttling days derived from the per-capacity CU series of the Shared/Dedicated fleet; rejected operation counts invented in proportion to the overage"
THR00307,2025-09-17,uksouth-dc08-cap04,uksouth-dc08,uksouth,F32,interactive_delay,12.46,0,0,Interactive jobs delayed 20 seconds at submission,True,"SYNTHETIC - generated, not a business source: throttling days derived from the per-capacity CU series of the Shared/Dedicated fleet; rejected operation counts invented in proportion to the overage"
THR00308,2025-09-18,uksouth-dc08-cap04,uksouth-dc08,uksouth,F32,interactive_rejection,211.79,25,0,Interactive jobs rejected; background still runs,True,"SYNTHETIC - generated, not a business source: throttling days derived from the per-capacity CU series of the Shared/Dedicated fleet; rejected operation counts invented in proportion to the overage"
THR00309,2025-09-20,uksouth-dc08-cap04,uksouth-dc08,uksouth,F32,interactive_rejection,273.53,34,0,Interactive jobs rejected; background still runs,True,"SYNTHETIC - generated, not a business source: throttling days derived from the per-capacity CU series of the Shared/Dedicated fleet; rejected operation counts invented in proportion to the overage"
THR00310,2025-09-25,uksouth-dc08-cap04,uksouth-dc08,uksouth,F32,interactive_rejection,104.41,10,0,Interactive jobs rejected; background still runs,True,"SYNTHETIC - generated, not a business source: throttling days derived from the per-capacity CU series of the Shared/Dedicated fleet; rejected operation counts invented in proportion to the overage"
THR00311,2025-09-26,uksouth-dc08-cap04,uksouth-dc08,uksouth,F32,interactive_rejection,408.71,31,0,Interactive jobs rejected; background still runs,True,"SYNTHETIC - generated, not a business source: throttling days derived from the per-capacity CU series of the Shared/Dedicated fleet; rejected operation counts invented in proportion to the overage"
THR00312,2025-09-29,uksouth-dc08-cap04,uksouth-dc08,uksouth,F32,interactive_rejection,222.92,21,0,Interactive jobs rejected; background still runs,True,"SYNTHETIC - generated, not a business source: throttling days derived from the per-capacity CU series of the Shared/Dedicated fleet; rejected operation counts invented in proportion to the overage"
THR00313,2025-09-30,uksouth-dc08-cap04,uksouth-dc08,uksouth,F32,interactive_rejection,165.91,20,0,Interactive jobs rejected; background still runs,True,"SYNTHETIC - generated, not a business source: throttling days derived from the per-capacity CU series of the Shared/Dedicated fleet; rejected operation counts invented in proportion to the overage"
THR00314,2025-10-01,uksouth-dc08-cap04,uksouth-dc08,uksouth,F32,interactive_rejection,88.16,12,0,Interactive jobs rejected; background still runs,True,"SYNTHETIC - generated, not a business source: throttling days derived from the per-capacity CU series of the Shared/Dedicated fleet; rejected operation counts invented in proportion to the overage"
THR00315,2025-10-02,uksouth-dc08-cap04,uksouth-dc08,uksouth,F32,interactive_rejection,262.64,30,0,Interactive jobs rejected; background still runs,True,"SYNTHETIC - generated, not a business source: throttling days derived from the per-capacity CU series of the Shared/Dedicated fleet; rejected operation counts invented in proportion to the overage"
THR00316,2025-10-03,uksouth-dc08-cap04,uksouth-dc08,uksouth,F32,interactive_rejection,105.05,12,0,Interactive jobs rejected; background still runs,True,"SYNTHETIC - generated, not a business source: throttling days derived from the per-capacity CU series of the Shared/Dedicated fleet; rejected operation counts invented in proportion to the overage"
THR00317,2025-10-06,uksouth-dc08-cap04,uksouth-dc08,uksouth,F32,interactive_rejection,259.0,32,0,Interactive jobs rejected; background still runs,True,"SYNTHETIC - generated, not a business source: throttling days derived from the per-capacity CU series of the Shared/Dedicated fleet; rejected operation counts invented in proportion to the overage"
THR00318,2025-10-07,uksouth-dc08-cap04,uksouth-dc08,uksouth,F32,interactive_rejection,163.32,29,0,Interactive jobs rejected; background still runs,True,"SYNTHETIC - generated, not a business source: throttling days derived from the per-capacity CU series of the Shared/Dedicated fleet; rejected operation counts invented in proportion to the overage"
THR00319,2025-10-08,uksouth-dc08-cap04,uksouth-dc08,uksouth,F32,interactive_delay,33.17,0,0,Interactive jobs delayed 20 seconds at submission,True,"SYNTHETIC - generated, not a business source: throttling days derived from the per-capacity CU series of the Shared/Dedicated fleet; rejected operation counts invented in proportion to the overage"
THR00320,2025-10-09,uksouth-dc08-cap04,uksouth-dc08,uksouth,F32,interactive_delay,44.97,0,0,Interactive jobs delayed 20 seconds at submission,True,"SYNTHETIC - generated, not a business source: throttling days derived from the per-capacity CU series of the Shared/Dedicated fleet; rejected operation counts invented in proportion to the overage"
THR00321,2025-10-10,uksouth-dc08-cap04,uksouth-dc08,uksouth,F32,interactive_rejection,66.35,5,0,Interactive jobs rejected; background still runs,True,"SYNTHETIC - generated, not a business source: throttling days derived from the per-capacity CU series of the Shared/Dedicated fleet; rejected operation counts invented in proportion to the overage"
THR00322,2025-10-12,uksouth-dc08-cap04,uksouth-dc08,uksouth,F32,interactive_rejection,181.78,26,0,Interactive jobs rejected; background still runs,True,"SYNTHETIC - generated, not a business source: throttling days derived from the per-capacity CU series of the Shared/Dedicated fleet; rejected operation counts invented in proportion to the overage"
THR00323,2025-10-13,uksouth-dc08-cap04,uksouth-dc08,uksouth,F32,interactive_rejection,246.3,23,0,Interactive jobs rejected; background still runs,True,"SYNTHETIC - generated, not a business source: throttling days derived from the per-capacity CU series of the Shared/Dedicated fleet; rejected operation counts invented in proportion to the overage"
THR00324,2025-10-14,uksouth-dc08-cap04,uksouth-dc08,uksouth,F32,interactive_rejection,163.22,25,0,Interactive jobs rejected; background still runs,True,"SYNTHETIC - generated, not a business source: throttling days derived from the per-capacity CU series of the Shared/Dedicated fleet; rejected operation counts invented in proportion to the overage"
THR00325,2025-10-15,uksouth-dc08-cap04,uksouth-dc08,uksouth,F32,interactive_rejection,160.89,21,0,Interactive jobs rejected; background still runs,True,"SYNTHETIC - generated, not a business source: throttling days derived from the per-capacity CU series of the Shared/Dedicated fleet; rejected operation counts invented in proportion to the overage"
THR00326,2025-10-16,uksouth-dc08-cap04,uksouth-dc08,uksouth,F32,interactive_rejection,257.35,34,0,Interactive jobs rejected; background still runs,True,"SYNTHETIC - generated, not a business source: throttling days derived from the per-capacity CU series of the Shared/Dedicated fleet; rejected operation counts invented in proportion to the overage"
THR00327,2025-10-18,uksouth-dc08-cap04,uksouth-dc08,uksouth,F32,interactive_rejection,125.86,21,0,Interactive jobs rejected; background still runs,True,"SYNTHETIC - generated, not a business source: throttling days derived from the per-capacity CU series of the Shared/Dedicated fleet; rejected operation counts invented in proportion to the overage"
THR00328,2025-10-19,uksouth-dc08-cap04,uksouth-dc08,uksouth,F32,interactive_rejection,363.48,33,0,Interactive jobs rejected; background still runs,True,"SYNTHETIC - generated, not a business source: throttling days derived from the per-capacity CU series of the Shared/Dedicated fleet; rejected operation counts invented in proportion to the overage"
THR00329,2025-10-20,uksouth-dc08-cap04,uksouth-dc08,uksouth,F32,interactive_rejection,118.76,16,0,Interactive jobs rejected; background still runs,True,"SYNTHETIC - generated, not a business source: throttling days derived from the per-capacity CU series of the Shared/Dedicated fleet; rejected operation counts invented in proportion to the overage"
THR00330,2025-10-21,uksouth-dc08-cap04,uksouth-dc08,uksouth,F32,interactive_rejection,299.72,31,0,Interactive jobs rejected; background still runs,True,"SYNTHETIC - generated, not a business source: throttling days derived from the per-capacity CU series of the Shared/Dedicated fleet; rejected operation counts invented in proportion to the overage"
THR00331,2025-10-22,uksouth-dc08-cap04,uksouth-dc08,uksouth,F32,interactive_rejection,102.75,15,0,Interactive jobs rejected; background still runs,True,"SYNTHETIC - generated, not a business source: throttling days derived from the per-capacity CU series of the Shared/Dedicated fleet; rejected operation counts invented in proportion to the overage"
THR00332,2025-10-23,uksouth-dc08-cap04,uksouth-dc08,uksouth,F32,interactive_delay,45.03,0,0,Interactive jobs delayed 20 seconds at submission,True,"SYNTHETIC - generated, not a business source: throttling days derived from the per-capacity CU series of the Shared/Dedicated fleet; rejected operation counts invented in proportion to the overage"
THR00333,2025-10-24,uksouth-dc08-cap04,uksouth-dc08,uksouth,F32,interactive_rejection,399.69,27,0,Interactive jobs rejected; background still runs,True,"SYNTHETIC - generated, not a business source: throttling days derived from the per-capacity CU series of the Shared/Dedicated fleet; rejected operation counts invented in proportion to the overage"
THR00334,2025-10-25,uksouth-dc08-cap04,uksouth-dc08,uksouth,F32,interactive_rejection,251.7,23,0,Interactive jobs rejected; background still runs,True,"SYNTHETIC - generated, not a business source: throttling days derived from the per-capacity CU series of the Shared/Dedicated fleet; rejected operation counts invented in proportion to the overage"
THR00335,2025-10-27,uksouth-dc08-cap04,uksouth-dc08,uksouth,F32,interactive_rejection,408.94,46,0,Interactive jobs rejected; background still runs,True,"SYNTHETIC - generated, not a business source: throttling days derived from the per-capacity CU series of the Shared/Dedicated fleet; rejected operation counts invented in proportion to the overage"
THR00336,2025-10-29,uksouth-dc08-cap04,uksouth-dc08,uksouth,F32,interactive_rejection,96.92,16,0,Interactive jobs rejected; background still runs,True,"SYNTHETIC - generated, not a business source: throttling days derived from the per-capacity CU series of the Shared/Dedicated fleet; rejected operation counts invented in proportion to the overage"
THR00337,2025-10-31,uksouth-dc08-cap04,uksouth-dc08,uksouth,F32,interactive_rejection,87.99,12,0,Interactive jobs rejected; background still runs,True,"SYNTHETIC - generated, not a business source: throttling days derived from the per-capacity CU series of the Shared/Dedicated fleet; rejected operation counts invented in proportion to the overage"
THR00338,2025-11-01,uksouth-dc08-cap04,uksouth-dc08,uksouth,F32,interactive_rejection,296.64,28,0,Interactive jobs rejected; background still runs,True,"SYNTHETIC - generated, not a business source: throttling days derived from the per-capacity CU series of the Shared/Dedicated fleet; rejected operation counts invented in proportion to the overage"
THR00339,2025-11-02,uksouth-dc08-cap04,uksouth-dc08,uksouth,F32,interactive_rejection,359.42,40,0,Interactive jobs rejected; background still runs,True,"SYNTHETIC - generated, not a business source: throttling days derived from the per-capacity CU series of the Shared/Dedicated fleet; rejected operation counts invented in proportion to the overage"
THR00340,2025-11-03,uksouth-dc08-cap04,uksouth-dc08,uksouth,F32,interactive_rejection,326.43,31,0,Interactive jobs rejected; background still runs,True,"SYNTHETIC - generated, not a business source: throttling days derived from the per-capacity CU series of the Shared/Dedicated fleet; rejected operation counts invented in proportion to the overage"
THR00341,2025-11-04,uksouth-dc08-cap04,uksouth-dc08,uksouth,F32,interactive_delay,10.23,0,0,Interactive jobs delayed 20 seconds at submission,True,"SYNTHETIC - generated, not a business source: throttling days derived from the per-capacity CU series of the Shared/Dedicated fleet; rejected operation counts invented in proportion to the overage"
THR00342,2025-11-06,uksouth-dc08-cap04,uksouth-dc08,uksouth,F32,interactive_rejection,196.67,21,0,Interactive jobs rejected; background still runs,True,"SYNTHETIC - generated, not a business source: throttling days derived from the per-capacity CU series of the Shared/Dedicated fleet; rejected operation counts invented in proportion to the overage"
THR00343,2025-11-07,uksouth-dc08-cap04,uksouth-dc08,uksouth,F32,interactive_rejection,65.96,6,0,Interactive jobs rejected; background still runs,True,"SYNTHETIC - generated, not a business source: throttling days derived from the per-capacity CU series of the Shared/Dedicated fleet; rejected operation counts invented in proportion to the overage"
THR00344,2025-11-08,uksouth-dc08-cap04,uksouth-dc08,uksouth,F32,interactive_rejection,315.24,34,0,Interactive jobs rejected; background still runs,True,"SYNTHETIC - generated, not a business source: throttling days derived from the per-capacity CU series of the Shared/Dedicated fleet; rejected operation counts invented in proportion to the overage"
THR00345,2025-11-09,uksouth-dc08-cap04,uksouth-dc08,uksouth,F32,interactive_rejection,242.89,31,0,Interactive jobs rejected; background still runs,True,"SYNTHETIC - generated, not a business source: throttling days derived from the per-capacity CU series of the Shared/Dedicated fleet; rejected operation counts invented in proportion to the overage"
THR00346,2025-11-10,uksouth-dc08-cap04,uksouth-dc08,uksouth,F32,interactive_rejection,131.56,21,0,Interactive jobs rejected; background still runs,True,"SYNTHETIC - generated, not a business source: throttling days derived from the per-capacity CU series of the Shared/Dedicated fleet; rejected operation counts invented in proportion to the overage"
THR00347,2025-11-11,uksouth-dc08-cap04,uksouth-dc08,uksouth,F32,interactive_rejection,230.32,25,0,Interactive jobs rejected; background still runs,True,"SYNTHETIC - generated, not a business source: throttling days derived from the per-capacity CU series of the Shared/Dedicated fleet; rejected operation counts invented in proportion to the overage"
THR00348,2025-11-12,uksouth-dc08-cap04,uksouth-dc08,uksouth,F32,interactive_rejection,403.76,24,0,Interactive jobs rejected; background still runs,True,"SYNTHETIC - generated, not a business source: throttling days derived from the per-capacity CU series of the Shared/Dedicated fleet; rejected operation counts invented in proportion to the overage"
THR00349,2025-11-13,uksouth-dc08-cap04,uksouth-dc08,uksouth,F32,interactive_rejection,104.95,17,0,Interactive jobs rejected; background still runs,True,"SYNTHETIC - generated, not a business source: throttling days derived from the per-capacity CU series of the Shared/Dedicated fleet; rejected operation counts invented in proportion to the overage"
THR00350,2025-11-14,uksouth-dc08-cap04,uksouth-dc08,uksouth,F32,interactive_rejection,224.1,25,0,Interactive jobs rejected; background still runs,True,"SYNTHETIC - generated, not a business source: throttling days derived from the per-capacity CU series of the Shared/Dedicated fleet; rejected operation counts invented in proportion to the overage"
THR00351,2025-11-15,uksouth-dc08-cap04,uksouth-dc08,uksouth,F32,interactive_rejection,245.45,39,0,Interactive jobs rejected; background still runs,True,"SYNTHETIC - generated, not a business source: throttling days derived from the per-capacity CU series of the Shared/Dedicated fleet; rejected operation counts invented in proportion to the overage"
THR00352,2025-11-16,uksouth-dc08-cap04,uksouth-dc08,uksouth,F32,interactive_rejection,121.65,8,0,Interactive jobs rejected; background still runs,True,"SYNTHETIC - generated, not a business source: throttling days derived from the per-capacity CU series of the Shared/Dedicated fleet; rejected operation counts invented in proportion to the overage"
THR00353,2025-11-17,uksouth-dc08-cap04,uksouth-dc08,uksouth,F32,interactive_rejection,525.56,21,0,Interactive jobs rejected; background still runs,True,"SYNTHETIC - generated, not a business source: throttling days derived from the per-capacity CU series of the Shared/Dedicated fleet; rejected operation counts invented in proportion to the overage"
THR00354,2025-11-18,uksouth-dc08-cap04,uksouth-dc08,uksouth,F32,interactive_rejection,367.86,36,0,Interactive jobs rejected; background still runs,True,"SYNTHETIC - generated, not a business source: throttling days derived from the per-capacity CU series of the Shared/Dedicated fleet; rejected operation counts invented in proportion to the overage"
THR00355,2025-11-19,uksouth-dc08-cap04,uksouth-dc08,uksouth,F32,interactive_rejection,323.55,36,0,Interactive jobs rejected; background still runs,True,"SYNTHETIC - generated, not a business source: throttling days derived from the per-capacity CU series of the Shared/Dedicated fleet; rejected operation counts invented in proportion to the overage"
THR00356,2025-11-20,uksouth-dc08-cap04,uksouth-dc08,uksouth,F32,interactive_rejection,135.33,21,0,Interactive jobs rejected; background still runs,True,"SYNTHETIC - generated, not a business source: throttling days derived from the per-capacity CU series of the Shared/Dedicated fleet; rejected operation counts invented in proportion to the overage"
THR00357,2025-11-21,uksouth-dc08-cap04,uksouth-dc08,uksouth,F32,interactive_rejection,442.75,23,0,Interactive jobs rejected; background still runs,True,"SYNTHETIC - generated, not a business source: throttling days derived from the per-capacity CU series of the Shared/Dedicated fleet; rejected operation counts invented in proportion to the overage"
THR00358,2025-11-22,uksouth-dc08-cap04,uksouth-dc08,uksouth,F32,interactive_rejection,259.38,32,0,Interactive jobs rejected; background still runs,True,"SYNTHETIC - generated, not a business source: throttling days derived from the per-capacity CU series of the Shared/Dedicated fleet; rejected operation counts invented in proportion to the overage"
THR00359,2025-11-23,uksouth-dc08-cap04,uksouth-dc08,uksouth,F32,interactive_rejection,305.33,26,0,Interactive jobs rejected; background still runs,True,"SYNTHETIC - generated, not a business source: throttling days derived from the per-capacity CU series of the Shared/Dedicated fleet; rejected operation counts invented in proportion to the overage"
THR00360,2025-11-24,uksouth-dc08-cap04,uksouth-dc08,uksouth,F32,interactive_rejection,175.55,22,0,Interactive jobs rejected; background still runs,True,"SYNTHETIC - generated, not a business source: throttling days derived from the per-capacity CU series of the Shared/Dedicated fleet; rejected operation counts invented in proportion to the overage"
THR00361,2025-11-25,uksouth-dc08-cap04,uksouth-dc08,uksouth,F32,interactive_rejection,240.25,32,0,Interactive jobs rejected; background still runs,True,"SYNTHETIC - generated, not a business source: throttling days derived from the per-capacity CU series of the Shared/Dedicated fleet; rejected operation counts invented in proportion to the overage"
THR00362,2025-11-26,uksouth-dc08-cap04,uksouth-dc08,uksouth,F32,interactive_rejection,169.97,22,0,Interactive jobs rejected; background still runs,True,"SYNTHETIC - generated, not a business source: throttling days derived from the per-capacity CU series of the Shared/Dedicated fleet; rejected operation counts invented in proportion to the overage"
THR00363,2025-11-27,uksouth-dc08-cap04,uksouth-dc08,uksouth,F32,interactive_rejection,265.96,28,0,Interactive jobs rejected; background still runs,True,"SYNTHETIC - generated, not a business source: throttling days derived from the per-capacity CU series of the Shared/Dedicated fleet; rejected operation counts invented in proportion to the overage"
THR00364,2025-11-28,uksouth-dc08-cap04,uksouth-dc08,uksouth,F32,interactive_rejection,334.04,32,0,Interactive jobs rejected; background still runs,True,"SYNTHETIC - generated, not a business source: throttling days derived from the per-capacity CU series of the Shared/Dedicated fleet; rejected operation counts invented in proportion to the overage"
THR00365,2025-11-29,uksouth-dc08-cap04,uksouth-dc08,uksouth,F32,interactive_rejection,230.98,28,0,Interactive jobs rejected; background still runs,True,"SYNTHETIC - generated, not a business source: throttling days derived from the per-capacity CU series of the Shared/Dedicated fleet; rejected operation counts invented in proportion to the overage"
THR00366,2025-11-30,uksouth-dc08-cap04,uksouth-dc08,uksouth,F32,interactive_rejection,339.04,24,0,Interactive jobs rejected; background still runs,True,"SYNTHETIC - generated, not a business source: throttling days derived from the per-capacity CU series of the Shared/Dedicated fleet; rejected operation counts invented in proportion to the overage"
THR00367,2025-12-01,uksouth-dc08-cap04,uksouth-dc08,uksouth,F32,interactive_rejection,413.09,27,0,Interactive jobs rejected; background still runs,True,"SYNTHETIC - generated, not a business source: throttling days derived from the per-capacity CU series of the Shared/Dedicated fleet; rejected operation counts invented in proportion to the overage"
THR00368,2025-12-02,uksouth-dc08-cap04,uksouth-dc08,uksouth,F32,interactive_rejection,151.56,14,0,Interactive jobs rejected; background still runs,True,"SYNTHETIC - generated, not a business source: throttling days derived from the per-capacity CU series of the Shared/Dedicated fleet; rejected operation counts invented in proportion to the overage"
THR00369,2025-12-03,uksouth-dc08-cap04,uksouth-dc08,uksouth,F32,interactive_delay,39.61,0,0,Interactive jobs delayed 20 seconds at submission,True,"SYNTHETIC - generated, not a business source: throttling days derived from the per-capacity CU series of the Shared/Dedicated fleet; rejected operation counts invented in proportion to the overage"
THR00370,2025-12-04,uksouth-dc08-cap04,uksouth-dc08,uksouth,F32,interactive_rejection,150.81,17,0,Interactive jobs rejected; background still runs,True,"SYNTHETIC - generated, not a business source: throttling days derived from the per-capacity CU series of the Shared/Dedicated fleet; rejected operation counts invented in proportion to the overage"
THR00371,2025-12-05,uksouth-dc08-cap04,uksouth-dc08,uksouth,F32,interactive_rejection,315.54,42,0,Interactive jobs rejected; background still runs,True,"SYNTHETIC - generated, not a business source: throttling days derived from the per-capacity CU series of the Shared/Dedicated fleet; rejected operation counts invented in proportion to the overage"
THR00372,2025-12-07,uksouth-dc08-cap04,uksouth-dc08,uksouth,F32,interactive_rejection,334.24,27,0,Interactive jobs rejected; background still runs,True,"SYNTHETIC - generated, not a business source: throttling days derived from the per-capacity CU series of the Shared/Dedicated fleet; rejected operation counts invented in proportion to the overage"
THR00373,2025-12-08,uksouth-dc08-cap04,uksouth-dc08,uksouth,F32,interactive_rejection,384.04,25,0,Interactive jobs rejected; background still runs,True,"SYNTHETIC - generated, not a business source: throttling days derived from the per-capacity CU series of the Shared/Dedicated fleet; rejected operation counts invented in proportion to the overage"
THR00374,2025-12-09,uksouth-dc08-cap04,uksouth-dc08,uksouth,F32,interactive_rejection,544.35,29,0,Interactive jobs rejected; background still runs,True,"SYNTHETIC - generated, not a business source: throttling days derived from the per-capacity CU series of the Shared/Dedicated fleet; rejected operation counts invented in proportion to the overage"
THR00375,2025-12-10,uksouth-dc08-cap04,uksouth-dc08,uksouth,F32,interactive_rejection,803.13,28,0,Interactive jobs rejected; background still runs,True,"SYNTHETIC - generated, not a business source: throttling days derived from the per-capacity CU series of the Shared/Dedicated fleet; rejected operation counts invented in proportion to the overage"
THR00376,2025-12-11,uksouth-dc08-cap04,uksouth-dc08,uksouth,F32,interactive_rejection,458.29,37,0,Interactive jobs rejected; background still runs,True,"SYNTHETIC - generated, not a business source: throttling days derived from the per-capacity CU series of the Shared/Dedicated fleet; rejected operation counts invented in proportion to the overage"
THR00377,2025-12-12,uksouth-dc08-cap04,uksouth-dc08,uksouth,F32,interactive_rejection,233.03,29,0,Interactive jobs rejected; background still runs,True,"SYNTHETIC - generated, not a business source: throttling days derived from the per-capacity CU series of the Shared/Dedicated fleet; rejected operation counts invented in proportion to the overage"
THR00378,2025-12-13,uksouth-dc08-cap04,uksouth-dc08,uksouth,F32,interactive_rejection,430.49,30,0,Interactive jobs rejected; background still runs,True,"SYNTHETIC - generated, not a business source: throttling days derived from the per-capacity CU series of the Shared/Dedicated fleet; rejected operation counts invented in proportion to the overage"
THR00379,2025-12-14,uksouth-dc08-cap04,uksouth-dc08,uksouth,F32,interactive_rejection,135.38,16,0,Interactive jobs rejected; background still runs,True,"SYNTHETIC - generated, not a business source: throttling days derived from the per-capacity CU series of the Shared/Dedicated fleet; rejected operation counts invented in proportion to the overage"
THR00380,2025-12-15,uksouth-dc08-cap04,uksouth-dc08,uksouth,F32,interactive_rejection,467.59,29,0,Interactive jobs rejected; background still runs,True,"SYNTHETIC - generated, not a business source: throttling days derived from the per-capacity CU series of the Shared/Dedicated fleet; rejected operation counts invented in proportion to the overage"
THR00381,2025-12-16,uksouth-dc08-cap04,uksouth-dc08,uksouth,F32,interactive_rejection,326.64,30,0,Interactive jobs rejected; background still runs,True,"SYNTHETIC - generated, not a business source: throttling days derived from the per-capacity CU series of the Shared/Dedicated fleet; rejected operation counts invented in proportion to the overage"
THR00382,2025-12-17,uksouth-dc08-cap04,uksouth-dc08,uksouth,F32,interactive_rejection,532.0,28,0,Interactive jobs rejected; background still runs,True,"SYNTHETIC - generated, not a business source: throttling days derived from the per-capacity CU series of the Shared/Dedicated fleet; rejected operation counts invented in proportion to the overage"
THR00383,2025-12-18,uksouth-dc08-cap04,uksouth-dc08,uksouth,F32,interactive_rejection,350.6,31,0,Interactive jobs rejected; background still runs,True,"SYNTHETIC - generated, not a business source: throttling days derived from the per-capacity CU series of the Shared/Dedicated fleet; rejected operation counts invented in proportion to the overage"
THR00384,2025-12-19,uksouth-dc08-cap04,uksouth-dc08,uksouth,F32,interactive_rejection,265.67,32,0,Interactive jobs rejected; background still runs,True,"SYNTHETIC - generated, not a business source: throttling days derived from the per-capacity CU series of the Shared/Dedicated fleet; rejected operation counts invented in proportion to the overage"
THR00385,2025-12-20,uksouth-dc08-cap04,uksouth-dc08,uksouth,F32,interactive_rejection,222.71,35,0,Interactive jobs rejected; background still runs,True,"SYNTHETIC - generated, not a business source: throttling days derived from the per-capacity CU series of the Shared/Dedicated fleet; rejected operation counts invented in proportion to the overage"
THR00386,2025-12-21,uksouth-dc08-cap04,uksouth-dc08,uksouth,F32,interactive_rejection,464.49,27,0,Interactive jobs rejected; background still runs,True,"SYNTHETIC - generated, not a business source: throttling days derived from the per-capacity CU series of the Shared/Dedicated fleet; rejected operation counts invented in proportion to the overage"
THR00387,2025-12-22,uksouth-dc08-cap04,uksouth-dc08,uksouth,F32,interactive_rejection,525.94,27,0,Interactive jobs rejected; background still runs,True,"SYNTHETIC - generated, not a business source: throttling days derived from the per-capacity CU series of the Shared/Dedicated fleet; rejected operation counts invented in proportion to the overage"
THR00388,2025-12-24,uksouth-dc08-cap04,uksouth-dc08,uksouth,F32,interactive_rejection,554.88,38,0,Interactive jobs rejected; background still runs,True,"SYNTHETIC - generated, not a business source: throttling days derived from the per-capacity CU series of the Shared/Dedicated fleet; rejected operation counts invented in proportion to the overage"
THR00389,2025-12-25,uksouth-dc08-cap04,uksouth-dc08,uksouth,F32,interactive_rejection,346.36,31,0,Interactive jobs rejected; background still runs,True,"SYNTHETIC - generated, not a business source: throttling days derived from the per-capacity CU series of the Shared/Dedicated fleet; rejected operation counts invented in proportion to the overage"
THR00390,2025-12-26,uksouth-dc08-cap04,uksouth-dc08,uksouth,F32,interactive_rejection,332.52,29,0,Interactive jobs rejected; background still runs,True,"SYNTHETIC - generated, not a business source: throttling days derived from the per-capacity CU series of the Shared/Dedicated fleet; rejected operation counts invented in proportion to the overage"
THR00391,2025-12-28,uksouth-dc08-cap04,uksouth-dc08,uksouth,F32,interactive_rejection,351.43,35,0,Interactive jobs rejected; background still runs,True,"SYNTHETIC - generated, not a business source: throttling days derived from the per-capacity CU series of the Shared/Dedicated fleet; rejected operation counts invented in proportion to the overage"
THR00392,2025-12-29,uksouth-dc08-cap04,uksouth-dc08,uksouth,F32,interactive_rejection,296.02,28,0,Interactive jobs rejected; background still runs,True,"SYNTHETIC - generated, not a business source: throttling days derived from the per-capacity CU series of the Shared/Dedicated fleet; rejected operation counts invented in proportion to the overage"
THR00393,2025-12-30,uksouth-dc08-cap04,uksouth-dc08,uksouth,F32,interactive_rejection,208.67,27,0,Interactive jobs rejected; background still runs,True,"SYNTHETIC - generated, not a business source: throttling days derived from the per-capacity CU series of the Shared/Dedicated fleet; rejected operation counts invented in proportion to the overage"
THR00394,2025-12-31,uksouth-dc08-cap04,uksouth-dc08,uksouth,F32,interactive_rejection,568.76,28,0,Interactive jobs rejected; background still runs,True,"SYNTHETIC - generated, not a business source: throttling days derived from the per-capacity CU series of the Shared/Dedicated fleet; rejected operation counts invented in proportion to the overage"
THR00395,2026-01-01,uksouth-dc08-cap04,uksouth-dc08,uksouth,F32,interactive_rejection,523.04,31,0,Interactive jobs rejected; background still runs,True,"SYNTHETIC - generated, not a business source: throttling days derived from the per-capacity CU series of the Shared/Dedicated fleet; rejected operation counts invented in proportion to the overage"
THR00396,2026-01-02,uksouth-dc08-cap04,uksouth-dc08,uksouth,F32,interactive_rejection,446.31,34,0,Interactive jobs rejected; background still runs,True,"SYNTHETIC - generated, not a business source: throttling days derived from the per-capacity CU series of the Shared/Dedicated fleet; rejected operation counts invented in proportion to the overage"
THR00397,2026-01-03,uksouth-dc08-cap04,uksouth-dc08,uksouth,F32,interactive_rejection,369.47,25,0,Interactive jobs rejected; background still runs,True,"SYNTHETIC - generated, not a business source: throttling days derived from the per-capacity CU series of the Shared/Dedicated fleet; rejected operation counts invented in proportion to the overage"
THR00398,2026-01-04,uksouth-dc08-cap04,uksouth-dc08,uksouth,F32,interactive_rejection,323.86,26,0,Interactive jobs rejected; background still runs,True,"SYNTHETIC - generated, not a business source: throttling days derived from the per-capacity CU series of the Shared/Dedicated fleet; rejected operation counts invented in proportion to the overage"
THR00399,2026-01-05,uksouth-dc08-cap04,uksouth-dc08,uksouth,F32,interactive_rejection,453.54,32,0,Interactive jobs rejected; background still runs,True,"SYNTHETIC - generated, not a business source: throttling days derived from the per-capacity CU series of the Shared/Dedicated fleet; rejected operation counts invented in proportion to the overage"
THR00400,2026-01-06,uksouth-dc08-cap04,uksouth-dc08,uksouth,F32,interactive_rejection,440.91,33,0,Interactive jobs rejected; background still runs,True,"SYNTHETIC - generated, not a business source: throttling days derived from the per-capacity CU series of the Shared/Dedicated fleet; rejected operation counts invented in proportion to the overage"
THR00401,2026-01-07,uksouth-dc08-cap04,uksouth-dc08,uksouth,F32,interactive_rejection,454.39,29,0,Interactive jobs rejected; background still runs,True,"SYNTHETIC - generated, not a business source: throttling days derived from the per-capacity CU series of the Shared/Dedicated fleet; rejected operation counts invented in proportion to the overage"
THR00402,2026-01-08,uksouth-dc08-cap04,uksouth-dc08,uksouth,F32,interactive_rejection,498.53,16,0,Interactive jobs rejected; background still runs,True,"SYNTHETIC - generated, not a business source: throttling days derived from the per-capacity CU series of the Shared/Dedicated fleet; rejected operation counts invented in proportion to the overage"
THR00403,2026-01-09,uksouth-dc08-cap04,uksouth-dc08,uksouth,F32,interactive_rejection,557.4,30,0,Interactive jobs rejected; background still runs,True,"SYNTHETIC - generated, not a business source: throttling days derived from the per-capacity CU series of the Shared/Dedicated fleet; rejected operation counts invented in proportion to the overage"
THR00404,2026-01-10,uksouth-dc08-cap04,uksouth-dc08,uksouth,F32,interactive_rejection,469.88,34,0,Interactive jobs rejected; background still runs,True,"SYNTHETIC - generated, not a business source: throttling days derived from the per-capacity CU series of the Shared/Dedicated fleet; rejected operation counts invented in proportion to the overage"
THR00405,2026-01-11,uksouth-dc08-cap04,uksouth-dc08,uksouth,F32,interactive_rejection,497.46,23,0,Interactive jobs rejected; background still runs,True,"SYNTHETIC - generated, not a business source: throttling days derived from the per-capacity CU series of the Shared/Dedicated fleet; rejected operation counts invented in proportion to the overage"
THR00406,2026-01-12,uksouth-dc08-cap04,uksouth-dc08,uksouth,F32,interactive_rejection,616.95,22,0,Interactive jobs rejected; background still runs,True,"SYNTHETIC - generated, not a business source: throttling days derived from the per-capacity CU series of the Shared/Dedicated fleet; rejected operation counts invented in proportion to the overage"
THR00407,2026-01-13,uksouth-dc08-cap04,uksouth-dc08,uksouth,F32,interactive_rejection,483.04,25,0,Interactive jobs rejected; background still runs,True,"SYNTHETIC - generated, not a business source: throttling days derived from the per-capacity CU series of the Shared/Dedicated fleet; rejected operation counts invented in proportion to the overage"
THR00408,2026-01-14,uksouth-dc08-cap04,uksouth-dc08,uksouth,F32,interactive_rejection,539.03,28,0,Interactive jobs rejected; background still runs,True,"SYNTHETIC - generated, not a business source: throttling days derived from the per-capacity CU series of the Shared/Dedicated fleet; rejected operation counts invented in proportion to the overage"
THR00409,2026-01-15,uksouth-dc08-cap04,uksouth-dc08,uksouth,F32,interactive_rejection,450.91,34,0,Interactive jobs rejected; background still runs,True,"SYNTHETIC - generated, not a business source: throttling days derived from the per-capacity CU series of the Shared/Dedicated fleet; rejected operation counts invented in proportion to the overage"
THR00410,2026-01-16,uksouth-dc08-cap04,uksouth-dc08,uksouth,F32,interactive_rejection,599.15,27,0,Interactive jobs rejected; background still runs,True,"SYNTHETIC - generated, not a business source: throttling days derived from the per-capacity CU series of the Shared/Dedicated fleet; rejected operation counts invented in proportion to the overage"
THR00411,2026-01-17,uksouth-dc08-cap04,uksouth-dc08,uksouth,F32,interactive_rejection,212.72,20,0,Interactive jobs rejected; background still runs,True,"SYNTHETIC - generated, not a business source: throttling days derived from the per-capacity CU series of the Shared/Dedicated fleet; rejected operation counts invented in proportion to the overage"
THR00412,2026-01-18,uksouth-dc08-cap04,uksouth-dc08,uksouth,F32,interactive_rejection,525.18,18,0,Interactive jobs rejected; background still runs,True,"SYNTHETIC - generated, not a business source: throttling days derived from the per-capacity CU series of the Shared/Dedicated fleet; rejected operation counts invented in proportion to the overage"
THR00413,2026-01-19,uksouth-dc08-cap04,uksouth-dc08,uksouth,F32,interactive_rejection,267.43,24,0,Interactive jobs rejected; background still runs,True,"SYNTHETIC - generated, not a business source: throttling days derived from the per-capacity CU series of the Shared/Dedicated fleet; rejected operation counts invented in proportion to the overage"
THR00414,2026-01-20,uksouth-dc08-cap04,uksouth-dc08,uksouth,F32,interactive_rejection,704.98,34,0,Interactive jobs rejected; background still runs,True,"SYNTHETIC - generated, not a business source: throttling days derived from the per-capacity CU series of the Shared/Dedicated fleet; rejected operation counts invented in proportion to the overage"
THR00415,2026-01-21,uksouth-dc08-cap04,uksouth-dc08,uksouth,F32,interactive_rejection,578.17,30,0,Interactive jobs rejected; background still runs,True,"SYNTHETIC - generated, not a business source: throttling days derived from the per-capacity CU series of the Shared/Dedicated fleet; rejected operation counts invented in proportion to the overage"
THR00416,2026-01-22,uksouth-dc08-cap04,uksouth-dc08,uksouth,F32,interactive_rejection,289.82,36,0,Interactive jobs rejected; background still runs,True,"SYNTHETIC - generated, not a business source: throttling days derived from the per-capacity CU series of the Shared/Dedicated fleet; rejected operation counts invented in proportion to the overage"
THR00417,2026-01-23,uksouth-dc08-cap04,uksouth-dc08,uksouth,F32,interactive_rejection,315.57,28,0,Interactive jobs rejected; background still runs,True,"SYNTHETIC - generated, not a business source: throttling days derived from the per-capacity CU series of the Shared/Dedicated fleet; rejected operation counts invented in proportion to the overage"
THR00418,2026-01-24,uksouth-dc08-cap04,uksouth-dc08,uksouth,F32,interactive_rejection,99.23,5,0,Interactive jobs rejected; background still runs,True,"SYNTHETIC - generated, not a business source: throttling days derived from the per-capacity CU series of the Shared/Dedicated fleet; rejected operation counts invented in proportion to the overage"
THR00419,2026-01-25,uksouth-dc08-cap04,uksouth-dc08,uksouth,F32,interactive_rejection,514.95,31,0,Interactive jobs rejected; background still runs,True,"SYNTHETIC - generated, not a business source: throttling days derived from the per-capacity CU series of the Shared/Dedicated fleet; rejected operation counts invented in proportion to the overage"
THR00420,2026-01-26,uksouth-dc08-cap04,uksouth-dc08,uksouth,F32,interactive_rejection,555.65,33,0,Interactive jobs rejected; background still runs,True,"SYNTHETIC - generated, not a business source: throttling days derived from the per-capacity CU series of the Shared/Dedicated fleet; rejected operation counts invented in proportion to the overage"
THR00421,2026-01-27,uksouth-dc08-cap04,uksouth-dc08,uksouth,F32,interactive_rejection,481.0,24,0,Interactive jobs rejected; background still runs,True,"SYNTHETIC - generated, not a business source: throttling days derived from the per-capacity CU series of the Shared/Dedicated fleet; rejected operation counts invented in proportion to the overage"
THR00422,2026-01-28,uksouth-dc08-cap04,uksouth-dc08,uksouth,F32,interactive_rejection,473.14,29,0,Interactive jobs rejected; background still runs,True,"SYNTHETIC - generated, not a business source: throttling days derived from the per-capacity CU series of the Shared/Dedicated fleet; rejected operation counts invented in proportion to the overage"
THR00423,2025-09-01,westeurope-dc04-cap01,westeurope-dc04,westeurope,F128,interactive_rejection,230.83,22,0,Interactive jobs rejected; background still runs,True,"SYNTHETIC - generated, not a business source: throttling days derived from the per-capacity CU series of the Shared/Dedicated fleet; rejected operation counts invented in proportion to the overage"
THR00424,2025-09-02,westeurope-dc04-cap01,westeurope-dc04,westeurope,F128,interactive_rejection,258.15,33,0,Interactive jobs rejected; background still runs,True,"SYNTHETIC - generated, not a business source: throttling days derived from the per-capacity CU series of the Shared/Dedicated fleet; rejected operation counts invented in proportion to the overage"
THR00425,2025-09-03,westeurope-dc04-cap01,westeurope-dc04,westeurope,F128,interactive_rejection,366.21,33,0,Interactive jobs rejected; background still runs,True,"SYNTHETIC - generated, not a business source: throttling days derived from the per-capacity CU series of the Shared/Dedicated fleet; rejected operation counts invented in proportion to the overage"
THR00426,2025-09-04,westeurope-dc04-cap01,westeurope-dc04,westeurope,F128,interactive_rejection,294.22,30,0,Interactive jobs rejected; background still runs,True,"SYNTHETIC - generated, not a business source: throttling days derived from the per-capacity CU series of the Shared/Dedicated fleet; rejected operation counts invented in proportion to the overage"
THR00427,2025-09-07,westeurope-dc04-cap01,westeurope-dc04,westeurope,F128,interactive_rejection,138.13,18,0,Interactive jobs rejected; background still runs,True,"SYNTHETIC - generated, not a business source: throttling days derived from the per-capacity CU series of the Shared/Dedicated fleet; rejected operation counts invented in proportion to the overage"
THR00428,2025-09-08,westeurope-dc04-cap01,westeurope-dc04,westeurope,F128,interactive_rejection,94.19,12,0,Interactive jobs rejected; background still runs,True,"SYNTHETIC - generated, not a business source: throttling days derived from the per-capacity CU series of the Shared/Dedicated fleet; rejected operation counts invented in proportion to the overage"
THR00429,2025-09-09,westeurope-dc04-cap01,westeurope-dc04,westeurope,F128,interactive_rejection,197.88,38,0,Interactive jobs rejected; background still runs,True,"SYNTHETIC - generated, not a business source: throttling days derived from the per-capacity CU series of the Shared/Dedicated fleet; rejected operation counts invented in proportion to the overage"
THR00430,2025-09-10,westeurope-dc04-cap01,westeurope-dc04,westeurope,F128,interactive_rejection,244.57,36,0,Interactive jobs rejected; background still runs,True,"SYNTHETIC - generated, not a business source: throttling days derived from the per-capacity CU series of the Shared/Dedicated fleet; rejected operation counts invented in proportion to the overage"
THR00431,2025-09-11,westeurope-dc04-cap01,westeurope-dc04,westeurope,F128,interactive_delay,55.74,0,0,Interactive jobs delayed 20 seconds at submission,True,"SYNTHETIC - generated, not a business source: throttling days derived from the per-capacity CU series of the Shared/Dedicated fleet; rejected operation counts invented in proportion to the overage"
THR00432,2025-09-12,westeurope-dc04-cap01,westeurope-dc04,westeurope,F128,interactive_rejection,147.86,13,0,Interactive jobs rejected; background still runs,True,"SYNTHETIC - generated, not a business source: throttling days derived from the per-capacity CU series of the Shared/Dedicated fleet; rejected operation counts invented in proportion to the overage"
THR00433,2025-09-15,westeurope-dc04-cap01,westeurope-dc04,westeurope,F128,interactive_rejection,251.95,23,0,Interactive jobs rejected; background still runs,True,"SYNTHETIC - generated, not a business source: throttling days derived from the per-capacity CU series of the Shared/Dedicated fleet; rejected operation counts invented in proportion to the overage"
THR00434,2025-09-16,westeurope-dc04-cap01,westeurope-dc04,westeurope,F128,interactive_rejection,338.44,26,0,Interactive jobs rejected; background still runs,True,"SYNTHETIC - generated, not a business source: throttling days derived from the per-capacity CU series of the Shared/Dedicated fleet; rejected operation counts invented in proportion to the overage"
THR00435,2025-09-17,westeurope-dc04-cap01,westeurope-dc04,westeurope,F128,interactive_rejection,153.38,14,0,Interactive jobs rejected; background still runs,True,"SYNTHETIC - generated, not a business source: throttling days derived from the per-capacity CU series of the Shared/Dedicated fleet; rejected operation counts invented in proportion to the overage"
THR00436,2025-09-18,westeurope-dc04-cap01,westeurope-dc04,westeurope,F128,interactive_rejection,219.25,38,0,Interactive jobs rejected; background still runs,True,"SYNTHETIC - generated, not a business source: throttling days derived from the per-capacity CU series of the Shared/Dedicated fleet; rejected operation counts invented in proportion to the overage"
THR00437,2025-09-19,westeurope-dc04-cap01,westeurope-dc04,westeurope,F128,interactive_rejection,175.68,19,0,Interactive jobs rejected; background still runs,True,"SYNTHETIC - generated, not a business source: throttling days derived from the per-capacity CU series of the Shared/Dedicated fleet; rejected operation counts invented in proportion to the overage"
THR00438,2025-09-20,westeurope-dc04-cap01,westeurope-dc04,westeurope,F128,interactive_rejection,136.13,15,0,Interactive jobs rejected; background still runs,True,"SYNTHETIC - generated, not a business source: throttling days derived from the per-capacity CU series of the Shared/Dedicated fleet; rejected operation counts invented in proportion to the overage"
THR00439,2025-09-21,westeurope-dc04-cap01,westeurope-dc04,westeurope,F128,interactive_rejection,284.68,38,0,Interactive jobs rejected; background still runs,True,"SYNTHETIC - generated, not a business source: throttling days derived from the per-capacity CU series of the Shared/Dedicated fleet; rejected operation counts invented in proportion to the overage"
THR00440,2025-09-22,westeurope-dc04-cap01,westeurope-dc04,westeurope,F128,interactive_rejection,86.65,9,0,Interactive jobs rejected; background still runs,True,"SYNTHETIC - generated, not a business source: throttling days derived from the per-capacity CU series of the Shared/Dedicated fleet; rejected operation counts invented in proportion to the overage"
THR00441,2025-09-23,westeurope-dc04-cap01,westeurope-dc04,westeurope,F128,interactive_rejection,293.69,31,0,Interactive jobs rejected; background still runs,True,"SYNTHETIC - generated, not a business source: throttling days derived from the per-capacity CU series of the Shared/Dedicated fleet; rejected operation counts invented in proportion to the overage"
THR00442,2025-09-24,westeurope-dc04-cap01,westeurope-dc04,westeurope,F128,interactive_rejection,110.62,20,0,Interactive jobs rejected; background still runs,True,"SYNTHETIC - generated, not a business source: throttling days derived from the per-capacity CU series of the Shared/Dedicated fleet; rejected operation counts invented in proportion to the overage"
THR00443,2025-09-25,westeurope-dc04-cap01,westeurope-dc04,westeurope,F128,interactive_rejection,295.26,21,0,Interactive jobs rejected; background still runs,True,"SYNTHETIC - generated, not a business source: throttling days derived from the per-capacity CU series of the Shared/Dedicated fleet; rejected operation counts invented in proportion to the overage"
THR00444,2025-09-26,westeurope-dc04-cap01,westeurope-dc04,westeurope,F128,interactive_rejection,275.58,34,0,Interactive jobs rejected; background still runs,True,"SYNTHETIC - generated, not a business source: throttling days derived from the per-capacity CU series of the Shared/Dedicated fleet; rejected operation counts invented in proportion to the overage"
THR00445,2025-09-27,westeurope-dc04-cap01,westeurope-dc04,westeurope,F128,interactive_rejection,485.07,37,0,Interactive jobs rejected; background still runs,True,"SYNTHETIC - generated, not a business source: throttling days derived from the per-capacity CU series of the Shared/Dedicated fleet; rejected operation counts invented in proportion to the overage"
THR00446,2025-09-28,westeurope-dc04-cap01,westeurope-dc04,westeurope,F128,interactive_delay,55.15,0,0,Interactive jobs delayed 20 seconds at submission,True,"SYNTHETIC - generated, not a business source: throttling days derived from the per-capacity CU series of the Shared/Dedicated fleet; rejected operation counts invented in proportion to the overage"
THR00447,2025-09-29,westeurope-dc04-cap01,westeurope-dc04,westeurope,F128,interactive_rejection,306.83,23,0,Interactive jobs rejected; background still runs,True,"SYNTHETIC - generated, not a business source: throttling days derived from the per-capacity CU series of the Shared/Dedicated fleet; rejected operation counts invented in proportion to the overage"
THR00448,2025-09-30,westeurope-dc04-cap01,westeurope-dc04,westeurope,F128,interactive_rejection,521.58,38,0,Interactive jobs rejected; background still runs,True,"SYNTHETIC - generated, not a business source: throttling days derived from the per-capacity CU series of the Shared/Dedicated fleet; rejected operation counts invented in proportion to the overage"
THR00449,2025-10-01,westeurope-dc04-cap01,westeurope-dc04,westeurope,F128,interactive_rejection,423.93,24,0,Interactive jobs rejected; background still runs,True,"SYNTHETIC - generated, not a business source: throttling days derived from the per-capacity CU series of the Shared/Dedicated fleet; rejected operation counts invented in proportion to the overage"
THR00450,2025-10-02,westeurope-dc04-cap01,westeurope-dc04,westeurope,F128,interactive_rejection,739.98,27,0,Interactive jobs rejected; background still runs,True,"SYNTHETIC - generated, not a business source: throttling days derived from the per-capacity CU series of the Shared/Dedicated fleet; rejected operation counts invented in proportion to the overage"
THR00451,2025-10-03,westeurope-dc04-cap01,westeurope-dc04,westeurope,F128,interactive_rejection,586.88,24,0,Interactive jobs rejected; background still runs,True,"SYNTHETIC - generated, not a business source: throttling days derived from the per-capacity CU series of the Shared/Dedicated fleet; rejected operation counts invented in proportion to the overage"
THR00452,2025-10-04,westeurope-dc04-cap01,westeurope-dc04,westeurope,F128,interactive_rejection,192.64,32,0,Interactive jobs rejected; background still runs,True,"SYNTHETIC - generated, not a business source: throttling days derived from the per-capacity CU series of the Shared/Dedicated fleet; rejected operation counts invented in proportion to the overage"
THR00453,2025-10-05,westeurope-dc04-cap01,westeurope-dc04,westeurope,F128,interactive_rejection,343.1,26,0,Interactive jobs rejected; background still runs,True,"SYNTHETIC - generated, not a business source: throttling days derived from the per-capacity CU series of the Shared/Dedicated fleet; rejected operation counts invented in proportion to the overage"
THR00454,2025-10-06,westeurope-dc04-cap01,westeurope-dc04,westeurope,F128,interactive_rejection,306.72,28,0,Interactive jobs rejected; background still runs,True,"SYNTHETIC - generated, not a business source: throttling days derived from the per-capacity CU series of the Shared/Dedicated fleet; rejected operation counts invented in proportion to the overage"
THR00455,2025-10-07,westeurope-dc04-cap01,westeurope-dc04,westeurope,F128,interactive_rejection,528.76,34,0,Interactive jobs rejected; background still runs,True,"SYNTHETIC - generated, not a business source: throttling days derived from the per-capacity CU series of the Shared/Dedicated fleet; rejected operation counts invented in proportion to the overage"
THR00456,2025-10-08,westeurope-dc04-cap01,westeurope-dc04,westeurope,F128,interactive_rejection,305.87,30,0,Interactive jobs rejected; background still runs,True,"SYNTHETIC - generated, not a business source: throttling days derived from the per-capacity CU series of the Shared/Dedicated fleet; rejected operation counts invented in proportion to the overage"
THR00457,2025-10-09,westeurope-dc04-cap01,westeurope-dc04,westeurope,F128,interactive_rejection,353.14,38,0,Interactive jobs rejected; background still runs,True,"SYNTHETIC - generated, not a business source: throttling days derived from the per-capacity CU series of the Shared/Dedicated fleet; rejected operation counts invented in proportion to the overage"
THR00458,2025-10-10,westeurope-dc04-cap01,westeurope-dc04,westeurope,F128,interactive_rejection,484.51,23,0,Interactive jobs rejected; background still runs,True,"SYNTHETIC - generated, not a business source: throttling days derived from the per-capacity CU series of the Shared/Dedicated fleet; rejected operation counts invented in proportion to the overage"
THR00459,2025-10-11,westeurope-dc04-cap01,westeurope-dc04,westeurope,F128,interactive_rejection,342.71,26,0,Interactive jobs rejected; background still runs,True,"SYNTHETIC - generated, not a business source: throttling days derived from the per-capacity CU series of the Shared/Dedicated fleet; rejected operation counts invented in proportion to the overage"
THR00460,2025-10-12,westeurope-dc04-cap01,westeurope-dc04,westeurope,F128,interactive_rejection,182.43,21,0,Interactive jobs rejected; background still runs,True,"SYNTHETIC - generated, not a business source: throttling days derived from the per-capacity CU series of the Shared/Dedicated fleet; rejected operation counts invented in proportion to the overage"
THR00461,2025-10-13,westeurope-dc04-cap01,westeurope-dc04,westeurope,F128,interactive_rejection,498.56,43,0,Interactive jobs rejected; background still runs,True,"SYNTHETIC - generated, not a business source: throttling days derived from the per-capacity CU series of the Shared/Dedicated fleet; rejected operation counts invented in proportion to the overage"
THR00462,2025-10-14,westeurope-dc04-cap01,westeurope-dc04,westeurope,F128,interactive_rejection,383.21,33,0,Interactive jobs rejected; background still runs,True,"SYNTHETIC - generated, not a business source: throttling days derived from the per-capacity CU series of the Shared/Dedicated fleet; rejected operation counts invented in proportion to the overage"
THR00463,2025-10-15,westeurope-dc04-cap01,westeurope-dc04,westeurope,F128,interactive_rejection,470.27,20,0,Interactive jobs rejected; background still runs,True,"SYNTHETIC - generated, not a business source: throttling days derived from the per-capacity CU series of the Shared/Dedicated fleet; rejected operation counts invented in proportion to the overage"
THR00464,2025-10-16,westeurope-dc04-cap01,westeurope-dc04,westeurope,F128,interactive_rejection,575.93,26,0,Interactive jobs rejected; background still runs,True,"SYNTHETIC - generated, not a business source: throttling days derived from the per-capacity CU series of the Shared/Dedicated fleet; rejected operation counts invented in proportion to the overage"
THR00465,2025-10-17,westeurope-dc04-cap01,westeurope-dc04,westeurope,F128,interactive_rejection,443.56,31,0,Interactive jobs rejected; background still runs,True,"SYNTHETIC - generated, not a business source: throttling days derived from the per-capacity CU series of the Shared/Dedicated fleet; rejected operation counts invented in proportion to the overage"
THR00466,2025-10-18,westeurope-dc04-cap01,westeurope-dc04,westeurope,F128,interactive_rejection,809.24,30,0,Interactive jobs rejected; background still runs,True,"SYNTHETIC - generated, not a business source: throttling days derived from the per-capacity CU series of the Shared/Dedicated fleet; rejected operation counts invented in proportion to the overage"
THR00467,2025-10-19,westeurope-dc04-cap01,westeurope-dc04,westeurope,F128,interactive_rejection,741.16,28,0,Interactive jobs rejected; background still runs,True,"SYNTHETIC - generated, not a business source: throttling days derived from the per-capacity CU series of the Shared/Dedicated fleet; rejected operation counts invented in proportion to the overage"
THR00468,2025-10-20,westeurope-dc04-cap01,westeurope-dc04,westeurope,F128,interactive_rejection,478.81,26,0,Interactive jobs rejected; background still runs,True,"SYNTHETIC - generated, not a business source: throttling days derived from the per-capacity CU series of the Shared/Dedicated fleet; rejected operation counts invented in proportion to the overage"
THR00469,2025-10-21,westeurope-dc04-cap01,westeurope-dc04,westeurope,F128,interactive_rejection,826.23,25,0,Interactive jobs rejected; background still runs,True,"SYNTHETIC - generated, not a business source: throttling days derived from the per-capacity CU series of the Shared/Dedicated fleet; rejected operation counts invented in proportion to the overage"
THR00470,2025-10-22,westeurope-dc04-cap01,westeurope-dc04,westeurope,F128,interactive_rejection,658.84,22,0,Interactive jobs rejected; background still runs,True,"SYNTHETIC - generated, not a business source: throttling days derived from the per-capacity CU series of the Shared/Dedicated fleet; rejected operation counts invented in proportion to the overage"
THR00471,2025-10-23,westeurope-dc04-cap01,westeurope-dc04,westeurope,F128,interactive_rejection,611.68,24,0,Interactive jobs rejected; background still runs,True,"SYNTHETIC - generated, not a business source: throttling days derived from the per-capacity CU series of the Shared/Dedicated fleet; rejected operation counts invented in proportion to the overage"
THR00472,2025-10-24,westeurope-dc04-cap01,westeurope-dc04,westeurope,F128,interactive_rejection,736.99,26,0,Interactive jobs rejected; background still runs,True,"SYNTHETIC - generated, not a business source: throttling days derived from the per-capacity CU series of the Shared/Dedicated fleet; rejected operation counts invented in proportion to the overage"
THR00473,2025-10-25,westeurope-dc04-cap01,westeurope-dc04,westeurope,F128,interactive_rejection,410.47,27,0,Interactive jobs rejected; background still runs,True,"SYNTHETIC - generated, not a business source: throttling days derived from the per-capacity CU series of the Shared/Dedicated fleet; rejected operation counts invented in proportion to the overage"
THR00474,2025-10-26,westeurope-dc04-cap01,westeurope-dc04,westeurope,F128,interactive_rejection,344.22,19,0,Interactive jobs rejected; background still runs,True,"SYNTHETIC - generated, not a business source: throttling days derived from the per-capacity CU series of the Shared/Dedicated fleet; rejected operation counts invented in proportion to the overage"
THR00475,2025-10-27,westeurope-dc04-cap01,westeurope-dc04,westeurope,F128,interactive_rejection,788.67,20,0,Interactive jobs rejected; background still runs,True,"SYNTHETIC - generated, not a business source: throttling days derived from the per-capacity CU series of the Shared/Dedicated fleet; rejected operation counts invented in proportion to the overage"
THR00476,2025-10-28,westeurope-dc04-cap01,westeurope-dc04,westeurope,F128,interactive_rejection,354.37,22,0,Interactive jobs rejected; background still runs,True,"SYNTHETIC - generated, not a business source: throttling days derived from the per-capacity CU series of the Shared/Dedicated fleet; rejected operation counts invented in proportion to the overage"
THR00477,2025-10-29,westeurope-dc04-cap01,westeurope-dc04,westeurope,F128,interactive_rejection,597.54,26,0,Interactive jobs rejected; background still runs,True,"SYNTHETIC - generated, not a business source: throttling days derived from the per-capacity CU series of the Shared/Dedicated fleet; rejected operation counts invented in proportion to the overage"
THR00478,2025-10-30,westeurope-dc04-cap01,westeurope-dc04,westeurope,F128,interactive_rejection,889.12,25,0,Interactive jobs rejected; background still runs,True,"SYNTHETIC - generated, not a business source: throttling days derived from the per-capacity CU series of the Shared/Dedicated fleet; rejected operation counts invented in proportion to the overage"
THR00479,2025-10-31,westeurope-dc04-cap01,westeurope-dc04,westeurope,F128,interactive_rejection,566.9,32,0,Interactive jobs rejected; background still runs,True,"SYNTHETIC - generated, not a business source: throttling days derived from the per-capacity CU series of the Shared/Dedicated fleet; rejected operation counts invented in proportion to the overage"
THR00480,2025-11-01,westeurope-dc04-cap01,westeurope-dc04,westeurope,F128,interactive_rejection,216.64,23,0,Interactive jobs rejected; background still runs,True,"SYNTHETIC - generated, not a business source: throttling days derived from the per-capacity CU series of the Shared/Dedicated fleet; rejected operation counts invented in proportion to the overage"
THR00481,2025-11-02,westeurope-dc04-cap01,westeurope-dc04,westeurope,F128,interactive_rejection,479.29,17,0,Interactive jobs rejected; background still runs,True,"SYNTHETIC - generated, not a business source: throttling days derived from the per-capacity CU series of the Shared/Dedicated fleet; rejected operation counts invented in proportion to the overage"
THR00482,2025-11-03,westeurope-dc04-cap01,westeurope-dc04,westeurope,F128,interactive_rejection,437.4,19,0,Interactive jobs rejected; background still runs,True,"SYNTHETIC - generated, not a business source: throttling days derived from the per-capacity CU series of the Shared/Dedicated fleet; rejected operation counts invented in proportion to the overage"
THR00483,2025-11-04,westeurope-dc04-cap01,westeurope-dc04,westeurope,F128,interactive_rejection,329.49,30,0,Interactive jobs rejected; background still runs,True,"SYNTHETIC - generated, not a business source: throttling days derived from the per-capacity CU series of the Shared/Dedicated fleet; rejected operation counts invented in proportion to the overage"
THR00484,2025-11-05,westeurope-dc04-cap01,westeurope-dc04,westeurope,F128,interactive_rejection,646.75,25,0,Interactive jobs rejected; background still runs,True,"SYNTHETIC - generated, not a business source: throttling days derived from the per-capacity CU series of the Shared/Dedicated fleet; rejected operation counts invented in proportion to the overage"
THR00485,2025-11-06,westeurope-dc04-cap01,westeurope-dc04,westeurope,F128,interactive_rejection,568.82,28,0,Interactive jobs rejected; background still runs,True,"SYNTHETIC - generated, not a business source: throttling days derived from the per-capacity CU series of the Shared/Dedicated fleet; rejected operation counts invented in proportion to the overage"
THR00486,2025-11-07,westeurope-dc04-cap01,westeurope-dc04,westeurope,F128,interactive_rejection,409.6,32,0,Interactive jobs rejected; background still runs,True,"SYNTHETIC - generated, not a business source: throttling days derived from the per-capacity CU series of the Shared/Dedicated fleet; rejected operation counts invented in proportion to the overage"
THR00487,2025-11-08,westeurope-dc04-cap01,westeurope-dc04,westeurope,F128,interactive_rejection,667.96,33,0,Interactive jobs rejected; background still runs,True,"SYNTHETIC - generated, not a business source: throttling days derived from the per-capacity CU series of the Shared/Dedicated fleet; rejected operation counts invented in proportion to the overage"
THR00488,2025-11-09,westeurope-dc04-cap01,westeurope-dc04,westeurope,F128,interactive_rejection,321.39,34,0,Interactive jobs rejected; background still runs,True,"SYNTHETIC - generated, not a business source: throttling days derived from the per-capacity CU series of the Shared/Dedicated fleet; rejected operation counts invented in proportion to the overage"
THR00489,2025-11-10,westeurope-dc04-cap01,westeurope-dc04,westeurope,F128,interactive_rejection,850.75,29,0,Interactive jobs rejected; background still runs,True,"SYNTHETIC - generated, not a business source: throttling days derived from the per-capacity CU series of the Shared/Dedicated fleet; rejected operation counts invented in proportion to the overage"
THR00490,2025-11-11,westeurope-dc04-cap01,westeurope-dc04,westeurope,F128,interactive_rejection,530.21,30,0,Interactive jobs rejected; background still runs,True,"SYNTHETIC - generated, not a business source: throttling days derived from the per-capacity CU series of the Shared/Dedicated fleet; rejected operation counts invented in proportion to the overage"
THR00491,2025-11-12,westeurope-dc04-cap01,westeurope-dc04,westeurope,F128,background_rejection,1512.8,88,24,"All requests rejected, interactive and background",True,"SYNTHETIC - generated, not a business source: throttling days derived from the per-capacity CU series of the Shared/Dedicated fleet; rejected operation counts invented in proportion to the overage"
THR00492,2025-11-13,westeurope-dc04-cap01,westeurope-dc04,westeurope,F128,interactive_rejection,1120.79,36,0,Interactive jobs rejected; background still runs,True,"SYNTHETIC - generated, not a business source: throttling days derived from the per-capacity CU series of the Shared/Dedicated fleet; rejected operation counts invented in proportion to the overage"
THR00493,2025-11-14,westeurope-dc04-cap01,westeurope-dc04,westeurope,F128,interactive_rejection,911.85,27,0,Interactive jobs rejected; background still runs,True,"SYNTHETIC - generated, not a business source: throttling days derived from the per-capacity CU series of the Shared/Dedicated fleet; rejected operation counts invented in proportion to the overage"
THR00494,2025-11-15,westeurope-dc04-cap01,westeurope-dc04,westeurope,F128,interactive_rejection,670.7,25,0,Interactive jobs rejected; background still runs,True,"SYNTHETIC - generated, not a business source: throttling days derived from the per-capacity CU series of the Shared/Dedicated fleet; rejected operation counts invented in proportion to the overage"
THR00495,2025-11-16,westeurope-dc04-cap01,westeurope-dc04,westeurope,F128,interactive_rejection,552.9,30,0,Interactive jobs rejected; background still runs,True,"SYNTHETIC - generated, not a business source: throttling days derived from the per-capacity CU series of the Shared/Dedicated fleet; rejected operation counts invented in proportion to the overage"
THR00496,2025-11-17,westeurope-dc04-cap01,westeurope-dc04,westeurope,F128,interactive_rejection,552.94,20,0,Interactive jobs rejected; background still runs,True,"SYNTHETIC - generated, not a business source: throttling days derived from the per-capacity CU series of the Shared/Dedicated fleet; rejected operation counts invented in proportion to the overage"
THR00497,2025-11-18,westeurope-dc04-cap01,westeurope-dc04,westeurope,F128,interactive_rejection,912.58,27,0,Interactive jobs rejected; background still runs,True,"SYNTHETIC - generated, not a business source: throttling days derived from the per-capacity CU series of the Shared/Dedicated fleet; rejected operation counts invented in proportion to the overage"
THR00498,2025-11-19,westeurope-dc04-cap01,westeurope-dc04,westeurope,F128,interactive_rejection,881.22,26,0,Interactive jobs rejected; background still runs,True,"SYNTHETIC - generated, not a business source: throttling days derived from the per-capacity CU series of the Shared/Dedicated fleet; rejected operation counts invented in proportion to the overage"
THR00499,2025-11-20,westeurope-dc04-cap01,westeurope-dc04,westeurope,F128,interactive_rejection,720.63,18,0,Interactive jobs rejected; background still runs,True,"SYNTHETIC - generated, not a business source: throttling days derived from the per-capacity CU series of the Shared/Dedicated fleet; rejected operation counts invented in proportion to the overage"
THR00500,2025-11-21,westeurope-dc04-cap01,westeurope-dc04,westeurope,F128,interactive_rejection,874.0,23,0,Interactive jobs rejected; background still runs,True,"SYNTHETIC - generated, not a business source: throttling days derived from the per-capacity CU series of the Shared/Dedicated fleet; rejected operation counts invented in proportion to the overage"
THR00501,2025-11-22,westeurope-dc04-cap01,westeurope-dc04,westeurope,F128,interactive_rejection,872.34,26,0,Interactive jobs rejected; background still runs,True,"SYNTHETIC - generated, not a business source: throttling days derived from the per-capacity CU series of the Shared/Dedicated fleet; rejected operation counts invented in proportion to the overage"
THR00502,2025-11-23,westeurope-dc04-cap01,westeurope-dc04,westeurope,F128,interactive_rejection,842.43,26,0,Interactive jobs rejected; background still runs,True,"SYNTHETIC - generated, not a business source: throttling days derived from the per-capacity CU series of the Shared/Dedicated fleet; rejected operation counts invented in proportion to the overage"
THR00503,2025-11-24,westeurope-dc04-cap01,westeurope-dc04,westeurope,F128,interactive_rejection,1013.96,24,0,Interactive jobs rejected; background still runs,True,"SYNTHETIC - generated, not a business source: throttling days derived from the per-capacity CU series of the Shared/Dedicated fleet; rejected operation counts invented in proportion to the overage"
THR00504,2025-11-25,westeurope-dc04-cap01,westeurope-dc04,westeurope,F128,interactive_rejection,1014.06,37,0,Interactive jobs rejected; background still runs,True,"SYNTHETIC - generated, not a business source: throttling days derived from the per-capacity CU series of the Shared/Dedicated fleet; rejected operation counts invented in proportion to the overage"
THR00505,2025-11-26,westeurope-dc04-cap01,westeurope-dc04,westeurope,F128,interactive_rejection,1075.78,31,0,Interactive jobs rejected; background still runs,True,"SYNTHETIC - generated, not a business source: throttling days derived from the per-capacity CU series of the Shared/Dedicated fleet; rejected operation counts invented in proportion to the overage"
THR00506,2025-11-27,westeurope-dc04-cap01,westeurope-dc04,westeurope,F128,interactive_rejection,897.68,37,0,Interactive jobs rejected; background still runs,True,"SYNTHETIC - generated, not a business source: throttling days derived from the per-capacity CU series of the Shared/Dedicated fleet; rejected operation counts invented in proportion to the overage"
THR00507,2025-11-28,westeurope-dc04-cap01,westeurope-dc04,westeurope,F128,interactive_rejection,904.89,27,0,Interactive jobs rejected; background still runs,True,"SYNTHETIC - generated, not a business source: throttling days derived from the per-capacity CU series of the Shared/Dedicated fleet; rejected operation counts invented in proportion to the overage"
THR00508,2025-11-29,westeurope-dc04-cap01,westeurope-dc04,westeurope,F128,interactive_rejection,951.84,34,0,Interactive jobs rejected; background still runs,True,"SYNTHETIC - generated, not a business source: throttling days derived from the per-capacity CU series of the Shared/Dedicated fleet; rejected operation counts invented in proportion to the overage"
THR00509,2025-11-30,westeurope-dc04-cap01,westeurope-dc04,westeurope,F128,interactive_rejection,788.23,31,0,Interactive jobs rejected; background still runs,True,"SYNTHETIC - generated, not a business source: throttling days derived from the per-capacity CU series of the Shared/Dedicated fleet; rejected operation counts invented in proportion to the overage"
THR00510,2025-12-01,westeurope-dc04-cap01,westeurope-dc04,westeurope,F128,interactive_rejection,922.28,30,0,Interactive jobs rejected; background still runs,True,"SYNTHETIC - generated, not a business source: throttling days derived from the per-capacity CU series of the Shared/Dedicated fleet; rejected operation counts invented in proportion to the overage"
THR00511,2025-12-02,westeurope-dc04-cap01,westeurope-dc04,westeurope,F128,interactive_rejection,924.07,32,0,Interactive jobs rejected; background still runs,True,"SYNTHETIC - generated, not a business source: throttling days derived from the per-capacity CU series of the Shared/Dedicated fleet; rejected operation counts invented in proportion to the overage"
THR00512,2025-12-03,westeurope-dc04-cap01,westeurope-dc04,westeurope,F128,interactive_rejection,1053.78,27,0,Interactive jobs rejected; background still runs,True,"SYNTHETIC - generated, not a business source: throttling days derived from the per-capacity CU series of the Shared/Dedicated fleet; rejected operation counts invented in proportion to the overage"
THR00513,2025-12-04,westeurope-dc04-cap01,westeurope-dc04,westeurope,F128,interactive_rejection,1182.98,31,0,Interactive jobs rejected; background still runs,True,"SYNTHETIC - generated, not a business source: throttling days derived from the per-capacity CU series of the Shared/Dedicated fleet; rejected operation counts invented in proportion to the overage"
THR00514,2025-12-05,westeurope-dc04-cap01,westeurope-dc04,westeurope,F128,interactive_rejection,637.24,23,0,Interactive jobs rejected; background still runs,True,"SYNTHETIC - generated, not a business source: throttling days derived from the per-capacity CU series of the Shared/Dedicated fleet; rejected operation counts invented in proportion to the overage"
THR00515,2025-12-06,westeurope-dc03-cap03,westeurope-dc03,westeurope,F32,interactive_delay,33.35,0,0,Interactive jobs delayed 20 seconds at submission,True,"SYNTHETIC - generated, not a business source: throttling days derived from the per-capacity CU series of the Shared/Dedicated fleet; rejected operation counts invented in proportion to the overage"
THR00516,2025-12-06,westeurope-dc04-cap01,westeurope-dc04,westeurope,F128,interactive_rejection,945.63,31,0,Interactive jobs rejected; background still runs,True,"SYNTHETIC - generated, not a business source: throttling days derived from the per-capacity CU series of the Shared/Dedicated fleet; rejected operation counts invented in proportion to the overage"
THR00517,2025-12-07,westeurope-dc04-cap01,westeurope-dc04,westeurope,F128,interactive_rejection,857.86,25,0,Interactive jobs rejected; background still runs,True,"SYNTHETIC - generated, not a business source: throttling days derived from the per-capacity CU series of the Shared/Dedicated fleet; rejected operation counts invented in proportion to the overage"
THR00518,2025-12-08,westeurope-dc04-cap01,westeurope-dc04,westeurope,F128,interactive_rejection,972.22,31,0,Interactive jobs rejected; background still runs,True,"SYNTHETIC - generated, not a business source: throttling days derived from the per-capacity CU series of the Shared/Dedicated fleet; rejected operation counts invented in proportion to the overage"
THR00519,2025-12-09,westeurope-dc04-cap01,westeurope-dc04,westeurope,F128,background_rejection,1646.98,65,21,"All requests rejected, interactive and background",True,"SYNTHETIC - generated, not a business source: throttling days derived from the per-capacity CU series of the Shared/Dedicated fleet; rejected operation counts invented in proportion to the overage"
THR00520,2025-12-10,westeurope-dc04-cap01,westeurope-dc04,westeurope,F128,interactive_rejection,932.48,27,0,Interactive jobs rejected; background still runs,True,"SYNTHETIC - generated, not a business source: throttling days derived from the per-capacity CU series of the Shared/Dedicated fleet; rejected operation counts invented in proportion to the overage"
THR00521,2025-12-11,westeurope-dc04-cap01,westeurope-dc04,westeurope,F128,interactive_rejection,848.44,31,0,Interactive jobs rejected; background still runs,True,"SYNTHETIC - generated, not a business source: throttling days derived from the per-capacity CU series of the Shared/Dedicated fleet; rejected operation counts invented in proportion to the overage"
THR00522,2025-12-12,westeurope-dc04-cap01,westeurope-dc04,westeurope,F128,interactive_rejection,985.53,40,0,Interactive jobs rejected; background still runs,True,"SYNTHETIC - generated, not a business source: throttling days derived from the per-capacity CU series of the Shared/Dedicated fleet; rejected operation counts invented in proportion to the overage"
THR00523,2025-12-13,westeurope-dc04-cap01,westeurope-dc04,westeurope,F128,interactive_rejection,804.17,33,0,Interactive jobs rejected; background still runs,True,"SYNTHETIC - generated, not a business source: throttling days derived from the per-capacity CU series of the Shared/Dedicated fleet; rejected operation counts invented in proportion to the overage"
THR00524,2025-12-14,westeurope-dc04-cap01,westeurope-dc04,westeurope,F128,interactive_rejection,790.24,31,0,Interactive jobs rejected; background still runs,True,"SYNTHETIC - generated, not a business source: throttling days derived from the per-capacity CU series of the Shared/Dedicated fleet; rejected operation counts invented in proportion to the overage"
THR00525,2025-12-15,westeurope-dc04-cap01,westeurope-dc04,westeurope,F128,interactive_rejection,1080.99,31,0,Interactive jobs rejected; background still runs,True,"SYNTHETIC - generated, not a business source: throttling days derived from the per-capacity CU series of the Shared/Dedicated fleet; rejected operation counts invented in proportion to the overage"
THR00526,2025-12-16,westeurope-dc04-cap01,westeurope-dc04,westeurope,F128,interactive_rejection,1219.64,32,0,Interactive jobs rejected; background still runs,True,"SYNTHETIC - generated, not a business source: throttling days derived from the per-capacity CU series of the Shared/Dedicated fleet; rejected operation counts invented in proportion to the overage"
THR00527,2025-12-17,westeurope-dc04-cap01,westeurope-dc04,westeurope,F128,interactive_rejection,790.14,33,0,Interactive jobs rejected; background still runs,True,"SYNTHETIC - generated, not a business source: throttling days derived from the per-capacity CU series of the Shared/Dedicated fleet; rejected operation counts invented in proportion to the overage"
THR00528,2025-12-18,westeurope-dc04-cap01,westeurope-dc04,westeurope,F128,interactive_rejection,1059.71,22,0,Interactive jobs rejected; background still runs,True,"SYNTHETIC - generated, not a business source: throttling days derived from the per-capacity CU series of the Shared/Dedicated fleet; rejected operation counts invented in proportion to the overage"
THR00529,2025-12-19,westeurope-dc04-cap01,westeurope-dc04,westeurope,F128,interactive_rejection,1051.56,21,0,Interactive jobs rejected; background still runs,True,"SYNTHETIC - generated, not a business source: throttling days derived from the per-capacity CU series of the Shared/Dedicated fleet; rejected operation counts invented in proportion to the overage"
THR00530,2025-12-19,westeurope-dc10-cap01,westeurope-dc10,westeurope,F128,interactive_rejection,89.48,14,0,Interactive jobs rejected; background still runs,True,"SYNTHETIC - generated, not a business source: throttling days derived from the per-capacity CU series of the Shared/Dedicated fleet; rejected operation counts invented in proportion to the overage"
THR00531,2025-12-20,westeurope-dc04-cap01,westeurope-dc04,westeurope,F128,interactive_rejection,1043.99,41,0,Interactive jobs rejected; background still runs,True,"SYNTHETIC - generated, not a business source: throttling days derived from the per-capacity CU series of the Shared/Dedicated fleet; rejected operation counts invented in proportion to the overage"
THR00532,2025-12-21,westeurope-dc04-cap01,westeurope-dc04,westeurope,F128,interactive_rejection,1023.08,27,0,Interactive jobs rejected; background still runs,True,"SYNTHETIC - generated, not a business source: throttling days derived from the per-capacity CU series of the Shared/Dedicated fleet; rejected operation counts invented in proportion to the overage"
THR00533,2025-12-22,westeurope-dc04-cap01,westeurope-dc04,westeurope,F128,interactive_rejection,841.18,30,0,Interactive jobs rejected; background still runs,True,"SYNTHETIC - generated, not a business source: throttling days derived from the per-capacity CU series of the Shared/Dedicated fleet; rejected operation counts invented in proportion to the overage"
THR00534,2025-12-23,westeurope-dc04-cap01,westeurope-dc04,westeurope,F128,interactive_rejection,838.92,28,0,Interactive jobs rejected; background still runs,True,"SYNTHETIC - generated, not a business source: throttling days derived from the per-capacity CU series of the Shared/Dedicated fleet; rejected operation counts invented in proportion to the overage"
THR00535,2025-12-24,westeurope-dc04-cap01,westeurope-dc04,westeurope,F128,interactive_rejection,1216.5,20,0,Interactive jobs rejected; background still runs,True,"SYNTHETIC - generated, not a business source: throttling days derived from the per-capacity CU series of the Shared/Dedicated fleet; rejected operation counts invented in proportion to the overage"
THR00536,2025-12-25,westeurope-dc04-cap01,westeurope-dc04,westeurope,F128,interactive_rejection,433.89,38,0,Interactive jobs rejected; background still runs,True,"SYNTHETIC - generated, not a business source: throttling days derived from the per-capacity CU series of the Shared/Dedicated fleet; rejected operation counts invented in proportion to the overage"
THR00537,2025-12-26,westeurope-dc04-cap01,westeurope-dc04,westeurope,F128,interactive_rejection,643.29,37,0,Interactive jobs rejected; background still runs,True,"SYNTHETIC - generated, not a business source: throttling days derived from the per-capacity CU series of the Shared/Dedicated fleet; rejected operation counts invented in proportion to the overage"
THR00538,2025-12-27,westeurope-dc01-cap01,westeurope-dc01,westeurope,F128,interactive_rejection,112.25,10,0,Interactive jobs rejected; background still runs,True,"SYNTHETIC - generated, not a business source: throttling days derived from the per-capacity CU series of the Shared/Dedicated fleet; rejected operation counts invented in proportion to the overage"
THR00539,2025-12-27,westeurope-dc04-cap01,westeurope-dc04,westeurope,F128,interactive_rejection,827.1,26,0,Interactive jobs rejected; background still runs,True,"SYNTHETIC - generated, not a business source: throttling days derived from the per-capacity CU series of the Shared/Dedicated fleet; rejected operation counts invented in proportion to the overage"
THR00540,2025-12-28,westeurope-dc04-cap01,westeurope-dc04,westeurope,F128,interactive_rejection,875.09,29,0,Interactive jobs rejected; background still runs,True,"SYNTHETIC - generated, not a business source: throttling days derived from the per-capacity CU series of the Shared/Dedicated fleet; rejected operation counts invented in proportion to the overage"
THR00541,2025-12-29,westeurope-dc04-cap01,westeurope-dc04,westeurope,F128,interactive_rejection,1234.68,18,0,Interactive jobs rejected; background still runs,True,"SYNTHETIC - generated, not a business source: throttling days derived from the per-capacity CU series of the Shared/Dedicated fleet; rejected operation counts invented in proportion to the overage"
THR00542,2025-12-30,westeurope-dc03-cap04,westeurope-dc03,westeurope,F2,interactive_delay,13.09,0,0,Interactive jobs delayed 20 seconds at submission,True,"SYNTHETIC - generated, not a business source: throttling days derived from the per-capacity CU series of the Shared/Dedicated fleet; rejected operation counts invented in proportion to the overage"
THR00543,2025-12-30,westeurope-dc04-cap01,westeurope-dc04,westeurope,F128,interactive_rejection,1015.65,22,0,Interactive jobs rejected; background still runs,True,"SYNTHETIC - generated, not a business source: throttling days derived from the per-capacity CU series of the Shared/Dedicated fleet; rejected operation counts invented in proportion to the overage"
THR00544,2025-12-30,westeurope-dc05-cap03,westeurope-dc05,westeurope,F16,interactive_rejection,81.72,3,0,Interactive jobs rejected; background still runs,True,"SYNTHETIC - generated, not a business source: throttling days derived from the per-capacity CU series of the Shared/Dedicated fleet; rejected operation counts invented in proportion to the overage"
THR00545,2025-12-30,westeurope-dc10-cap01,westeurope-dc10,westeurope,F128,interactive_delay,19.41,0,0,Interactive jobs delayed 20 seconds at submission,True,"SYNTHETIC - generated, not a business source: throttling days derived from the per-capacity CU series of the Shared/Dedicated fleet; rejected operation counts invented in proportion to the overage"
THR00546,2025-12-31,westeurope-dc04-cap01,westeurope-dc04,westeurope,F128,background_rejection,1582.24,75,19,"All requests rejected, interactive and background",True,"SYNTHETIC - generated, not a business source: throttling days derived from the per-capacity CU series of the Shared/Dedicated fleet; rejected operation counts invented in proportion to the overage"
THR00547,2026-01-01,westeurope-dc04-cap01,westeurope-dc04,westeurope,F128,interactive_rejection,1047.82,27,0,Interactive jobs rejected; background still runs,True,"SYNTHETIC - generated, not a business source: throttling days derived from the per-capacity CU series of the Shared/Dedicated fleet; rejected operation counts invented in proportion to the overage"
THR00548,2026-01-02,westeurope-dc03-cap04,westeurope-dc03,westeurope,F2,interactive_delay,51.26,0,0,Interactive jobs delayed 20 seconds at submission,True,"SYNTHETIC - generated, not a business source: throttling days derived from the per-capacity CU series of the Shared/Dedicated fleet; rejected operation counts invented in proportion to the overage"
THR00549,2026-01-02,westeurope-dc04-cap01,westeurope-dc04,westeurope,F128,interactive_rejection,1021.46,33,0,Interactive jobs rejected; background still runs,True,"SYNTHETIC - generated, not a business source: throttling days derived from the per-capacity CU series of the Shared/Dedicated fleet; rejected operation counts invented in proportion to the overage"
THR00550,2026-01-03,westeurope-dc04-cap01,westeurope-dc04,westeurope,F128,interactive_rejection,1168.64,26,0,Interactive jobs rejected; background still runs,True,"SYNTHETIC - generated, not a business source: throttling days derived from the per-capacity CU series of the Shared/Dedicated fleet; rejected operation counts invented in proportion to the overage"
THR00551,2026-01-04,westeurope-dc04-cap01,westeurope-dc04,westeurope,F128,interactive_rejection,1063.73,31,0,Interactive jobs rejected; background still runs,True,"SYNTHETIC - generated, not a business source: throttling days derived from the per-capacity CU series of the Shared/Dedicated fleet; rejected operation counts invented in proportion to the overage"
THR00552,2026-01-05,westeurope-dc04-cap01,westeurope-dc04,westeurope,F128,interactive_rejection,1366.13,28,0,Interactive jobs rejected; background still runs,True,"SYNTHETIC - generated, not a business source: throttling days derived from the per-capacity CU series of the Shared/Dedicated fleet; rejected operation counts invented in proportion to the overage"
THR00553,2026-01-06,westeurope-dc04-cap01,westeurope-dc04,westeurope,F128,interactive_rejection,749.65,30,0,Interactive jobs rejected; background still runs,True,"SYNTHETIC - generated, not a business source: throttling days derived from the per-capacity CU series of the Shared/Dedicated fleet; rejected operation counts invented in proportion to the overage"
THR00554,2026-01-07,westeurope-dc03-cap04,westeurope-dc03,westeurope,F2,interactive_rejection,93.08,13,0,Interactive jobs rejected; background still runs,True,"SYNTHETIC - generated, not a business source: throttling days derived from the per-capacity CU series of the Shared/Dedicated fleet; rejected operation counts invented in proportion to the overage"
THR00555,2026-01-07,westeurope-dc04-cap01,westeurope-dc04,westeurope,F128,interactive_rejection,893.79,29,0,Interactive jobs rejected; background still runs,True,"SYNTHETIC - generated, not a business source: throttling days derived from the per-capacity CU series of the Shared/Dedicated fleet; rejected operation counts invented in proportion to the overage"
THR00556,2026-01-07,westeurope-dc05-cap03,westeurope-dc05,westeurope,F16,interactive_delay,39.63,0,0,Interactive jobs delayed 20 seconds at submission,True,"SYNTHETIC - generated, not a business source: throttling days derived from the per-capacity CU series of the Shared/Dedicated fleet; rejected operation counts invented in proportion to the overage"
THR00557,2026-01-07,westeurope-dc10-cap01,westeurope-dc10,westeurope,F128,interactive_delay,53.33,0,0,Interactive jobs delayed 20 seconds at submission,True,"SYNTHETIC - generated, not a business source: throttling days derived from the per-capacity CU series of the Shared/Dedicated fleet; rejected operation counts invented in proportion to the overage"
THR00558,2026-01-08,westeurope-dc04-cap01,westeurope-dc04,westeurope,F128,interactive_rejection,1366.59,20,0,Interactive jobs rejected; background still runs,True,"SYNTHETIC - generated, not a business source: throttling days derived from the per-capacity CU series of the Shared/Dedicated fleet; rejected operation counts invented in proportion to the overage"
THR00559,2026-01-08,westeurope-dc06-cap04,westeurope-dc06,westeurope,F32,interactive_delay,14.68,0,0,Interactive jobs delayed 20 seconds at submission,True,"SYNTHETIC - generated, not a business source: throttling days derived from the per-capacity CU series of the Shared/Dedicated fleet; rejected operation counts invented in proportion to the overage"
THR00560,2026-01-09,westeurope-dc03-cap04,westeurope-dc03,westeurope,F2,interactive_delay,29.46,0,0,Interactive jobs delayed 20 seconds at submission,True,"SYNTHETIC - generated, not a business source: throttling days derived from the per-capacity CU series of the Shared/Dedicated fleet; rejected operation counts invented in proportion to the overage"
THR00561,2026-01-09,westeurope-dc04-cap01,westeurope-dc04,westeurope,F128,interactive_rejection,1113.27,23,0,Interactive jobs rejected; background still runs,True,"SYNTHETIC - generated, not a business source: throttling days derived from the per-capacity CU series of the Shared/Dedicated fleet; rejected operation counts invented in proportion to the overage"
THR00562,2026-01-09,westeurope-dc06-cap02,westeurope-dc06,westeurope,F16,interactive_delay,30.7,0,0,Interactive jobs delayed 20 seconds at submission,True,"SYNTHETIC - generated, not a business source: throttling days derived from the per-capacity CU series of the Shared/Dedicated fleet; rejected operation counts invented in proportion to the overage"
THR00563,2026-01-09,westeurope-dc07-cap01,westeurope-dc07,westeurope,F4,interactive_rejection,79.12,8,0,Interactive jobs rejected; background still runs,True,"SYNTHETIC - generated, not a business source: throttling days derived from the per-capacity CU series of the Shared/Dedicated fleet; rejected operation counts invented in proportion to the overage"
THR00564,2026-01-10,westeurope-dc04-cap01,westeurope-dc04,westeurope,F128,interactive_rejection,1309.07,38,0,Interactive jobs rejected; background still runs,True,"SYNTHETIC - generated, not a business source: throttling days derived from the per-capacity CU series of the Shared/Dedicated fleet; rejected operation counts invented in proportion to the overage"
THR00565,2026-01-11,westeurope-dc04-cap01,westeurope-dc04,westeurope,F128,interactive_rejection,768.52,23,0,Interactive jobs rejected; background still runs,True,"SYNTHETIC - generated, not a business source: throttling days derived from the per-capacity CU series of the Shared/Dedicated fleet; rejected operation counts invented in proportion to the overage"
THR00566,2026-01-11,westeurope-dc07-cap01,westeurope-dc07,westeurope,F4,interactive_delay,25.32,0,0,Interactive jobs delayed 20 seconds at submission,True,"SYNTHETIC - generated, not a business source: throttling days derived from the per-capacity CU series of the Shared/Dedicated fleet; rejected operation counts invented in proportion to the overage"
THR00567,2026-01-12,westeurope-dc04-cap01,westeurope-dc04,westeurope,F128,interactive_rejection,1157.03,40,0,Interactive jobs rejected; background still runs,True,"SYNTHETIC - generated, not a business source: throttling days derived from the per-capacity CU series of the Shared/Dedicated fleet; rejected operation counts invented in proportion to the overage"
THR00568,2026-01-12,westeurope-dc06-cap02,westeurope-dc06,westeurope,F16,interactive_delay,53.17,0,0,Interactive jobs delayed 20 seconds at submission,True,"SYNTHETIC - generated, not a business source: throttling days derived from the per-capacity CU series of the Shared/Dedicated fleet; rejected operation counts invented in proportion to the overage"
THR00569,2026-01-12,westeurope-dc06-cap04,westeurope-dc06,westeurope,F32,interactive_delay,16.87,0,0,Interactive jobs delayed 20 seconds at submission,True,"SYNTHETIC - generated, not a business source: throttling days derived from the per-capacity CU series of the Shared/Dedicated fleet; rejected operation counts invented in proportion to the overage"
THR00570,2026-01-13,westeurope-dc04-cap01,westeurope-dc04,westeurope,F128,interactive_rejection,1099.27,31,0,Interactive jobs rejected; background still runs,True,"SYNTHETIC - generated, not a business source: throttling days derived from the per-capacity CU series of the Shared/Dedicated fleet; rejected operation counts invented in proportion to the overage"
THR00571,2026-01-14,westeurope-dc03-cap04,westeurope-dc03,westeurope,F2,interactive_delay,40.39,0,0,Interactive jobs delayed 20 seconds at submission,True,"SYNTHETIC - generated, not a business source: throttling days derived from the per-capacity CU series of the Shared/Dedicated fleet; rejected operation counts invented in proportion to the overage"
THR00572,2026-01-14,westeurope-dc04-cap01,westeurope-dc04,westeurope,F128,interactive_rejection,1085.22,24,0,Interactive jobs rejected; background still runs,True,"SYNTHETIC - generated, not a business source: throttling days derived from the per-capacity CU series of the Shared/Dedicated fleet; rejected operation counts invented in proportion to the overage"
THR00573,2026-01-14,westeurope-dc10-cap01,westeurope-dc10,westeurope,F128,interactive_delay,34.33,0,0,Interactive jobs delayed 20 seconds at submission,True,"SYNTHETIC - generated, not a business source: throttling days derived from the per-capacity CU series of the Shared/Dedicated fleet; rejected operation counts invented in proportion to the overage"
THR00574,2026-01-15,westeurope-dc03-cap01,westeurope-dc03,westeurope,F2,interactive_rejection,96.87,11,0,Interactive jobs rejected; background still runs,True,"SYNTHETIC - generated, not a business source: throttling days derived from the per-capacity CU series of the Shared/Dedicated fleet; rejected operation counts invented in proportion to the overage"
THR00575,2026-01-15,westeurope-dc04-cap01,westeurope-dc04,westeurope,F128,interactive_rejection,1338.98,35,0,Interactive jobs rejected; background still runs,True,"SYNTHETIC - generated, not a business source: throttling days derived from the per-capacity CU series of the Shared/Dedicated fleet; rejected operation counts invented in proportion to the overage"
THR00576,2026-01-15,westeurope-dc07-cap01,westeurope-dc07,westeurope,F4,interactive_delay,58.8,0,0,Interactive jobs delayed 20 seconds at submission,True,"SYNTHETIC - generated, not a business source: throttling days derived from the per-capacity CU series of the Shared/Dedicated fleet; rejected operation counts invented in proportion to the overage"
THR00577,2026-01-15,westeurope-dc10-cap01,westeurope-dc10,westeurope,F128,interactive_delay,41.31,0,0,Interactive jobs delayed 20 seconds at submission,True,"SYNTHETIC - generated, not a business source: throttling days derived from the per-capacity CU series of the Shared/Dedicated fleet; rejected operation counts invented in proportion to the overage"
THR00578,2026-01-16,westeurope-dc04-cap01,westeurope-dc04,westeurope,F128,background_rejection,1531.93,80,32,"All requests rejected, interactive and background",True,"SYNTHETIC - generated, not a business source: throttling days derived from the per-capacity CU series of the Shared/Dedicated fleet; rejected operation counts invented in proportion to the overage"
THR00579,2026-01-17,westeurope-dc04-cap01,westeurope-dc04,westeurope,F128,interactive_rejection,1163.2,35,0,Interactive jobs rejected; background still runs,True,"SYNTHETIC - generated, not a business source: throttling days derived from the per-capacity CU series of the Shared/Dedicated fleet; rejected operation counts invented in proportion to the overage"
THR00580,2026-01-17,westeurope-dc06-cap02,westeurope-dc06,westeurope,F16,interactive_rejection,96.04,10,0,Interactive jobs rejected; background still runs,True,"SYNTHETIC - generated, not a business source: throttling days derived from the per-capacity CU series of the Shared/Dedicated fleet; rejected operation counts invented in proportion to the overage"
THR00581,2026-01-18,westeurope-dc04-cap01,westeurope-dc04,westeurope,F128,interactive_rejection,864.44,34,0,Interactive jobs rejected; background still runs,True,"SYNTHETIC - generated, not a business source: throttling days derived from the per-capacity CU series of the Shared/Dedicated fleet; rejected operation counts invented in proportion to the overage"
THR00582,2026-01-19,westeurope-dc01-cap01,westeurope-dc01,westeurope,F128,interactive_delay,20.84,0,0,Interactive jobs delayed 20 seconds at submission,True,"SYNTHETIC - generated, not a business source: throttling days derived from the per-capacity CU series of the Shared/Dedicated fleet; rejected operation counts invented in proportion to the overage"
THR00583,2026-01-19,westeurope-dc04-cap01,westeurope-dc04,westeurope,F128,interactive_rejection,1433.25,38,0,Interactive jobs rejected; background still runs,True,"SYNTHETIC - generated, not a business source: throttling days derived from the per-capacity CU series of the Shared/Dedicated fleet; rejected operation counts invented in proportion to the overage"
THR00584,2026-01-19,westeurope-dc06-cap02,westeurope-dc06,westeurope,F16,interactive_delay,50.04,0,0,Interactive jobs delayed 20 seconds at submission,True,"SYNTHETIC - generated, not a business source: throttling days derived from the per-capacity CU series of the Shared/Dedicated fleet; rejected operation counts invented in proportion to the overage"
THR00585,2026-01-19,westeurope-dc07-cap01,westeurope-dc07,westeurope,F4,interactive_rejection,118.87,20,0,Interactive jobs rejected; background still runs,True,"SYNTHETIC - generated, not a business source: throttling days derived from the per-capacity CU series of the Shared/Dedicated fleet; rejected operation counts invented in proportion to the overage"
THR00586,2026-01-19,westeurope-dc09-cap02,westeurope-dc09,westeurope,F16,interactive_rejection,108.65,12,0,Interactive jobs rejected; background still runs,True,"SYNTHETIC - generated, not a business source: throttling days derived from the per-capacity CU series of the Shared/Dedicated fleet; rejected operation counts invented in proportion to the overage"
THR00587,2026-01-20,westeurope-dc04-cap01,westeurope-dc04,westeurope,F128,background_rejection,1553.8,70,26,"All requests rejected, interactive and background",True,"SYNTHETIC - generated, not a business source: throttling days derived from the per-capacity CU series of the Shared/Dedicated fleet; rejected operation counts invented in proportion to the overage"
THR00588,2026-01-21,westeurope-dc04-cap01,westeurope-dc04,westeurope,F128,background_rejection,1448.97,71,33,"All requests rejected, interactive and background",True,"SYNTHETIC - generated, not a business source: throttling days derived from the per-capacity CU series of the Shared/Dedicated fleet; rejected operation counts invented in proportion to the overage"
THR00589,2026-01-22,westeurope-dc01-cap01,westeurope-dc01,westeurope,F128,interactive_delay,57.06,0,0,Interactive jobs delayed 20 seconds at submission,True,"SYNTHETIC - generated, not a business source: throttling days derived from the per-capacity CU series of the Shared/Dedicated fleet; rejected operation counts invented in proportion to the overage"
THR00590,2026-01-22,westeurope-dc04-cap01,westeurope-dc04,westeurope,F128,interactive_rejection,1103.44,31,0,Interactive jobs rejected; background still runs,True,"SYNTHETIC - generated, not a business source: throttling days derived from the per-capacity CU series of the Shared/Dedicated fleet; rejected operation counts invented in proportion to the overage"
THR00591,2026-01-22,westeurope-dc06-cap02,westeurope-dc06,westeurope,F16,interactive_rejection,140.52,13,0,Interactive jobs rejected; background still runs,True,"SYNTHETIC - generated, not a business source: throttling days derived from the per-capacity CU series of the Shared/Dedicated fleet; rejected operation counts invented in proportion to the overage"
THR00592,2026-01-22,westeurope-dc09-cap02,westeurope-dc09,westeurope,F16,interactive_delay,51.87,0,0,Interactive jobs delayed 20 seconds at submission,True,"SYNTHETIC - generated, not a business source: throttling days derived from the per-capacity CU series of the Shared/Dedicated fleet; rejected operation counts invented in proportion to the overage"
THR00593,2026-01-23,westeurope-dc04-cap01,westeurope-dc04,westeurope,F128,interactive_rejection,1168.17,39,0,Interactive jobs rejected; background still runs,True,"SYNTHETIC - generated, not a business source: throttling days derived from the per-capacity CU series of the Shared/Dedicated fleet; rejected operation counts invented in proportion to the overage"
THR00594,2026-01-24,westeurope-dc04-cap01,westeurope-dc04,westeurope,F128,interactive_rejection,1162.68,28,0,Interactive jobs rejected; background still runs,True,"SYNTHETIC - generated, not a business source: throttling days derived from the per-capacity CU series of the Shared/Dedicated fleet; rejected operation counts invented in proportion to the overage"
THR00595,2026-01-24,westeurope-dc07-cap01,westeurope-dc07,westeurope,F4,interactive_delay,18.44,0,0,Interactive jobs delayed 20 seconds at submission,True,"SYNTHETIC - generated, not a business source: throttling days derived from the per-capacity CU series of the Shared/Dedicated fleet; rejected operation counts invented in proportion to the overage"
THR00596,2026-01-25,westeurope-dc04-cap01,westeurope-dc04,westeurope,F128,interactive_rejection,1333.33,20,0,Interactive jobs rejected; background still runs,True,"SYNTHETIC - generated, not a business source: throttling days derived from the per-capacity CU series of the Shared/Dedicated fleet; rejected operation counts invented in proportion to the overage"
THR00597,2026-01-26,westeurope-dc01-cap01,westeurope-dc01,westeurope,F128,interactive_delay,37.24,0,0,Interactive jobs delayed 20 seconds at submission,True,"SYNTHETIC - generated, not a business source: throttling days derived from the per-capacity CU series of the Shared/Dedicated fleet; rejected operation counts invented in proportion to the overage"
THR00598,2026-01-26,westeurope-dc04-cap01,westeurope-dc04,westeurope,F128,interactive_rejection,1306.11,45,0,Interactive jobs rejected; background still runs,True,"SYNTHETIC - generated, not a business source: throttling days derived from the per-capacity CU series of the Shared/Dedicated fleet; rejected operation counts invented in proportion to the overage"
THR00599,2026-01-27,westeurope-dc04-cap01,westeurope-dc04,westeurope,F128,interactive_rejection,1079.58,31,0,Interactive jobs rejected; background still runs,True,"SYNTHETIC - generated, not a business source: throttling days derived from the per-capacity CU series of the Shared/Dedicated fleet; rejected operation counts invented in proportion to the overage"
THR00600,2026-01-27,westeurope-dc05-cap03,westeurope-dc05,westeurope,F16,interactive_rejection,97.01,12,0,Interactive jobs rejected; background still runs,True,"SYNTHETIC - generated, not a business source: throttling days derived from the per-capacity CU series of the Shared/Dedicated fleet; rejected operation counts invented in proportion to the overage"
THR00601,2026-01-27,westeurope-dc06-cap02,westeurope-dc06,westeurope,F16,interactive_delay,33.0,0,0,Interactive jobs delayed 20 seconds at submission,True,"SYNTHETIC - generated, not a business source: throttling days derived from the per-capacity CU series of the Shared/Dedicated fleet; rejected operation counts invented in proportion to the overage"
THR00602,2026-01-28,westeurope-dc03-cap03,westeurope-dc03,westeurope,F32,interactive_rejection,64.72,6,0,Interactive jobs rejected; background still runs,True,"SYNTHETIC - generated, not a business source: throttling days derived from the per-capacity CU series of the Shared/Dedicated fleet; rejected operation counts invented in proportion to the overage"
THR00603,2026-01-28,westeurope-dc04-cap01,westeurope-dc04,westeurope,F128,interactive_rejection,1020.95,29,0,Interactive jobs rejected; background still runs,True,"SYNTHETIC - generated, not a business source: throttling days derived from the per-capacity CU series of the Shared/Dedicated fleet; rejected operation counts invented in proportion to the overage"
THR00604,2026-01-28,westeurope-dc07-cap01,westeurope-dc07,westeurope,F4,interactive_delay,29.48,0,0,Interactive jobs delayed 20 seconds at submission,True,"SYNTHETIC - generated, not a business source: throttling days derived from the per-capacity CU series of the Shared/Dedicated fleet; rejected operation counts invented in proportion to the overage"
THR00605,2026-01-09,westus2-dc07-cap01,westus2-dc07,westus2,F16,interactive_rejection,89.02,14,0,Interactive jobs rejected; background still runs,True,"SYNTHETIC - generated, not a business source: throttling days derived from the per-capacity CU series of the Shared/Dedicated fleet; rejected operation counts invented in proportion to the overage"
THR00606,2026-01-13,westus2-dc07-cap01,westus2-dc07,westus2,F16,interactive_delay,20.49,0,0,Interactive jobs delayed 20 seconds at submission,True,"SYNTHETIC - generated, not a business source: throttling days derived from the per-capacity CU series of the Shared/Dedicated fleet; rejected operation counts invented in proportion to the overage"
THR00607,2026-01-24,westus2-dc03-cap02,westus2-dc03,westus2,F16,interactive_rejection,126.63,13,0,Interactive jobs rejected; background still runs,True,"SYNTHETIC - generated, not a business source: throttling days derived from the per-capacity CU series of the Shared/Dedicated fleet; rejected operation counts invented in proportion to the overage"
